Firm,Implementation_Details,Source_Pages
www.luminatecapital.com,"16 Jun 2026 A New Chapter: Compliance & Risks is Now Adherent 3 Feb 2026 AbsenceSoft Names Chris Murphy Chief Executive Officer 18 Nov 2025 MSI Data Names Michael Gonzalez as New Chief Executive Officer 29 Oct 2025 Compliance & Risks Names Rahul Sachdev its New CEO 23 Oct 2025 Thought Industries Appoints Irana Wasti as CEO to Lead the Company's Next Chapter in AI-Powered Customer Learning and Experience 21 Oct 2025 Ease.io Appoints Adam Wegel as CEO to Lead Next Phase of AI-Powered Manufacturing Innovation 21 Jul 2025 FMX and Luminate Capital Partners Announce Strategic Growth Investment 2 Jun 2025 Axonify Names Melissa Burghardt as Chief Executive Officer 17 Sep 2024 AbsenceSoft Partners With Luminate Capital Partners 30 May 2024 Suralink Appoints New CEO as It Announces Reaching an Important Growth Milestone 12 Dec 2023 Gryphon Investors Portfolio Company Ncontracts Acquires Quantivate 7 Mar 2023 Luminate Capital Partners Makes Strategic Growth Investment in Ease, Inc. 1 Jun 2022 Suralink and Luminate Capital Partners Announce Strategic Growth Investment 3 Nov 2021 ServiceMax Completes Acquisition of LiquidFrameworks 28 Sep 2021 Conexiom Announces $130M Growth Investment From Warburg Pincus 15 Jul 2021 ServiceMax Acquires LiquidFrameworks to Advance Field Service Management Solutions In the Energy Sector 12 Jul 2021 Compliance & Risks and Luminate Capital Partners Announce Strategic Investment 29 Jun 2021 Luminate Capital Partners Announces Sale of AutoQuotes 1 Jun 2021 Luminate Capital Partners Closes $1 Billion Fund III 20 Apr 2021 Luminate Capital Partners Makes Strategic Investment in Axonify 27 Jan 2021 Luminate Capital Partners Announce Sale of AMTdirect 14 Dec 2020 Luminate Capital Partners Announces Sale of Comply365 17 Dec 2020 StarCompliance Announces Significant Growth Investment from Marlin Equity Partners 2 Sep 2020 TCV Makes Strategic Growth Investment in Global Spend Management Leader Oversight 28 Jul 2020 Conexiom Announces $40M Strategic Growth Investment From ICONIQ Capital 19 Nov 2019 Quantivate and Luminate Capital Partners Announce Strategic Growth Investment 11 Sep 2019 MSI Data and Luminate Capital Partners Announce Strategic Growth Investment 5 Sep 2019 Thought Industries and Luminate Capital Partners Announce Strategic Growth Investment 18 Mar 2019 Dealmaker of the Year: Hollie Haynes, Luminate Capital Partners 5 Dec 2018 Luminate Capital Partners Announces Completion of Oversubscribed Sophomore Fund With $425 Million of Capital Commitments 10 Jan 2019 LiquidFrameworks and Luminate Capital Partners Announce Transaction 3 Dec 2018 AutoQuotes and Luminate Capital Partners Announce Strategic Investment 25 Sep 2018 AMTdirect Announces the Acquisition of NETfacilities 20 Aug 2018 Financial Information Technologies Announces Strategic Investment from TA Associates 13 Mar 2018 Conexiom and Luminate Capital Partners Announce Strategic Growth Investment 8 Nov 2017 AMTdirect and Luminate Capital Announce Strategic Investment 27 Jul 2017 StarCompliance and Luminate Capital Announce Strategic Investment 17 Jul 2017 Luminate One of Ten Young and Thriving Firms to Watch 5 Jul 2017 Luminate Capital and Comply365 Announce Strategic Investment 14 Jun 2017 Luminate Capital Partners Announces Closing of Inaugural Fund with more than $265 Million of Capital Commitments 10 Jan 2017 Fintech and Luminate Capital Announce Strategic Investment 12 Jul 2016 Luminate Capital Partners Invests in Oversight Systems to Drive Global Growth Strategy 24 May 2016 TA Associates Announces Strategic Growth Investment in PDI 6 Mar 2016 Trailblazers: Ten women pioneering new paths in private equity 30 Nov 2015 Private Equity’s Women to Watch: Fifteen Female Influencers 17 Dec 2015 The Most Influential Women in Mid-Market M&A 15 Apr 2015 PDI Management and Luminate Capital Partners Acquire PDI | At Luminate, our focus is your potential. We are invigorated by realizing high-growth goals and scaling some of the most promising global SaaS companies. Our mission is to be a private equity firm that provides tactical, company-specific execution as your side-by-side partner. We make concentrated investments so that we can spend more time with each company. We also try to minimize the distraction of the transaction from running the business. Our view is that when it comes to getting a deal done, simple, fast and certain are best. | Andrew Baldwin is a Partner at Luminate Capital Partners and is based in San Francisco, CA. Prior to Luminate, Andrew focused on venture debt and venture equity investing at Western Technology Investment (WTI). Earlier in his career, he worked in private equity at BDT Capital Partners and in the Bank Debt Portfolio Group at Goldman, Sachs & Co. He graduated from Indiana University with an B.S. in Finance and received an M.B.A. from the Stanford University Graduate School of Business. | Andrew Baldwin is a Partner at Luminate Capital Partners and is based in San Francisco, CA. Prior to Luminate, Andrew focused on venture debt and venture equity investing at Western Technology Investment (WTI). Earlier in his career, he worked in private equity at BDT Capital Partners and in the Bank Debt Portfolio Group at Goldman, Sachs & Co. He graduated from Indiana University with an B.S. in Finance and received an M.B.A. from the Stanford University Graduate School of Business. | Lucy Li is a Partner at Luminate Capital Partners and is based in San Francisco, CA. Prior to Luminate, Lucy worked in finance and business planning at Meta (formerly Facebook Inc.). Her previous experience also includes private equity investing at Genstar Capital and investment banking at JPMorgan. She graduated from the Massachusetts Institute of Technology (MIT) with an B.S. in Management Science and received an M.B.A. and an M.A. in Education from Stanford University.",https://www.luminatecapital.com
www.flatheadequity.com,,https://www.flatheadequity.com
www.headhaulcapital.com,"Headhaul Headhaul is the highest revenue generating shipping lane from shipper to consignee. More about us | Headhaul is the highest revenue generating shipping lane from shipper to consignee. | About Us Headhaul Capital Partners is a middle-market private equity investment firm specializing in acquiring and building businesses in the Transportation, Logistics & Distribution industries. The Managing Partners have extensive private equity and operating experience with an average of 20 years of experience specifically in the Transportation, Logistics & Distribution industries. This longstanding history of specialization and particular capabilities in these industries offers senior executives a unique opportunity to partner with an investment team that works to create value through a proven combination of an in-depth understanding of niche-trends, experience in delivering operational efficiency, debt and equity capital markets knowledge and execution of strategic and acquisition driven growth initiatives. | The Managing Partners have extensive private equity and operating experience with an average of 20 years of experience specifically in the Transportation, Logistics & Distribution industries. This longstanding history of specialization and particular capabilities in these industries offers senior executives a unique opportunity to partner with an investment team that works to create value through a proven combination of an in-depth understanding of niche-trends, experience in delivering operational efficiency, debt and equity capital markets knowledge and execution of strategic and acquisition driven growth initiatives. | Headhaul Capital Partners is a middle-market private equity investment firm specializing in acquiring and building businesses in the Transportation, Logistics & Distribution industries.","https://www.headhaulcapital.com, https://www.headhaulcapital.com/about"
www.guidecp.com,"Guide Capital Partners is a private equity firm that focuses on lower middle market companies in the consumer, business services and industrial sectors. | Guide Capital Partners is a private equity firm that focuses on lower middle market companies in the consumer, business services and industrial sectors. | Guide Capital Partners is a private equity firm that focuses on lower middle market companies in the consumer, business services and industrial sectors.",https://www.guidecp.com
www.berkshirepartners.com,"Berkshire Partners Building enduring value through exceptional teams Berkshire Partners seeks to invest in high-potential companies and transform them into scale market leaders. Our multi-sector expertise, combined with the unique way we collaborate to uncover insights and make decisions, is our foundation to create lasting value. We dig in, listen carefully, and align with entrepreneurs and management teams to create opportunities together. We apply this approach across the firm – whether investing in private or public companies – aiming to help transform middle market businesses into enduring market leaders. oUR FIRM Your Berkshire PartnersMEET THE TEAM Berkshire Investment ApproachPrivate EquityPublic Equity Relationships are at the heart of everything we do. We anchor our work in a distinctive culture that prides itself on the integrity with which we treat one another and our partners. Our core principles create a valuable and lasting impact on the companies in which we invest – and the communities in which we live and work. WHo WE ARE MosaiOverviewThriveOverviewTriumphOverviewTriumvirateOverview United Flow TechnologiesOverviewRJW Logistics GroupOverviewElectric Power EngineersOverviewVital CareOverview 200 Clarendon Street35th FloorBoston, MA 02116617.227.0050 767 Fifth Avenue34th FloorNew York, NY 10153212.315.8220 | Berkshire Partners seeks to invest in high-potential companies and transform them into scale market leaders. Our multi-sector expertise, combined with the unique way we collaborate to uncover insights and make decisions, is our foundation to create lasting value. We dig in, listen carefully, and align with entrepreneurs and management teams to create opportunities together. We apply this approach across the firm – whether investing in private or public companies – aiming to help transform middle market businesses into enduring market leaders. | Relationships are at the heart of everything we do. We anchor our work in a distinctive culture that prides itself on the integrity with which we treat one another and our partners. Our core principles create a valuable and lasting impact on the companies in which we invest – and the communities in which we live and work. | We use cookies to enhance site navigation, analyze site usage, and assist in our marketing efforts. Please see the Berkshire Partners Privacy Notice for more detailed information on our use of cookies. By continuing to browse this site or clicking “Accept All Cookies,” you are agreeing to our use of cookies. Adjust your consent in the settings. | We use cookies to enhance site navigation, analyze site usage, and assist in our marketing efforts. Please see the Berkshire Partners Privacy Notice for more detailed information on our use of cookies. By continuing to browse this site or clicking “Accept All Cookies,” you are agreeing to our use of cookies. Adjust your consent in the settings. | Private EquitySector Focus Berkshire Partners Private Equity is a multi-sector investor with dedicated teams that focus on four industry sectors: ServicesHealthcareIndustrialsTechnologyServicesOur Services team looks to invest in high-quality businesses with differentiated offerings, strong customer appeal, and attractive growth opportunities. Our most successful partnerships have been with management teams who are committed to values, to culture, and to long-term sustainable growth. We seek to invest in innovative companies that leverage a combination of product design, technology, data & analytics, and channel strategy to serve their customers exceptionally well. We focus on businesses with effective leadership teams, strong reputations, unique market positions, recurring and durable demand, market tailwinds and growth opportunities with scale benefits. Our priority sectors include: commercial and residential services, distribution, financial services & wealth management, and multi-unit retail services.Gideon ArgovAdvisory DirectorMike AscioneCo-Managing PartnerDave BordeauManaging DirectorCandice CorvettiManaging DirectorMilo DeePrincipalMichael GrebeAdvisory DirectorLarry HamelskyManaging DirectorAl KellyAdvisory DirectorJosh LutzkerManaging DirectorMike MilesAdvisory DirectorSpencer MurrayPrincipalGreg PappasManaging Director, Portfolio SupportMarni PayneManaging DirectorMax SilbermanVice PresidentAmy SuAdvisory DirectorSarah Weil MonkPrincipalMichael WellerVice PresidentView All Services InvestmentsHealthcareOur Healthcare team has deep expertise investing in services businesses across the provider, payer, and pharmaceutical end-markets. Our goal is to help scale growing healthcare companies into enduring enterprises that make a difference by delivering meaningful value to key constituencies in the ecosystem and that ultimately improve the quality of patient care, lower system costs, expand access, and/or leverage advanced data and analytics. We are long-term healthcare investors committed to supporting our management team partners. We recognize the need to invest in the infrastructure to support long-term growth objectives, and we leverage our deep network of healthcare executives along with in-house industry/functional experts to support key initiatives. We have decades of experience helping entrepreneurs and management teams accelerate growth, expand into new markets, introduce new products, execute on accretive M&A, and scale profitably.Holly BreuerVice PresidentJoe DelaneyAdvisory DirectorChris HadleyCo-Managing PartnerBryan JacksonPrincipalWhitney KellyManaging DirectorBen LevyManaging DirectorSam SpirnManaging DirectorView All Healthcare InvestmentsIndustrialsOur Industrials team focuses on investing in high quality, growth-oriented companies benefiting from enduring tailwinds with an ability to grow through market cycles. These companies should have the potential to outgrow their end-markets, including by leveraging innovative technologies and favorable market positions. We seek businesses that operate in attractively structured industries and that exhibit sustainable differentiation, compelling economic models, recurring demand profiles and limited cyclicality. Our team focuses on a variety of subsectors including aerospace and defense, engineered products and systems, industrial services, and industrial technology and automation. Across subsectors we pursue investments that benefit from lasting tailwinds, such as energy transition, growing power needs, demand for electrification, factory and warehouse automation, material substitution, environmental management, and an increasing focus on safety and compliance.Gideon ArgovAdvisory DirectorMike AscioneCo-Managing PartnerBrian BrickhouseAdvisory DirectorKevin CallaghanSenior AdvisorBlake GottesmanManaging DirectorMichael GrebeAdvisory DirectorLarry HamelskyManaging DirectorLadd HamrickPrincipalJake KaminerVice PresidentLarry KingsleyAdvisory DirectorPeter LoibnerPrincipalToni MerryweatherVice PresidentTed RainaudManaging DirectorAmy SuAdvisory DirectorView All Industrials InvestmentsTechnologyOur Technology team has a multidecade track record of partnering with stellar management teams who lead growing businesses in the software, tech-enabled services, and communications sectors. Themes which underpin our investment activity include the rise of generative AI, continued software adoption trends in underpenetrated sectors, the ongoing shift to cloud and SaaS, increasing technology ecosystem complexity, and growing demand for data centers and data transport capacity. Our areas of focus include vertical software, horizontal and infrastructure software, data & analytics, IT services, data centers, and broadband. Our past investments have spanned majority acquisitions, growth equity, and joint ventures, and we have a long history of supporting entrepreneurs and management teams to accelerate growth while scaling profitably.Kelly BojicVice PresidentLiam BolsterVice PresidentMarcus DodykPrincipalLarry HamelskyManaging DirectorKristin JohnsenAdvisory DirectorJon KarpVice PresidentNickie MeiselVice PresidentRick MichauxAdvisory DirectorJohn NelsonPrincipalJon NugerManaging DirectorKatie RaganPrincipalDrew WalkerManaging DirectorEJ WhelanManaging DirectorView All Technology Investments | Our Healthcare team has deep expertise investing in services businesses across the provider, payer, and pharmaceutical end-markets. Our goal is to help scale growing healthcare companies into enduring enterprises that make a difference by delivering meaningful value to key constituencies in the ecosystem and that ultimately improve the quality of patient care, lower system costs, expand access, and/or leverage advanced data and analytics. We are long-term healthcare investors committed to supporting our management team partners. We recognize the need to invest in the infrastructure to support long-term growth objectives, and we leverage our deep network of healthcare executives along with in-house industry/functional experts to support key initiatives. We have decades of experience helping entrepreneurs and management teams accelerate growth, expand into new markets, introduce new products, execute on accretive M&A, and scale profitably. | Our Healthcare team has deep expertise investing in services businesses across the provider, payer, and pharmaceutical end-markets. Our goal is to help scale growing healthcare companies into enduring enterprises that make a difference by delivering meaningful value to key constituencies in the ecosystem and that ultimately improve the quality of patient care, lower system costs, expand access, and/or leverage advanced data and analytics. We are long-term healthcare investors committed to supporting our management team partners. We recognize the need to invest in the infrastructure to support long-term growth objectives, and we leverage our deep network of healthcare executives along with in-house industry/functional experts to support key initiatives. We have decades of experience helping entrepreneurs and management teams accelerate growth, expand into new markets, introduce new products, execute on accretive M&A, and scale profitably. | Our Technology team has a multidecade track record of partnering with stellar management teams who lead growing businesses in the software, tech-enabled services, and communications sectors. Themes which underpin our investment activity include the rise of generative AI, continued software adoption trends in underpenetrated sectors, the ongoing shift to cloud and SaaS, increasing technology ecosystem complexity, and growing demand for data centers and data transport capacity. Our areas of focus include vertical software, horizontal and infrastructure software, data & analytics, IT services, data centers, and broadband. Our past investments have spanned majority acquisitions, growth equity, and joint ventures, and we have a long history of supporting entrepreneurs and management teams to accelerate growth while scaling profitably. | Our Technology team has a multidecade track record of partnering with stellar management teams who lead growing businesses in the software, tech-enabled services, and communications sectors. Themes which underpin our investment activity include the rise of generative AI, continued software adoption trends in underpenetrated sectors, the ongoing shift to cloud and SaaS, increasing technology ecosystem complexity, and growing demand for data centers and data transport capacity. Our areas of focus include vertical software, horizontal and infrastructure software, data & analytics, IT services, data centers, and broadband. Our past investments have spanned majority acquisitions, growth equity, and joint ventures, and we have a long history of supporting entrepreneurs and management teams to accelerate growth while scaling profitably.","https://www.berkshirepartners.com, https://www.berkshirepartners.com/private-equity/sector-focus"
www.audaxprivateequity.com,"Based in NY and London, ASC leverages the breadth and scale of the Audax platform to provide middle market GPs with versatile equity solutions. Our investments — ranging from acquisition and growth capital to rollover and cross-fund transactions — drive critical strategic objectives. Bespoke structures instill alignment and allow sponsors to accelerate the continued growth of performing portfolio companies. | Three Dedicated Strategies... Each focused on our Buy & Build approach: Flagship Our Flagship strategy pursues control investments in North American middle market platforms. Origins Our Origins strategy makes control investments in lower middle market platforms in North America. Audax Strategic Capital ASC provides mid-hold, private equity solutions to sponsor-controlled North American and European platforms. | Our Flagship strategy seeks control equity investments in North American companies with EBITDA of $20 million to $80 million. Investing out of Audax' $5.25 billion seventh flagship fund, with an additional $1.5 billion of GP co-investment capital, we back industry-leading middle market companies positioned to accelerate organic and inorganic growth through Audax' Buy & Build approach. | Through our Industrials vertical, Audax Private Equity looks to partner with providers of leading industrial services and technology solutions, often operating in niche markets. Our industrial technology investments seek to accelerate earnings growth, increase scale, and deliver strategic differentiation through the diversification of products, channels and end markets, and technical expertise. | Our Origins strategy seeks to make control investments in North American companies with EBITDA of between $5 million and $20 million. With over $1 billion of committed capital, including our GP co-investment vehicles, our Origins strategy benefits from the scale and breadth of resources available to lower middle market companies to drive accelerated growth through our Buy & Build approach. | Our Buy & Build approach focuses on investing in and transforming companies through accelerated organic growth and strategic add-on acquisitions. We back market-leading companies and aim to triple or even quadruple their size over our investment period. | Our Buy & Build approach focuses on investing in and transforming companies through accelerated organic growth and strategic add-on acquisitions. We back market-leading companies and aim to triple or even quadruple their size over our investment period. | Mid-Hold Equity Audax Strategic Capital provides mid-hold equity solutions that allow sponsors to invest in the continued growth of their performing portfolio companies. ASC utilizes flexible structures that ensure interests remain aligned to optimize outcomes for all stakeholders. ASC's differentiated strategy allows North American and European sponsors to pursue organic and inorganic growth opportunities, while maintaining control of 'known' assets. Learn more at www.audaxstrategiccapital.com. | Audax Strategic Capital provides mid-hold equity solutions that allow sponsors to invest in the continued growth of their performing portfolio companies. ASC utilizes flexible structures that ensure interests remain aligned to optimize outcomes for all stakeholders. ASC's differentiated strategy allows North American and European sponsors to pursue organic and inorganic growth opportunities, while maintaining control of 'known' assets. | We draw on operating resources and expertise from our in-house portfolio support team, which brings deep experience in the development and implementation of people, systems, metrics, and management processes to smoothly navigate and manage transformational growth. | The new investment will provide a material return for Harbourfront’s shareholders, including its investment advisors across its 60-plus Canadian branches. VANCOUVER & BOSTON, June 23, 2026 -- Harbourfront Wealth Group (“Harbourfront”), a leading Canadian independent wealth management firm, today announced it has entered into a definitive agreement to receive a strategic investment from Boston-based private equity firm Berkshire Partners. Audax Private Equity, Harbourfront’s existing capital partner, will maintain a significant interest in Harbourfront following the completion of the deal. The transaction, valued at C$1.775 billion, is subject to customary closing conditions and regulatory approvals, and expected to close in the second half of 2026. Headquartered in Vancouver, British Columbia, Harbourfront has over C$22 billion of AUA and its 600 employees serve clients at more than 60 locations across Canada. The firm serves affluent and high-net-worth clients, offering comprehensive wealth management services through its CIRO-registered securities advisory firm and investment counsel portfolio manager (ICPM). “Welcoming Berkshire Partners while continuing our partnership with Audax provides validation that Harbourfront has built one of the strongest independent wealth platforms in Canada,” noted Danny Popescu, Founder and Executive Chair of Harbourfront. ""We’re pleased that we can reward our advisors through a partial liquidity event while giving them the ability to continue to grow their rollover equity.” ""Canada's wealth management landscape is undergoing a fundamental shift toward independence, transparency, and advisor-led growth,” noted Dave Bordeau, Managing Director at Berkshire Partners. “Harbourfront sits at the center of this transformation, and our partnership reflects our deep conviction in the management team, the strength of Harbourfront’s advisory teams and employees, and the long-term opportunity ahead."" “Harbourfront’s success is driven by exceptional advisors serving clients across Canada. Audax recognized that strength and supported our vision to establish Harbourfront as a preferred destination for advisors and their clients,” added Harbourfront CEO Richard McIntyre. “We’re excited to build on that momentum with Berkshire Partners, whose partnership will help us continue investing in our people, technology and capabilities while creating even greater opportunities for advisors to grow and participate in the value they help create.” Since Audax Private Equity’s initial investment in 2022, Harbourfront has experienced a more than fivefold increase in AUA through a mix of organic growth, advisor recruitment, M&A, and the continued investment in technology solutions and capabilities to enhance the advisor and client experience. Five acquisitions since 2023 have helped to expand and deepen Harbourfront’s geographic footprint, while augmenting its service offering. “We are excited to remain a significant shareholder in Harbourfront,” commented Bill Allen, a Senior Managing Director at Audax Private Equity. “We believed in the management team’s vision when we first invested in the firm, and as Harbourfront has surpassed our initial goals, we continue to be just as bullish today in the firm’s prospects going forward.” Ardea Partners was lead advisor and Piper Sandler served as a co-advisor to Harbourfront, and CIBC Capital Markets acted as financial advisor to the Board of Directors and provided a fairness opinion in that capacity, while BMO Capital Markets and Goldman Sachs & Co. LLC served as advisors to Berkshire Partners. Stikeman Elliott and Kirkland & Ellis provided legal counsel to Harbourfront and Audax, while Osler, Hoskin & Harcourt served in the same capacity to Berkshire Partners. Audax Private Equity Media Contact: Gasthalter & Co. audaxprivateequity@gasthalter.com | About Harbourfront Wealth Group Founded in 2013, Harbourfront Wealth Group is an independent wealth advisory and investment management group of companies with a rapidly growing network of over 60 locations across Canada. Harbourfront Wealth includes a CIRO-registered securities advisory firm, a portfolio manager, an insurance company, an asset management firm, and a U.S. SEC Registered Investment Advisor (RIA). Learn more: www.harbourfrontwealth.com. About Berkshire Partners Berkshire Partners is a 100% employee-owned, multi-sector specialist investor in private and public equity, with a focus on U.S.-based, middle-market companies. For more than four decades, the firm's private equity team has invested in well-positioned, growing companies across services, healthcare, industrials, and technology. Berkshire is currently investing from its Fund XI, with approximately $7.8 billion in commitments. Since inception, Berkshire Partners has made more than 140 private equity investments and has consistently worked in close partnership with management teams to build enduring businesses. Stockbridge, the firm's public equity group, was founded in 2007 and manages a concentrated portfolio seeking attractive long-term investments. For additional information, visit www.berkshirepartners.com. About Audax Private Equity Headquartered in Boston, with offices in San Francisco, New York, London and Hong Kong, Audax Private Equity is a leading private equity platform focused on investing across the North American middle market. Our objective is to accelerate value creation through our Buy & Build strategy and the Audax Value Agenda™, a holistic framework that seeks to create, enable, and protect value across every stage of the investment lifecycle. As of January 2026, Audax Private Equity had approximately $19.5 billion of assets under management and, since inception in 1999, has invested in more than 180 platforms and more than 1,500 add-on acquisitions. For more information, visit www.audaxprivateequity.com or follow us on LinkedIn. | About Audax Private Equity Headquartered in Boston, with offices in San Francisco, New York, London and Hong Kong, Audax Private Equity is a leading private equity platform focused on investing across the North American middle market. Our objective is to accelerate value creation through our Buy & Build strategy and the Audax Value Agenda™, a holistic framework that seeks to create, enable, and protect value across every stage of the investment lifecycle. As of January 2026, Audax Private Equity had approximately $19.5 billion of assets under management and, since inception in 1999, has invested in more than 180 platforms and more than 1,500 add-on acquisitions. For more information, visit www.audaxprivateequity.com or follow us on LinkedIn. | About Berkshire Partners Berkshire Partners is a 100% employee-owned, multi-sector specialist investor in private and public equity, with a focus on U.S.-based, middle-market companies. For more than four decades, the firm's private equity team has invested in well-positioned, growing companies across services, healthcare, industrials, and technology. Berkshire is currently investing from its Fund XI, with approximately $7.8 billion in commitments. Since inception, Berkshire Partners has made more than 140 private equity investments and has consistently worked in close partnership with management teams to build enduring businesses. Stockbridge, the firm's public equity group, was founded in 2007 and manages a concentrated portfolio seeking attractive long-term investments. For additional information, visit www.berkshirepartners.com. | VANCOUVER & BOSTON, June 23, 2026 -- Harbourfront Wealth Group (“Harbourfront”), a leading Canadian independent wealth management firm, today announced it has entered into a definitive agreement to receive a strategic investment from Boston-based private equity firm Berkshire Partners. Audax Private Equity, Harbourfront’s existing capital partner, will maintain a significant interest in Harbourfront following the completion of the deal. The transaction, valued at C$1.775 billion, is subject to customary closing conditions and regulatory approvals, and expected to close in the second half of 2026.","https://www.audaxprivateequity.com, https://www.audaxprivateequity.com/approach, https://www.audaxprivateequity.com/news/harbourfront-wealth-announces-new-strategic-investment-by-berkshire-partners-at-c1775b-valuation"
www.arcapita.com,"Global alternative asset manager, focusing on private equity and real estate investments. Arcapita offers flexible products and services to meet our clients’ evolving needs from our offices in Bahrain, US, UK, Saudi Arabia, UAE, and Singapore. Arcapita and its management has significant experience: | Active Investments Arcapita prioritizes investments with outstanding management teams, superior service or product offerings, and sound strategies for growth that can be enhanced through the experience, insight, and perspective of our investment professionals. | Arcapita prioritizes investments with outstanding management teams, superior service or product offerings, and sound strategies for growth that can be enhanced through the experience, insight, and perspective of our investment professionals. | Insights Our investment experts share knowledge and insights into the private equity and real estate industry. | Our investment experts share knowledge and insights into the private equity and real estate industry. | Investment Outlook 2026: Navigating Busy Seas As we enter 2026, investors are navigating an environment shaped by shifting geopolitics, evolving inflation dynamics, and rapid technological change. Against this backdrop, separating signal from noise has become increasingly important. In our latest report, we reflect on the key developments that defined 2025 and outline the investment themes we believe are likely to characterize the year ahead. The report focuses on four central themes: continued geopolitical uncertainty, the potential for re-inflation, the ongoing expansion of artificial intelligence, and a growing preference among investors for shorter investment horizons. Rather than offering short-term forecasts, the report is intended to serve as a navigation point through an increasingly complex global landscape, highlighting how these themes are shaping risks, opportunities, and portfolio positioning. | Artificial intelligence is driving a profound transformation across the global economy, creating a sharp increase in demand for digital infrastructure. Much like the railways of the 19th century or the dot-c... | Arcapita has developed and refined its investment model over decades of experience, allowing us to create new and agile structures. Our core management team has overseen approximately 50 real estate investments with a total transaction value of approximately $13 billion. Investments have been made across myriad geographies, including North America, Europe, the Middle East and Asia and across multiple sectors, including industrial and logistics, self-storage, residential, senior living, mixed-use, business park and retail sectors. | Arcapita has developed and refined its investment model over decades of experience, allowing us to create new and agile structures. Our core management team has overseen approximately 50 real estate investments with a total transaction value of approximately $13 billion. Investments have been made across myriad geographies, including North America, Europe, the Middle East and Asia and across multiple sectors, including industrial and logistics, self-storage, residential, senior living, mixed-use, business park and retail sectors. | Isa Al Khalifa Principal, MENA Real Estate “Core real estate investments provides our clients with a risk adjusted regular stream of income. Recently, real estate investing witnessed a global shift as a result of the COVID-19 pandemic. Our view is that sectors including the residential and logistics should witness continued demand as a result of emerging trends such as flexible working schedules and supply chain management.” | “Core real estate investments provides our clients with a risk adjusted regular stream of income. Recently, real estate investing witnessed a global shift as a result of the COVID-19 pandemic. Our view is that sectors including the residential and logistics should witness continued demand as a result of emerging trends such as flexible working schedules and supply chain management.” | Our core management team has overseen approximately 50 real estate investments with a total value of approximately $13 billion.","https://www.arcapita.com, https://www.arcapita.com/insights/investment-outlook-2026-navigating-busy-seas, https://www.arcapita.com/what-we-do/real-estate"
www.websterequitypartners.com,"We partner with our portfolio companies to create long-term value through sustainable healthcare focused business models which strive to deliver top quartile returns for our investors. | ©2026 Webster Equity Partners. All rights reserved. NOT AFFILIATED WITH WEBSTER FINANCIAL CORPORATION OR WEBSTER BANK | Organic seitan post-ironic, four loko bicycle rights art party tousled. Mlkshk tote bag stumptown. | Our mission is to deliver superior returns for our partners through the investment in and developmentof purpose driven, patient-centric healthcare organizations dedicated to providing best of class clinical care and service to their patients. | Our mission is to deliver superior returns for our partners through the investment in and developmentof purpose driven, patient-centric healthcare organizations dedicated to providing best of class clinical care and service to their patients.",https://www.websterequitypartners.com
www.blackstone.com,,Failed to Connect
www.sterlingprivatecapital.com,"DALLAS-BASED PRIVATE EQUITY building long-term value with our partners and investors About Us STERLING PRIVATE CAPITAL (SPC) IS A PRIVATE EQUITY FIRM ACTIVELY SEEKING BOTH REAL ESTATE AND OPERATING COMPANY INVESTMENTS. Since its formation in 2013, SPC has committed itself to building long-term relationships with operators, sponsors, and investors who share our same values and investment philosophy. SPC’s highest priority is capital preservation and alignment of interests with our partners, which is substantiated by our material co-investment we make in each deal. We combine a people-first mindset with a thorough due diligence process that guides us to only invest in our best ideas. SPC is backed by the strategic capital and advisory support of Sterling Family Partners, a Dallas-based family office that serves as SPC’s anchor investor. Our Approach We are an opportunistic group seeking to partner with best-in-class people, companies, and real estate assets. Partners at SPC have experience investing in a broad array of industries and real estate product types, and we understand that each investment is unique and that economic cycles come and go. The firm employs a disciplined investment approach that focuses on preservation of capital and aligning itself with trustworthy and experienced partners. We have invested in every position in the capital stack, and we have the ability to acquire assets directly, make joint venture equity investments as well as preferred equity, mezzanine, and first-lien debt. SPC focuses primarily on Texas and Sunbelt growth markets where we have the most experience and can be closer to the investment. Our deep network grants us access to a high volume of both marketed and proprietary deals that filter through our disciplined underwriting process and gives us a holistic view of the marketplace. We especially value long-term relationships where we can make several investments with the same management team and/or sponsor. FLEXIBLE CAPITALSPC has the flexibility to provide a range of creative capital solutions to our partners. We have experience investing across the capital stack that enables us to tailor each investment to align with the needs and objectives of all parties involved. Because SPC is not a fund, we can be accommodating to both short- and long-term investment horizons and are open to co-investing with like-minded partners that we trust and respect. PARTNER AND SUPPORTWe prefer to let our partners handle the day-to-day operating activities of an investment, but we are capable of and willing to provide hands-on support when necessary. Our value proposition is highlighted by our access to capital, strategic oversight, targeted analytical support, and diverse network of relationships. These attributes have allowed us to build a reputation for trustworthiness and integrity earned over a long track record of investing. PROVEN EXPERIENCEOur team has decades of collective experience investing in and operating private equity and real estate assets at various stages of development and in numerous markets across the country. In addition to our team at Sterling Private Capital, we have access to the back office support and resources available to us through our strategic alignment with Sterling Family Partners, the Dallas-based family office. Target Investments SPC considers investments in private equity and real estate through direct and co-investment strategies. We are an opportunistic investment firm that “casts a wide net” when sourcing and investing in opportunities. SPC seeks to invest capital with management teams, independent sponsors, and existing owners/operators who have a great investment opportunity, business plan, and vision. Our main focus is on Real Estate SPC pursues a broad range of asset and property types and invests in both acquisitions and developments. Our diverse portfolio includes office, industrial, multifamily, and single family for rent properties. We provide both debt and equity financing, including GP capital. We prefer to build programmatic partnerships with sponsors who specialize in a specific asset class. OPPORTUNISTICALLY PURSUE OPERATING COMPANY INVESTMENTS Our group selectively invests in operating companies that have a great leadership team, competitive market position, and positive cash flow. We prefer asset-light businesses with good margins and the ability to compound capital over time. We typically like to invest directly, but will selectively invest with independent sponsors. Key Attributes 1. Alignment We are strong believers in aligning our interests with our investors by co-investing significant capital in each SPC deal. On the other end, we structure investments to reward operators for outperformance. 2. Decisiveness Our team is always purposeful with our capital allocation and expects to run a full investment process. We are nimble when time-sensitive situations require us to make decisions and access capital quickly. 3. Relationships People come first; it’s that simple. SPC seeks to partner with people we admire and trust, who have a proven track record, and who have a great work ethic. 4. Passion Investing, making new relationships, and uncovering exciting opportunities is what we do. The group takes pride in being good stewards of investor capital and helping our partners unlock and realize value through all market cycles. Transaction Profile Investment SizeSPC targets investments ranging from $5 million to $20 million. Geographic FocusTexas and the Sunbelt. Capital StructureLP equity, GP co-invest, preferred equity, mezzanine debt, first-lien debt. Real Estate Development, acquisition, and value-add strategies across multifamily, single family for rent, industrial, self-storage, and office. Operating CompaniesFamily successions, carve-outs, restructurings, bolt-on targets, underresourced companies, growth capital, management buyouts, and recapitalization of companies with $10 million to $100 million in revenue and over $1 million in EBITDA. Portfolio 4040 Royal Location | Dallas, TXAsset Type | Flex IndustrialInvestment | LP EquityStatus | Active Collin Square Location | McKinney, TXAsset Type | Multifamily DevelopmentInvestment | GP EquityStatus | Active Commerce Center Location | Dallas, TXAsset Type | Flex IndustrialInvestment | LP EquityStatus | Active Cottages at the Realm Location | Lewisville, TX (Castle Hills)Asset Type | Single Family Rental CommunityInvestment | EquityStatus | Active Dahlgren Duck & Associates Headquarters | Denver, COCompany | Luxury Goods DistributorInvestment | Majority OwnershipStatus | Active Domain Memorial Apartments Location | Houston, TXAsset Type | Multifamily AcquisitionInvestment | LP EquityStatus | Active FISH Technologies Headquarters | Dallas, TXCompany | Event TechnologyInvestment | Minority OwnershipStatus | Realized Greyrock Energy Headquarters | Sacramento, CACompany | Energy TechnologyInvestment | Minority OwnershipStatus | Active Hail Merry Headquarters | Dallas, TXCompany | Consumer Packaged GoodsInvestment | Minority OwnershipStatus | Realized Independence Square Location | Plano, TXAsset Type | Retail Shopping CenterInvestment | LP EquityStatus | Active Manchester Square Location | Tulsa, OKAsset Type | Retail Shopping CenterInvestment | LP EquityStatus | Active Ski and Sea Headquarters | Denver, COCompany | Procurement & DistributionInvestment | Bolt-On AcquisitionStatus | Active VA Hospital Garland Land Location | GarlandAsset Type | LandInvestment | First-Lien LoanStatus | Realized Westwood Business Park Location | Dallas, TXAsset Type | Flex IndustrialInvestment | Majority OwnershipStatus | Active Our Team MANAGING PARTNERS Ross Bolin LinkedIn Email Us Scott Piland LinkedIn Email Us ADVISORS Brad Ayres LinkedIn Email Us Pat S. Bolin Email Us Arthur J. Harding, Jr. LinkedIn Email Us Contact Us Sterling Private Capital, LLC. 5949 Sherry Lane, Suite 1850Dallas, Texas 75225 Phone Number 214-485-7240 Email [email protected] | Our main focus is on Real Estate SPC pursues a broad range of asset and property types and invests in both acquisitions and developments. Our diverse portfolio includes office, industrial, multifamily, and single family for rent properties. We provide both debt and equity financing, including GP capital. We prefer to build programmatic partnerships with sponsors who specialize in a specific asset class. OPPORTUNISTICALLY PURSUE OPERATING COMPANY INVESTMENTS Our group selectively invests in operating companies that have a great leadership team, competitive market position, and positive cash flow. We prefer asset-light businesses with good margins and the ability to compound capital over time. We typically like to invest directly, but will selectively invest with independent sponsors. | SPC pursues a broad range of asset and property types and invests in both acquisitions and developments. Our diverse portfolio includes office, industrial, multifamily, and single family for rent properties. We provide both debt and equity financing, including GP capital. We prefer to build programmatic partnerships with sponsors who specialize in a specific asset class. | Investment SizeSPC targets investments ranging from $5 million to $20 million. Geographic FocusTexas and the Sunbelt. Capital StructureLP equity, GP co-invest, preferred equity, mezzanine debt, first-lien debt. Real Estate Development, acquisition, and value-add strategies across multifamily, single family for rent, industrial, self-storage, and office. Operating CompaniesFamily successions, carve-outs, restructurings, bolt-on targets, underresourced companies, growth capital, management buyouts, and recapitalization of companies with $10 million to $100 million in revenue and over $1 million in EBITDA. | About Us STERLING PRIVATE CAPITAL (SPC) IS A PRIVATE EQUITY FIRM ACTIVELY SEEKING BOTH REAL ESTATE AND OPERATING COMPANY INVESTMENTS. Since its formation in 2013, SPC has committed itself to building long-term relationships with operators, sponsors, and investors who share our same values and investment philosophy. SPC’s highest priority is capital preservation and alignment of interests with our partners, which is substantiated by our material co-investment we make in each deal. We combine a people-first mindset with a thorough due diligence process that guides us to only invest in our best ideas. SPC is backed by the strategic capital and advisory support of Sterling Family Partners, a Dallas-based family office that serves as SPC’s anchor investor.",https://www.sterlingprivatecapital.com
www.adventinternational.com,"A global energy solutions leader When General Electric's Distributed Power business came under strategic review in 2018, Advent was a natural partner. We brought deep sector knowledge, a long track record of complex industrial carve-outs, and decades of on-the-ground presence across the German-speaking industrial region where the business is headquartered. INNIO Germany ""When we successfully carved INNIO out of GE in 2018, we saw an exceptional technology platform that the world hadn't yet caught up to. Eight years on, INNIO is a fast-growing, highly profitable energy platform that is well positioned at the intersection of two of the most powerful forces reshaping global energy: AI and the energy transition.” Ranjan Sen Managing Partner, Advent A carve-out creating an independent global leader Carving a business out of one of the world's largest industrial conglomerates requires more than capital. It requires operational depth and a long-term perspective. Advent's decades of experience in industrial carve-outs, our hands-on approach to value creation, and our partnership with an exceptional management team were central to unlocking what INNIO could become as an independent business. Built to meet increasing global power demands In close collaboration with management and with the support of Advent's Portfolio Support Group, the team executed a multi-faceted value creation plan across four pillars: deepening the Services flywheel, capturing the data center opportunity, building a local US manufacturing footprint, and advancing hydrogen technology. The next chapter Since 2023, total revenues have grown by more than 30% and INNIO entered 2026 with a record equipment order backlog of $3.6 billion. On June 4, 2026, INNIO listed on the Nasdaq Global Select Market under the ticker symbol INIO. We are proud of what INNIO's management team, employees, and our partners have built together. INNIO Germany Read full story The road to innovation CCC is a leading vertical market software platform, harnessing deep industry expertise, data, and artificial intelligence (AI) to drive a more connected ecosystem in the auto collision repair industry. Buyout technology ""We have worked with multiple private equity investors over the years. What Advent brings to the table is tremendous capability, hard work, humility, and depth of understanding."" Githesh Ramamurthy Chairman and CEO, CCC ""We knew CCC had built an incredible market position which could be further propelled with the combination of our resources and thought partnership."" Eric Wei Managing Director, Advent Working hand-in-hand with management Advent partnered with a visionary management team to continue to build out a best-in-class suite of software solutions for insurance carriers, collision repair shops, and automotive manufacturers. Going the extra mile In partnership with management, Advent prioritized strengthening the CCC network of customers and invested in a variety of new product initiatives to create a truly end-to-end software platform. Buyout technology Read full story A green revolution in last mile parcel delivery In 2015, serial entrepreneur and ex-parcel delivery driver, Rafał Brzoska, was seeking funding for the innovative parcel delivery company he’d built from scratch. He realized that it was better for the environment and more convenient for consumers if trucks delivered hundreds of parcels to one location, where consumers could pick them up from hi-tech lockers at their leisure. Buyout Technology “Advent trusted me to make the right calls. Some funds stifle their management, but Advent gave me the tools and let me get on with the job of executing the plan. It was an intensive partnership with some robust discussions, but it was a true partnership and I couldn’t have got to where I am so quickly without them.” Rafał Brzoska CEO, InPost “We believed that with the right focus and resources, InPost, under the leadership of an exceptional entrepreneur like Rafał, had the potential to disrupt not only Poland but also across Europe in an industry ripe for innovation.” Ranjan Sen Managing Partner, Advent and InPost board member Going back to its roots Rapid expansion had taken a financial toll on the company, and the existing locker network was spread too thinly. Working alongside Brzoska, we hatched a plan to refocus on its two strongest markets: Poland and the UK. We then invested heavily to put the consumer at the center of an expanded locker network. Unlocking further growth Together with Advent’s Portfolio Support Group, an enhanced management team set about driving operational change, improving depot efficiency by 80% within six months. Then, when Covid-19 hit, the team quickly advertised the safety virtues of InPost’s system. It partnered with retailers to get goods to consumers quickly and safely during the pandemic, leading consumers to flock to the business. Transforming the logistics sub-sector When we acquired InPost in 2017, it was heavily financially stressed. After taking the company private, we worked with management to reorient the business. During Advent’s ownership, InPost increased growth in parcel and locker volume 8x and ~6x, respectively, from 2016 to 2020. Buyout Technology Read full story Breathing new life into Bharat Serums and Vaccines At Bharat Serums and Vaccines (BSV), Advent identified a company with the potential to become a domestic and international provider of health and fertility products for millions of women. buyout healthcare BSV is a true case of business building. Advent executed our value creation plan, and it’s very satisfying that a large strategic buyer has now acquired the company because it can see its growth potential. Pankaj Patwari Managing Director, Advent In partnership with Advent, we created one of the largest pharmaceutical companies in India, with a culture of innovation and an exciting pipeline of products with global appeal. Sanjiv Navangul Managing Director and CEO, BSV Planning a path to recovery Advent developed a plan to realize the full potential of BSV based on four key themes: build a new management and governance structure; commercialize the product pipeline; pursue international expansion; and revamp the domestic go-to-market strategy. Breathing new life into BSV Advent provided extensive support to the management team, overhauled the operations and pricing strategy, and refocused research and development on building a best-in-class pipeline across BSV’s three core therapy areas throughout five key markets. A company reborn When Advent sold the business, it had been transformed into a champion in women’s health. Just as importantly, we invested heavily to build a better line of treatments to benefit millions of women in India and internationally. Today, BSV remains committed to widening access and availability of innovative treatments for women while delivering positive patient outcomes. buyout healthcare Read full story Making investing simpler with Easynvest During our partnership with Easynvest, now known as NuInvest, we identified an opportunity to evolve a traditional stockbroker to a fintech business focused on making investing simpler for Brazilians. Buyout Business & financial services “With the support of Advent, we created and introduced a new platform for fee-free equity trading that emphasized simplicity.” Fernando Miranda Former CEO, Easynvest “Easynvest could have created offline services, but it wanted to stay true to its digital roots. This approach paid off as we quadrupled the number of users during our partnership with the company.” Brenno Raiko Managing Director, Advent Out with the old, in with the new Advent invested in Easynvest in 2018 and seized an opportunity to change the way Brazilians think about investing by supporting a user-friendly open loop investment platform. Our prior experience in the business & financial services sector enabled us to support Easynvest’s strategy and implement governance structures to support its next phase of evolution. The digital revolution Throughout our partnership, Easynvest was equipped with the resources to further invest in its digital platform. These efforts included developing an online marketplace to allow customers to invest in a range of financial instruments and enhancing the company’s online platform to provide a seamless user experience. Investing in the future A competitive exit process involved strategic players and financial sponsors that were drawn to Easynvest due to its functionality and ability to simplify investing. Recognizing that scale was crucial for ongoing success, Advent determined that a strategic sale was the best next step for Easynvest to continue expanding its customer base. Buyout Business & financial services Read full story Going big in Brazil Looking for an opportunity to expand into the Brazilian groceries sector, in 2018 Advent signed a partnership agreement with Walmart to acquire 80% of the retailer’s Brazilian business. We improved operations, rationalized locations, and reimagined the e-commerce platform. brazil Grupo BIG (formerly Walmart Brazil Group) ""Advent is proud of the impact we’ve had in helping return Grupo Big to growth by focusing on a local offering and selling great products at great prices to consumers across Brazil."" Wilson Rosa Managing Director, Advent ""The scale of the task was enormous, but Advent brought real focus and resources to help turn this company around. This was a true partnership during a very difficult time for Brazilian retail."" Luiz Fazzio CEO, Grupo Big The right partnership Walmart Brazil’s 438 stores, 188 drugstores, 14 gas stations, and e-commerce portal offered opportunities to increase efficiencies and turnover. With our deep consumer expertise and long-established presence in Brazil, Advent joined Walmart to take the company forward. Adding some Brazilian flavor Tailoring the portfolio to the nuances of the Brazilian consumer sector was the key to success. Grupo Big repurposed, rebranded, and refurbished stores to improve cultural resonance. The proof is in the pudding When Grupo Big was acquired by Carrefour Brazil in 2022, the company had one of the best management teams in the business, a rejuvenated store portfolio, and optimal operations. brazil Grupo BIG (formerly Walmart Brazil Group) Read full story A thirst for growth Culligan had a strong brand in the US that had drifted strategically under the ownership of a succession of conglomerates. We saw the potential to build a champion in global, consumer drinking water services, with an exceptional CEO, Scott Clawson. buyout united states ""Advent played a crucial role in defining our strategy and driving programmatic global M&A. We could not have gone as far or fast without their resources and network. This is what transformational partnerships should look like."" Scott Clawson CEO, Culligan International ""Our collaboration with Culligan typifies the Advent approach: we identified a fundamentally sound business that lacked clear focus and aligned it behind an ambitious plan for global leadership."" Stephen Hoffmeister Managing Director, Advent Putting in the plumbing for global growth We developed a plan with two core elements: turbocharge organic growth with investments in new products, branding, and digital marketing, as well as to acquire the top players in premium filtered water in strategically attractive global markets. Turning on the tap We took the best ideas, brands, and technology from each market and offered it to consumers across the global platform. We then prioritized innovation, internal product development, and research and development to further enhance our technological leadership. Raising a glass to future success Our conviction in the team’s ability to deliver an incredibly ambitious growth plan was rewarded, with USD $1 billion in sales uplift from global acquisitions during Advent’s involvement. We’re excited to continue the partnership as Culligan continues its journey. buyout united states Read full story An urban mobility champion When thyssenkrupp AG began evaluating strategic options for its Elevator Technology division in 2019, Advent was a natural partner. We brought deep sector knowledge, a track record of complex carve-outs, and decades of on-the-ground presence in Germany. TK Elevator Germany “Since acquiring TKE in 2020, we partnered closely with management and employees to navigate a complex carve-out and build a highly resilient, focused business. Significant investment in technology, innovation, and product development has enabled TKE to emerge as a leader in urban mobility.” Ranjan Sen Managing Partner, Advent A carve-out of rare scale Corporate carve-outs at this scale depend on trust and credibility. Advent has invested in Germany since the 1990s, and our long-standing relationships with local stakeholders, our track record as a responsible owner of industrial assets, and our ability to offer the seller a local presence together with a reinvestment opportunity, were central to the consortium being entrusted with the business. Partnering on a multi-year transformation Working hand-in-hand with management, and with the support of Advent’s Portfolio Support Group, TKE has executed close to 100 transformation initiatives across more than 70 countries, involving over 100 project managers and hundreds of colleagues. The next chapter The business Advent acquired generated revenues of EUR €7.9 billion. Despite the backdrop of a pandemic, global energy shocks, supply chain disruption, and a sharp contraction in the Chinese construction market, TKE has grown revenues to more than EUR €9.2 billion with best-in-class margins across its European peers. TK Elevator Germany Read the full story A dream come true: establishing AI Dream in China We identified an opportunity to establish and scale a premium mattress and sleep products platform in China. buyout greater china ""Advent’s investment in AI Dream allowed us to be one of the fastest-growing consumer brands in China."" Edward Wu CEO, AI Dream ""The team’s expertise in the sector set us apart... Our knowledge of the sector demonstrated the value we could bring, which enabled us to establish a trust-based partnership."" Andrew Li Managing Director, Advent Identifying potential Advent created a leader in the China mattress market across online and offline channels, as well as via cross-selling. Springing into action Advent marketed the brand to establish a differentiated position and build a strong team to outperform in a distribution-focused market while repositioning the company from a single-branded business to a multi-brand premium mattress platform. Turning a dream into reality AI Dream’s footprint increased from 300 branded stores to more than 2,300 branded stores, in over 600 cities, across mainland China and Hong Kong. buyout greater china Read full story | A global energy solutions leader When General Electric's Distributed Power business came under strategic review in 2018, Advent was a natural partner. We brought deep sector knowledge, a long track record of complex industrial carve-outs, and decades of on-the-ground presence across the German-speaking industrial region where the business is headquartered. INNIO Germany ""When we successfully carved INNIO out of GE in 2018, we saw an exceptional technology platform that the world hadn't yet caught up to. Eight years on, INNIO is a fast-growing, highly profitable energy platform that is well positioned at the intersection of two of the most powerful forces reshaping global energy: AI and the energy transition.” Ranjan Sen Managing Partner, Advent A carve-out creating an independent global leader Carving a business out of one of the world's largest industrial conglomerates requires more than capital. It requires operational depth and a long-term perspective. Advent's decades of experience in industrial carve-outs, our hands-on approach to value creation, and our partnership with an exceptional management team were central to unlocking what INNIO could become as an independent business. Built to meet increasing global power demands In close collaboration with management and with the support of Advent's Portfolio Support Group, the team executed a multi-faceted value creation plan across four pillars: deepening the Services flywheel, capturing the data center opportunity, building a local US manufacturing footprint, and advancing hydrogen technology. The next chapter Since 2023, total revenues have grown by more than 30% and INNIO entered 2026 with a record equipment order backlog of $3.6 billion. On June 4, 2026, INNIO listed on the Nasdaq Global Select Market under the ticker symbol INIO. We are proud of what INNIO's management team, employees, and our partners have built together. | Breathing new life into Bharat Serums and Vaccines At Bharat Serums and Vaccines (BSV), Advent identified a company with the potential to become a domestic and international provider of health and fertility products for millions of women. buyout healthcare BSV is a true case of business building. Advent executed our value creation plan, and it’s very satisfying that a large strategic buyer has now acquired the company because it can see its growth potential. Pankaj Patwari Managing Director, Advent In partnership with Advent, we created one of the largest pharmaceutical companies in India, with a culture of innovation and an exciting pipeline of products with global appeal. Sanjiv Navangul Managing Director and CEO, BSV Planning a path to recovery Advent developed a plan to realize the full potential of BSV based on four key themes: build a new management and governance structure; commercialize the product pipeline; pursue international expansion; and revamp the domestic go-to-market strategy. Breathing new life into BSV Advent provided extensive support to the management team, overhauled the operations and pricing strategy, and refocused research and development on building a best-in-class pipeline across BSV’s three core therapy areas throughout five key markets. A company reborn When Advent sold the business, it had been transformed into a champion in women’s health. Just as importantly, we invested heavily to build a better line of treatments to benefit millions of women in India and internationally. Today, BSV remains committed to widening access and availability of innovative treatments for women while delivering positive patient outcomes. | A thirst for growth Culligan had a strong brand in the US that had drifted strategically under the ownership of a succession of conglomerates. We saw the potential to build a champion in global, consumer drinking water services, with an exceptional CEO, Scott Clawson. buyout united states ""Advent played a crucial role in defining our strategy and driving programmatic global M&A. We could not have gone as far or fast without their resources and network. This is what transformational partnerships should look like."" Scott Clawson CEO, Culligan International ""Our collaboration with Culligan typifies the Advent approach: we identified a fundamentally sound business that lacked clear focus and aligned it behind an ambitious plan for global leadership."" Stephen Hoffmeister Managing Director, Advent Putting in the plumbing for global growth We developed a plan with two core elements: turbocharge organic growth with investments in new products, branding, and digital marketing, as well as to acquire the top players in premium filtered water in strategically attractive global markets. Turning on the tap We took the best ideas, brands, and technology from each market and offered it to consumers across the global platform. We then prioritized innovation, internal product development, and research and development to further enhance our technological leadership. Raising a glass to future success Our conviction in the team’s ability to deliver an incredibly ambitious growth plan was rewarded, with USD $1 billion in sales uplift from global acquisitions during Advent’s involvement. We’re excited to continue the partnership as Culligan continues its journey. | The road to innovation CCC is a leading vertical market software platform, harnessing deep industry expertise, data, and artificial intelligence (AI) to drive a more connected ecosystem in the auto collision repair industry. Buyout technology ""We have worked with multiple private equity investors over the years. What Advent brings to the table is tremendous capability, hard work, humility, and depth of understanding."" Githesh Ramamurthy Chairman and CEO, CCC ""We knew CCC had built an incredible market position which could be further propelled with the combination of our resources and thought partnership."" Eric Wei Managing Director, Advent Working hand-in-hand with management Advent partnered with a visionary management team to continue to build out a best-in-class suite of software solutions for insurance carriers, collision repair shops, and automotive manufacturers. Going the extra mile In partnership with management, Advent prioritized strengthening the CCC network of customers and invested in a variety of new product initiatives to create a truly end-to-end software platform. | Portfolio Story Breathing new life into Bharat Serums and Vaccines | Portfolio Story Beyond the prescription: Genoa Healthcare pioneering pharmacy services in the US | Press release Advent announces first Japan investment with acquisition of Japan Wellbeing Corp June 25, 2026 | Advent announces first Japan investment with acquisition of Japan Wellbeing Corp | Press release Advent to sell DONTE, Spain’s leading dental platform, to Ontario Teachers’ Pension Plan Board July 15, 2025 | Press release OpenAI launches the OpenAI Deployment Company to help businesses build around intelligence May 11, 2026 | OpenAI launches the OpenAI Deployment Company to help businesses build around intelligence","https://www.adventinternational.com, https://www.adventinternational.com/topics/sectors/healthcare, https://www.adventinternational.com/topics/sectors/technology"
www.brynwoodpartners.com,"Consistent Approach Since 1984, Brynwood Partners has combined financial capital with operating expertise to create value. With a focus on the consumer sector, Brynwood Partners works with its portfolio companies to drive sales growth and operating performance. | A specialist in consumer private equity Combining operating and investing skills to accelerate performance and create value | A specialist in consumer private equity Combining operating and investing skills to accelerate performance and create value | A specialist in consumer private equity Combining operating and investing skills to accelerate performance and create value | A specialist in consumer private equity Combining operating and investing skills to accelerate performance and create value",https://www.brynwoodpartners.com
www.arborpic.com,"Experienced taste investors with a proven playbook for growth | Experienced taste investors with a proven playbook for growth | Passionate operators with deep expertise to supercharge your business | Passionate operators with deep expertise to supercharge your business | We're food experts with a proven approach to transformative growth. For over 25 years and nearly 90 investments, our strategy remains unchanged: leverage in-house expertise to compress learning curves, set a game plan and collectively get to work. | We're food experts with a proven approach to transformative growth. For over 25 years and nearly 90 investments, our strategy remains unchanged: leverage in-house expertise to compress learning curves, set a game plan and collectively get to work. | A value creation plan is nothing without the right team – we invest in key hires across all functions. | A value creation plan is nothing without the right team – we invest in key hires across all functions.","https://www.arborpic.com, https://www.arborpic.com/approach"
www.aeainvestors.com,"AEA Investors Relationships Matter AEA was established in 1968 by the world’s leading industrial families to create an opportunity for global business leaders to invest in the next generation of successful enterprises A Trusted, Value-Added Partner for Your Business For over five decades, we have remained steadfast in our commitment to driving business excellence and have built a legacy befitting our industrial origins while continuously adapting to the evolving demands of modern enterprises Set apart by our depth of experience, unique history, trusted global network and collaborative team culture, AEA is a leading global private investment firm with ~$19 billion of assets under management Our integrated investment platform supports leading companies with private equity, growth equity and private debt solutions, tailored to their specific needs Discover Our Established History Explore Our Business Solutions Middle MarketPrivate Equity Transforming businesses and accelerating growth AEA MMPE AEA MMPE Team AEA MMPE Portfolio Enterprise Partnering with companies poised for the next phase in their journey AEA Enterprise AEA Enterprise Team AEA Enterprise Portfolio Elevate Accelerating the growth of professional services companies with technology and AI AEA Elevate AEA Elevate Team AEA Elevate Portfolio Private Debt Delivering flexible capital solutions with certainty AEA PD AEA PD Team AEA PD Portfolio Global Scale and Network of Expertise Our legacy is rooted in our relationship-driven approach to investing — in addition to our team of experienced investment professionals, we have built an extensive network of industry veterans, operators, executive talent and trusted resources to support exceptional businesses and help them achieve sustainable, long-term growth. With hundreds of current and realized portfolio investments and 110+ investment professionals across our seven offices worldwide, AEA offers global scale and local knowledge AEA by the Numbers 1968 Founded by the Rockefeller, Mellon and Harriman family interests and S.G. Warburg & Co. ~$19bn In Assets Under Management 300+ Current and Realized Portfolio Investments Since 2000 110+ Global Investment Professionals 7 Offices Worldwide 15+ Year Average Tenure of AEA's Investment Partners A Culture of Collaboration and A One-Firm Mentality We attribute AEA’s longevity and continued success to our culture. We adhere to four fundamental principles: 01 Performance-Focused, Execution Driven Culture Maintain high standards, be creative and accomplish great things 02 Teamwork and Partnership Cultivate a low ego environment — we are one firm with collective responsibility 03 Open Communication and Transparency Our investment process and partnership model thrive on open communication and invite diverse perspectives 04 Our People Are Our Greatest Asset Attract and develop the best talent with a promote from within approach Ready to Start a Conversation? Get In Touch | Set apart by our depth of experience, unique history, trusted global network and collaborative team culture, AEA is a leading global private investment firm with ~$19 billion of assets under management Our integrated investment platform supports leading companies with private equity, growth equity and private debt solutions, tailored to their specific needs | Our integrated investment platform supports leading companies with private equity, growth equity and private debt solutions, tailored to their specific needs | Global Scale and Network of Expertise Our legacy is rooted in our relationship-driven approach to investing — in addition to our team of experienced investment professionals, we have built an extensive network of industry veterans, operators, executive talent and trusted resources to support exceptional businesses and help them achieve sustainable, long-term growth. With hundreds of current and realized portfolio investments and 110+ investment professionals across our seven offices worldwide, AEA offers global scale and local knowledge | Our legacy is rooted in our relationship-driven approach to investing — in addition to our team of experienced investment professionals, we have built an extensive network of industry veterans, operators, executive talent and trusted resources to support exceptional businesses and help them achieve sustainable, long-term growth. With hundreds of current and realized portfolio investments and 110+ investment professionals across our seven offices worldwide, AEA offers global scale and local knowledge",https://www.aeainvestors.com
www.centrepartners.com,"A collaborative and respectful investment approach has made Centre a Partner of Choice for business owners and management teams for over 40 years | A collaborative and respectful investment approach has made Centre a Partner of Choice for business owners and management teams for over 40 years | We focus on investing in North American based middle-market businesses primarily in the following industries and subsectors: | We focus on investing in North American based middle-market businesses primarily in the following industries and subsectors: | HEALTHCARE SERVICES Outsourced Payor and Provider Services Regulatory, Clinical and Compliance Services Physician Practice Management Behavioral Health Health & Wellness",https://www.centrepartners.com
www.behrmancap.com,"Behrman Capital is a leading private equity firm with a multi-decade history of acquiring companies that are growing middle-market leaders in North America. | Behrman Capital is a leading private equity firm with a multi-decade history of acquiring companies that are growing middle-market leaders in North America. | About Us Our History Our Mission Our Capital Base Our Team Strategy Investment Philosophy Investment Strategy Investment Criteria Sector Focus Investments News Contact Us Investor Portal | Copyright 2025 Behrman Capital - All Rights Reserved | Terms of Use | Strategy Investment Philosophy Investment Strategy Investment Criteria Sector Focus | Middle Market Focus Behrman Capital is an active investor taking control positions in high quality, middle market companies headquartered in North America. We seek to create value through a combination of earnings growth, cash generation and improved strategic positioning of the business. From decades of our own experience, and in partnership with management, we develop key insights into improving a company’s performance. This comes about by exploiting under-utilized assets, implementing a new vision for growth and/or building strengths into an organization where deficiencies exist. We often utilize our specialized expertise and capital to pursue add-on acquisitions which lead to: Revenue and cost synergies Product line extensions Geographic expansion Exposure to a new customer base Strengthening of intellectual property Since our founding we have acquired more than 35 platform companies and have completed in excess of 90 add-on acquisitions transforming well-positioned businesses into industry leaders. | Behrman Capital is an active investor taking control positions in high quality, middle market companies headquartered in North America. We seek to create value through a combination of earnings growth, cash generation and improved strategic positioning of the business. | From decades of our own experience, and in partnership with management, we develop key insights into improving a company’s performance. This comes about by exploiting under-utilized assets, implementing a new vision for growth and/or building strengths into an organization where deficiencies exist. | We often utilize our specialized expertise and capital to pursue add-on acquisitions which lead to: | Since our founding we have acquired more than 35 platform companies and have completed in excess of 90 add-on acquisitions transforming well-positioned businesses into industry leaders. | Our objective is to build constructive, long-term relationships with the management teams of growing companies and actively assist them in creating significant shareholder value and leadership positions within their respective markets. We consider each investment a true partnership between Behrman Capital and operating management, and we seek to apply these principles: All stakeholders collaborate and agree upfront on the overall strategic vision Management maintains operating control of its business Everyone’s economic interests are aligned Management shares meaningfully in the equity value it helps create Using a combination of conservative capital structures, well-conceived business strategies and focused execution, we strive to build value through internal growth and by acquisition. We generally seek to realize a capital gain on our investment in four to seven years. | Our objective is to build constructive, long-term relationships with the management teams of growing companies and actively assist them in creating significant shareholder value and leadership positions within their respective markets. We consider each investment a true partnership between Behrman Capital and operating management, and we seek to apply these principles: | Using a combination of conservative capital structures, well-conceived business strategies and focused execution, we strive to build value through internal growth and by acquisition. We generally seek to realize a capital gain on our investment in four to seven years. | Management shares meaningfully in the equity value it helps create | About Us Our History Our Mission Our Capital Base Our Team Strategy Investment Philosophy Investment Strategy Investment Criteria Sector Focus Investments News Contact Us Investor Portal","https://www.behrmancap.com, https://www.behrmancap.com/investment-strategy, https://www.behrmancap.com/investment-philosophy"
www.apax.com,"Inspiring Growth Watch video We challenge ourselves to take business building to the next level. Our people listen, learn and look across horizons to inspire growth. Collaborating with management teams of high-potential companies, the key is providing access to the right mix of operating skills, specialist sector experience and insights from around the globe. Our overriding goal: inspiring mutual success through mutual vision. About us c.$ 80 bn Aggregate funds raised 3 Sectors 350 + People 8 Offices worldwide Sector Expertise For more than four decades, we have been building specialist expertise across three sectors, leveraging digital tools and know-how to help portfolio companies better exploit digital opportunities. This sector-led approach provides deeper understanding of companies’ specific markets, creating solid ground to inspire new thinking. Portfolio companies tell us that this dynamic is a key reason for partnering with us. Tech Driving successful innovation and growth for over four decades Services Pinpointing emerging opportunities in the world’s largest market Internet/Consumer Backing the businesses driving disruption across a diverse and rapidly evolving landscape Digital DNA Everywhere Digital DNA Everywhere Strategies Apax Global Buyout Empowering potential Apax Global Buyout creates value by supporting meaningful change. Apax Global Buyout Apax Digital Growth Activating technology leaders Apax Digital Growth partners with exceptional entrepreneurs to accelerate their path to scale and build better businesses. Apax Digital Growth Apax Mid-Market Israel Leveraging local expertise Apax Mid-Market Israel leverages Apax’s global network and expertise to support growth opportunities in Israel. Apax Mid-Market Israel Apax Global Impact Driving impact outcomes Apax Global Impact closely aligns with Apax’s sector-driven strategy, seeking out opportunities to support companies which deliver tangible societal and/or environmental impact. Apax Global Impact Apax Credit Investing across the capital structure The Apax Credit strategy benefits from a flexible mandate and is fully integrated with the global Apax platform, leveraging insights from Apax’s private equity strategies. Apax Credit Strategies Apax Global Buyout Empowering potential Apax Global Buyout creates value by supporting meaningful change. Apax Global Buyout Apax Digital Growth Activating technology leaders Apax Digital Growth partners with exceptional entrepreneurs to accelerate their path to scale and build better businesses. Apax Digital Growth Apax Mid-Market Israel Leveraging local expertise Apax Mid-Market Israel leverages Apax’s global network and expertise to support growth opportunities in Israel. Apax Mid-Market Israel Apax Global Impact Driving impact outcomes Apax Global Impact closely aligns with Apax’s sector-driven strategy, seeking out opportunities to support companies which deliver tangible societal and/or environmental impact. Apax Global Impact Apax Credit Investing across the capital structure The Apax Credit strategy benefits from a flexible mandate and is fully integrated with the global Apax platform, leveraging insights from Apax’s private equity strategies. Apax Credit Spotlight Press release Accenture to Acquire Faculty to Scale AI Capabilities Video Hear from our team about Apax's unique culture Insights The Safety Network Nobody Can Replicate Veriforce Catalysts for Growth Expertise In-house, On-demand The Operational Excellence Practice (or “OEP”) is our accessible resource of operating specialists. Portfolio companies can leverage this highly experienced team to accelerate and optimise critical initiatives. Learn more The KnowledgeNow Network KnowledgeNow events bring together CEOs, CFOs and top executives within the portfolio to share insights and best practices and to discuss the common challenges businesses face. KnowledgeNow Apax Foundation The Apax Foundation supports charities and organisations with a focus on social mobility, as well as the charitable efforts of Apax staff. Learn more A Culture of Collaboration “Apax is not a hierarchy... and that inspires everyone to contribute. There’s an openness and honest transparency… a sense of inclusion and joint ownership. It's not just lip service. People here live it.” | Sector Expertise For more than four decades, we have been building specialist expertise across three sectors, leveraging digital tools and know-how to help portfolio companies better exploit digital opportunities. This sector-led approach provides deeper understanding of companies’ specific markets, creating solid ground to inspire new thinking. Portfolio companies tell us that this dynamic is a key reason for partnering with us. | For more than four decades, we have been building specialist expertise across three sectors, leveraging digital tools and know-how to help portfolio companies better exploit digital opportunities. This sector-led approach provides deeper understanding of companies’ specific markets, creating solid ground to inspire new thinking. Portfolio companies tell us that this dynamic is a key reason for partnering with us. | Expertise In-house, On-demand The Operational Excellence Practice (or “OEP”) is our accessible resource of operating specialists. Portfolio companies can leverage this highly experienced team to accelerate and optimise critical initiatives. Learn more | We challenge ourselves to take business building to the next level. Our people listen, learn and look across horizons to inspire growth. Collaborating with management teams of high-potential companies, the key is providing access to the right mix of operating skills, specialist sector experience and insights from around the globe. Our overriding goal: inspiring mutual success through mutual vision. About us | Home > News & Views > Accenture to acquire Faculty, an Apax Di... Accenture to acquire Faculty, an Apax Digital Fund I portfolio company, to scale AI capabilities 6th January 2026 Apax Accenture has agreed to acquire Faculty, a leading UK-based AI native services and products business built on highly technical applied AI skills and a unique de Accenture has agreed to acquire Faculty, a leading UK-based AI native services and products business built on highly technical applied AI skills and a unique decision intelligence product that features advanced simulation and optimization capabilities. The acquisition will expand Accenture’s capabilities to help its clients reinvent core and critical business processes with safe and secure AI solutions that result in tangible outcomes. Founded in 2014, Faculty has a strong track record working with public and private sector clients to deploy AI solutions in the U.K. and other key markets. Its services – which include AI strategy, AI safety and the design, build and implementation of high-performance AI systems - support the scaled and safe adoption of AI by client organizations. Faculty has built a distinctive market position by pairing deep technical capability with an ability to attract and retain top-tier data science talent in the UK. This is driven by its thought leadership, fellowship programme, and work on high-profile, mission-critical projects, including the NHS Early Warning System. Most recently, Faculty became OpenAI’s first global technical partner, underlining its credentials in advanced and generative AI. Since 2021, with the support of Apax Digital and LocalGlobe, Faculty has more than quadrupled in size, evolving from an applied AI services provider into a business with a differentiated, scalable software platform at its core. Investment in Frontier, Faculty’s software platform, has also unlocked significant growth opportunities, particularly in life sciences, where Faculty’s decision intelligence capabilities address complex regulatory and operational challenges. Faculty’s team of more than 400 AI native professionals, including highly qualified data scientists and AI engineers, will integrate with Accenture’s teams to scale world class AI capabilities for clients. Marc Warner, CEO of Faculty, said, “Our vision has always been a world in which safe AI delivers widespread benefits to humanity. We have spent the last ten years supporting our clients to bring this world about, step by step. As AI advances rapidly, the ambition of our clients is now, rightly, no less than the reinvention of their business. I am delighted that by teaming up with Accenture, we have everything in place to support AI transformation from start to finish.” Faculty is known for their ability to apply AI in mission-critical settings. For example, during the COVID-19 pandemic, Faculty built the UK National Health Service’s (NHS) Early Warning System. This was used daily by NHS Gold Command to accurately predict patient demand across the country, and to optimally allocate critical care resources to where they were needed most. Saul Klein, Co-founder and Executive Chairman at Phoenix Court, home of LocalGlobe, said: “We are proud to have invested in Faculty in January 2016, when they were a small team of around 10 people, together with the other early stage investors in the company. We extend our warmest congratulations to Marc, Andy, Angie and the whole Faculty team as they embark on this exciting next stage of their journey, together with Accenture.” Mark Beith, Partner at Apax Digital, said: “Faculty has built the UK’s standout applied AI business, pairing serious technical depth with the discipline to deploy AI safely in the real world. We met Faculty in 2017 and became a client early on. It has been a privilege to partner with Marc, Angie, Andy, John and their world-class team, as well as LocalGlobe. Quadrupling revenues in four years, launching a successful AI software offering and becoming a unicorn – this is a great outcome for Faculty and showcases the strength of the UK’s AI ecosystem. Accenture now gives Faculty a global platform to industrialise applied AI for the world’s largest organisations.” Faculty would like to extend our deep gratitude to Apax, LocalGlobe, our seed stage investors – Mercuri, Metaplanet, and RockSpring, and our long list of angel investors, who have all helped us along the way. Goldman Sachs International served as sole financial advisor and Simpson Thacher & Bartlett LLP as legal advisor to Faculty, and Slaughter and May as legal advisor to management. Completion of the acquisition is subject to customary closing conditions, including required regulatory approvals. Terms of the transaction were not disclosed. Global Media Contacts Katarina Sallerfors t: +44 20 7872 6300 Share | Home > News & Views > Accenture to acquire Faculty, an Apax Di... Accenture to acquire Faculty, an Apax Digital Fund I portfolio company, to scale AI capabilities 6th January 2026 Apax Accenture has agreed to acquire Faculty, a leading UK-based AI native services and products business built on highly technical applied AI skills and a unique de Accenture has agreed to acquire Faculty, a leading UK-based AI native services and products business built on highly technical applied AI skills and a unique decision intelligence product that features advanced simulation and optimization capabilities. The acquisition will expand Accenture’s capabilities to help its clients reinvent core and critical business processes with safe and secure AI solutions that result in tangible outcomes. Founded in 2014, Faculty has a strong track record working with public and private sector clients to deploy AI solutions in the U.K. and other key markets. Its services – which include AI strategy, AI safety and the design, build and implementation of high-performance AI systems - support the scaled and safe adoption of AI by client organizations. Faculty has built a distinctive market position by pairing deep technical capability with an ability to attract and retain top-tier data science talent in the UK. This is driven by its thought leadership, fellowship programme, and work on high-profile, mission-critical projects, including the NHS Early Warning System. Most recently, Faculty became OpenAI’s first global technical partner, underlining its credentials in advanced and generative AI. Since 2021, with the support of Apax Digital and LocalGlobe, Faculty has more than quadrupled in size, evolving from an applied AI services provider into a business with a differentiated, scalable software platform at its core. Investment in Frontier, Faculty’s software platform, has also unlocked significant growth opportunities, particularly in life sciences, where Faculty’s decision intelligence capabilities address complex regulatory and operational challenges. Faculty’s team of more than 400 AI native professionals, including highly qualified data scientists and AI engineers, will integrate with Accenture’s teams to scale world class AI capabilities for clients. Marc Warner, CEO of Faculty, said, “Our vision has always been a world in which safe AI delivers widespread benefits to humanity. We have spent the last ten years supporting our clients to bring this world about, step by step. As AI advances rapidly, the ambition of our clients is now, rightly, no less than the reinvention of their business. I am delighted that by teaming up with Accenture, we have everything in place to support AI transformation from start to finish.” Faculty is known for their ability to apply AI in mission-critical settings. For example, during the COVID-19 pandemic, Faculty built the UK National Health Service’s (NHS) Early Warning System. This was used daily by NHS Gold Command to accurately predict patient demand across the country, and to optimally allocate critical care resources to where they were needed most. Saul Klein, Co-founder and Executive Chairman at Phoenix Court, home of LocalGlobe, said: “We are proud to have invested in Faculty in January 2016, when they were a small team of around 10 people, together with the other early stage investors in the company. We extend our warmest congratulations to Marc, Andy, Angie and the whole Faculty team as they embark on this exciting next stage of their journey, together with Accenture.” Mark Beith, Partner at Apax Digital, said: “Faculty has built the UK’s standout applied AI business, pairing serious technical depth with the discipline to deploy AI safely in the real world. We met Faculty in 2017 and became a client early on. It has been a privilege to partner with Marc, Angie, Andy, John and their world-class team, as well as LocalGlobe. Quadrupling revenues in four years, launching a successful AI software offering and becoming a unicorn – this is a great outcome for Faculty and showcases the strength of the UK’s AI ecosystem. Accenture now gives Faculty a global platform to industrialise applied AI for the world’s largest organisations.” Faculty would like to extend our deep gratitude to Apax, LocalGlobe, our seed stage investors – Mercuri, Metaplanet, and RockSpring, and our long list of angel investors, who have all helped us along the way. Goldman Sachs International served as sole financial advisor and Simpson Thacher & Bartlett LLP as legal advisor to Faculty, and Slaughter and May as legal advisor to management. Completion of the acquisition is subject to customary closing conditions, including required regulatory approvals. Terms of the transaction were not disclosed. | Since 2021, with the support of Apax Digital and LocalGlobe, Faculty has more than quadrupled in size, evolving from an applied AI services provider into a business with a differentiated, scalable software platform at its core. Investment in Frontier, Faculty’s software platform, has also unlocked significant growth opportunities, particularly in life sciences, where Faculty’s decision intelligence capabilities address complex regulatory and operational challenges. | Founded in 2014, Faculty has a strong track record working with public and private sector clients to deploy AI solutions in the U.K. and other key markets. Its services – which include AI strategy, AI safety and the design, build and implementation of high-performance AI systems - support the scaled and safe adoption of AI by client organizations. | Mark Beith, Partner at Apax Digital, said: “Faculty has built the UK’s standout applied AI business, pairing serious technical depth with the discipline to deploy AI safely in the real world. We met Faculty in 2017 and became a client early on. It has been a privilege to partner with Marc, Angie, Andy, John and their world-class team, as well as LocalGlobe. Quadrupling revenues in four years, launching a successful AI software offering and becoming a unicorn – this is a great outcome for Faculty and showcases the strength of the UK’s AI ecosystem. Accenture now gives Faculty a global platform to industrialise applied AI for the world’s largest organisations.” | Tech Home > Create > Sectors > Tech Tech Services Internet/Consumer c.$ 18 bn Equity invested 209 Number of companies invested 3 Focus sub-sectors 22 yrs + Average tenure per Equity Partner As at 31 December 2023 Tech Tech makes up the largest part of the portfolio and is a sector in which the Apax Funds have invested since launch in the early 1980s. This means that our team has not only been part of these expanding industries for four decades, seeing how they have evolved over time, but have gained hands-on experience driving successful disruption and strategic growth. With teams in Europe, Asia and North America, Apax has built local and global know-how. We create sophisticated networks that can support businesses on the ground at home, while also helping them connect and grow internationally. The team is proud to have supported some amazing businesses. We learn from their incredible management teams and further develop our knowledge in the Tech sector, particularly in our key sub-sectors: software, tech-enabled services, and telecom. 01 - 25 Adam Garson Andrew Sillitoe Anirudh Jain David Jaslow Ela Tandon Francesco Bernabei Gabriele Cipparrone Gregor Vlasak Harjot Dhaliwal Hendrik Mueller Hugo Ramambason Jack Hayden Jason Wright Jesús Rueda Jonathan Ahearn Joy Fu Julie André Logan Goshorn Lucas Hammad Malcolm Volk Marek Hornak Mariapaola Testa Maud Gentilhomme Michael Carajohn Rohan Chen View all Tech Sub-sectors Software Software proliferation continues to transform the global economy and the Apax Funds are proud to be part of this shift by backing businesses at the forefront of transformation. Focused on building sub-sector champions in software, the Apax Funds have partnered with businesses in enterprise resource planning services, cloud delivery models and many more. Bonterra Duck Creek Technologies Azentio ECi Software Solutions Sub-sector champions in software. Watch this video to learn how the Apax Funds help build sub-sector champions in software. Video Tech-enabled Services Demand for tech-enabled services has grown rapidly. Apax identified this trend early-on, including the arrival of next-generation cloud platforms, mobile and web applications, and the Internet of Things. Encouraging that kind of foresight has allowed the Apax Funds to develop substantial experience investing in this space, particularly in digital transformation and software development Cyderes GlobalLogic Thoughtworks Lutech Insight into tech-enabled services Watch this video to find out more about how the Apax Funds work with companies in the tech-enabled services space. Video Telecom The telecom sub-sector is a focal investment area for the Apax Funds. We have extensive experience investing in cable and satellite operators and providers, particularly in Europe. Inmarsat Group Holdings Limited (2019) Odido (formerly T-Mobile Netherlands) Orange Switzerland Weather Investments Tech News Press Release AffiniPay, Parent Company of LawPay, Acquires... 9th June 2022 2 Min read Press Release Recommended cash offer by Apax Funds to acquire... 2nd June 2022 2 Min read Press Release Introducing Bonterra: Technology That Powers... 23rd March 2022 2 min read Press Release Fractal announces US$ 360 million investment... 5th January 2022 2 Min read View all Tech Insights Scaling a leading HR software solutions business – Adam Garson discusses the Apax Funds’ investment in the Zellis Group View case study GlobalLogic View case study | Tech Tech makes up the largest part of the portfolio and is a sector in which the Apax Funds have invested since launch in the early 1980s. This means that our team has not only been part of these expanding industries for four decades, seeing how they have evolved over time, but have gained hands-on experience driving successful disruption and strategic growth. With teams in Europe, Asia and North America, Apax has built local and global know-how. We create sophisticated networks that can support businesses on the ground at home, while also helping them connect and grow internationally. The team is proud to have supported some amazing businesses. We learn from their incredible management teams and further develop our knowledge in the Tech sector, particularly in our key sub-sectors: software, tech-enabled services, and telecom. | Tech makes up the largest part of the portfolio and is a sector in which the Apax Funds have invested since launch in the early 1980s. This means that our team has not only been part of these expanding industries for four decades, seeing how they have evolved over time, but have gained hands-on experience driving successful disruption and strategic growth. | Software proliferation continues to transform the global economy and the Apax Funds are proud to be part of this shift by backing businesses at the forefront of transformation. Focused on building sub-sector champions in software, the Apax Funds have partnered with businesses in enterprise resource planning services, cloud delivery models and many more. Bonterra Duck Creek Technologies Azentio ECi Software Solutions | Software proliferation continues to transform the global economy and the Apax Funds are proud to be part of this shift by backing businesses at the forefront of transformation. Focused on building sub-sector champions in software, the Apax Funds have partnered with businesses in enterprise resource planning services, cloud delivery models and many more.","https://www.apax.com, https://www.apax.com/news-views/accenture-to-acquire-faculty-an-apax-digital-fund-i-portfolio-company-to-scale-ai-capabilities, https://www.apax.com/create/sectors/tech"
www.champlaincapital.com,"For 26 years, we have been a Private Equity Fund that has partnered with U.S. lower middle-market companies looking to take advantage of our C-level expertise. Our fully transparent working style, diverse professional experience, and collaborative process result in simpler and faster transactions for all parties involved. With our One-Stop Solution (all the equity and all the debt) we invest in both traditional Buyout/Recap Transactions as well as Continuation Vehicles where sellers, management teams, and investors all benefit from a simpler, fully aligned capital structure that supports better outcomes across the ownership lifecycle. | For 26 years, we have been a Private Equity Fund that has partnered with U.S. lower middle-market companies looking to take advantage of our C-level expertise. Our fully transparent working style, diverse professional experience, and collaborative process result in simpler and faster transactions for all parties involved. With our One-Stop Solution (all the equity and all the debt) we invest in both traditional Buyout/Recap Transactions as well as Continuation Vehicles where sellers, management teams, and investors all benefit from a simpler, fully aligned capital structure that supports better outcomes across the ownership lifecycle. | All the equity. All the debt. With no need for traditional third-party lenders. Champlain Capital’s One-Stop Solution benefits everyone’s interests: Excellent returns with lower risk, faster and simpler transactions with greater certainty, flexible transaction structures that meet sellers’ and sponsors’ needs, with no adverse third-party lenders to distract management teams. This One-Stop Solution has been used extensively by Champlain’s founders since 1994 and has decades of proven success.We purchase companies directly from sellers and also support sponsors raising capital for Continuation Vehicles to extend the ownership period of one or more existing portfolio companies. Learn More | Champlain Capital’s One-Stop Solution benefits everyone’s interests: Excellent returns with lower risk, faster and simpler transactions with greater certainty, flexible transaction structures that meet sellers’ and sponsors’ needs, with no adverse third-party lenders to distract management teams. This One-Stop Solution has been used extensively by Champlain’s founders since 1994 and has decades of proven success.We purchase companies directly from sellers and also support sponsors raising capital for Continuation Vehicles to extend the ownership period of one or more existing portfolio companies. | Champlain Capital’s One-Stop Solution benefits everyone’s interests: Excellent returns with lower risk, faster and simpler transactions with greater certainty, flexible transaction structures that meet sellers’ and sponsors’ needs, with no adverse third-party lenders to distract management teams. This One-Stop Solution has been used extensively by Champlain’s founders since 1994 and has decades of proven success. | We concentrate on the U.S. lower middle-market.Champlain Capital believes smaller companies have significantly higher growth potential than their size implies. We elevate untapped opportunities by crafting sustainable strategic plans, developing organizational capabilities, and improving functional operations to unlock hidden value. Our target: companies with revenues of $25 million to $100 million and EBITDA of $5 million to $20 million. Our investment size ranges from $25 million to $150 million.We invest in what we know.We like to partner with companies in niche businesses, including consumer products, manufacturing, business services and value-added distribution. We help management go full throttle. At Champlain, all the capital comes from one source — so as challenges occur or timely opportunities arise, management is ready to act quickly while staying prepared for the long term.We ease the path for sellers and sponsors.Our team understands how selling a company can be complicated, filled with trade-offs, and exhausting to owners who have never faced this task. Whether the goal is to cash out and retire, or to retain both a financial stake and ongoing involvement in the business, we know how to make it happen with minimal stress or risk and with maximum certainty. For sponsors raising capital for a continuation vehicle, our approach, experience and One-Stop Solution enable deal certainty, speed and simpler transactions.We take a practical and thoughtful approach to our ESG Commitments.We view responsible investing as a key priority for Champlain. This commitment to responsible investing enables our portfolio companies to be more successful. It’s also one more way that we help good companies become even bigger, better, more profitable businesses, resulting in superior returns for our investors. | One-Stop Solution – better for everyone!Aligning everyone’s interests isn’t just talk at Champlain Capital, and one way we achieve it is by our unique approach to transaction funding. Created and successfully utilized by Champlain’s founders since 1994, our One-Stop Solution allows us to provide all the equity and debt required to purchase a company — all of it. This eliminates the need for restrictive third-party debt that can so often impede further growth.Most importantly, our One-Stop Solution benefits all our key stakeholders. Champlain investors can realize excellent returns with lower financial risk and lower cost. Sellers benefit through our ability to create flexible transaction structures that maximize seller gains upon exit. Champlain portfolio management teams are not burdened by third-party lenders who have interests that are potentially adverse, so management can be nimbler and more adaptable to changing business needs. Sponsors raising capital for Continuation Vehicles benefit from deal certainty, speed and simplicity. | Champlain Capital believes smaller companies have significantly higher growth potential than their size implies. We elevate untapped opportunities by crafting sustainable strategic plans, developing organizational capabilities, and improving functional operations to unlock hidden value. Our target: companies with revenues of $25 million to $100 million and EBITDA of $5 million to $20 million. Our investment size ranges from $25 million to $150 million. | Champlain Capital seeks investments of $25 million to $150 million in companies showing strong and consistent earnings, products valued by customers, defensible market positions, and solid organic growth potential. Our goal always is to help good companies become even better! | Champlain Capital seeks investments of $25 million to $150 million in companies showing strong and consistent earnings, products valued by customers, defensible market positions, and solid organic growth potential. Our goal always is to help good companies become even better!","https://www.champlaincapital.com, https://www.champlaincapital.com/investment-approach"
www.apollo.com,"Apollo is addressing the approximately $90T worth of investments needed to power the Global Industrial Renaissance with bold yet nimble capital for the world’s most ambitious companies. Learn More Apollo and Athene have been delivering investment solutions across the retirement ecosystem for more than three decades. Amid the silver tsunami, we are improving retirement outcomes. Learn More Explore how private credit can promote resiliency in financial systems, fuel business growth and power retirement income. Learn More Public markets have become increasingly indexed and correlated, resulting in diminished growth prospects. Learn how private markets have the potential to provide diversification benefits and enhance risk-adjusted returns. Learn More Across our Equity platform, we apply deep expertise to deliver value creation at scale, driving transformation and growth. Learn More Capital Retirement Credit Portfolios Equity | Apollo is addressing the approximately $90T worth of investments needed to power the Global Industrial Renaissance with bold yet nimble capital for the world’s most ambitious companies. Learn More Apollo and Athene have been delivering investment solutions across the retirement ecosystem for more than three decades. Amid the silver tsunami, we are improving retirement outcomes. Learn More Explore how private credit can promote resiliency in financial systems, fuel business growth and power retirement income. Learn More Public markets have become increasingly indexed and correlated, resulting in diminished growth prospects. Learn how private markets have the potential to provide diversification benefits and enhance risk-adjusted returns. Learn More Across our Equity platform, we apply deep expertise to deliver value creation at scale, driving transformation and growth. Learn More | Across our Equity platform, we apply deep expertise to deliver value creation at scale, driving transformation and growth. | Apollo Funds Complete Acquisitions of Emerald and Questex, Creating a Scaled, B2B Experiential Events and Media Platform Positioned to Drive Sustained, Long-Term Growth | Apollo Funds Complete Acquisitions of Emerald and Questex, Creating a Scaled, B2B Experiential Events and Media Platform Positioned to Drive Sustained, Long-Term Growth | Apollo Global Management, Inc. 9 West 57th Street, 41st Floor New York, NY 10019 +1 (212) 515-3200 | Apollo Global Management, Inc. 9 West 57th Street, 41st Floor New York, NY 10019 | Joanna Rose Global Head of Corporate Communications Apollo Global Management, Inc. Communications@apollo.com EUROPE Erin Clark Apollo Global Management, Inc. EuropeanMedia@apollo.com & Apollo-EuropeMedia@fgsglobal.com ASIA PACIFIC Charles Donohoe Apollo Global Management, Inc. Communications@apollo.com | Joanna Rose Global Head of Corporate Communications Apollo Global Management, Inc. | Noah Gunn Global Head of Investor Relations Apollo Global Management, Inc. IR@apollo.com | 1. As of September 30, 2025 2. Sources: Federal Reserve Board, PitchBook, Morningstar indexes, SIFMA, ICE BofA. Represents the views and opinions of Apollo Analysts. Not an exhaustive list. As of December 2025. 3. Reflects the total addressable market as evaluated by Apollo; includes certain assets and asset classes that may be unrated or not rated ‘investment grade’ by agencies but have investment and risk characteristics that are distinct from levered lending. Such assets and asset classes constitute a small minority proportion of the $38T. As of December 2025. 4. Credit ratings are statements of opinions and not statements of facts or recommendations to purchase, hold or sell securities. They do not address the suitability of securities for investment purposes and should not be relied on as investment advice. 5. Source: Bank for International Settlements. Refers to nonfinancial business lending. As of December 2025. 6. Company names and logos are trademarks of their respective holders. 7. Energy, Power, Digital, Leveraged Financial Overhang: TAMs reflect the views and opinions of Apollo Analysts based on expected aggregate investment/capex demands over the next 10 years. As of December 2025. 8. Sponsor Overhang: Apollo Chief Economist. Represents the amount of highly leveraged debt maturing in the next five years. As of December 2025. 9. Origination platforms are portfolio companies of investment funds managed by Apollo. Please refer to Apollo Capital Management L.P.'s Form ADV Part 2A for additional information regarding platform arrangements. | Many of the world’s largest and highest quality companies issue private investment-grade debt alongside corporate bonds and other forms of borrowing. Companies like Intel, bp, AB InBev, EDF, Sony and many more have turned to private capital firms like Apollo for bespoke, long-dated financing solutions to support some of their most strategically important growth initiatives. (6) | Many of the world’s largest and highest quality companies issue private investment-grade debt alongside corporate bonds and other forms of borrowing. Companies like Intel, bp, AB InBev, EDF, Sony and many more have turned to private capital firms like Apollo for bespoke, long-dated financing solutions to support some of their most strategically important growth initiatives. (6) | 9. Origination platforms are portfolio companies of investment funds managed by Apollo. Please refer to Apollo Capital Management L.P.'s Form ADV Part 2A for additional information regarding platform arrangements. | Vonovia: Transformative Capital Solutions in Europe Apollo’s ongoing capital partnership with Vonovia demonstrates our ability to provide scaled, bespoke solutions to support the strategic objectives of our closest corporate relationships.","https://www.apollo.com, https://www.apollo.com/aboutus/contact-us, https://www.apollo.com/strategies/asset-management/credit/investment-grade-private-credit"
www.american-securities.com,"Drivingthe Essential Economy American Securities invests in leading industrials and services businesses, partnering with management teams to build your durable edge.Drivingthe Essential Economy Industrial Products & ServicesBuilding ProductsA&D and Government ServicesIT ServicesPower & EnergySpecialty MaterialsAll CompaniesIntegrated Expertise. Lasting Impact.Our Firm$23B+Total AUM32Years in Private Equity81Platform Investments379Add-On AcquisitionsOur Firm | Integrated Expertise. Lasting Impact.Our Firm$23B+Total AUM32Years in Private Equity81Platform Investments379Add-On AcquisitionsOur Firm | With family office origins dating back eight decades and 30+ years as an institutional investor, American Securities is an integrated team of seasoned investors, operators, and functional experts, partnering with management teams to build stronger, more resilient businesses. | American Securities invests in leading industrials and services businesses, partnering with management teams to build your durable edge. | American Securities invests in leading industrials and services businesses, partnering with management teams to build your durable edge.",https://www.american-securities.com
www.abry.com,"Areas of Expertise Business and Facility Services Communications Data Centers and Managed IT Services Government Services Healthcare IT and Services Human Capital Management Insurance and Financial Services Media and Entertainment Outsourced Professional Services | May 11, 2026 Abry Private Debt Acquires $330 Million Private Credit Portfolio Abry Assumes Active Management Role Across Portfolio CHARLOTTE, N.C.–(BUSINESS WIRE)–Abry Private Debt, the private credit strategy of Abry Partners, today… | February 4, 2026 Abry Partners Prices Third CLO Transaction $407 million issuance marks continued momentum and cost efficiency for CLO platform BOSTON, MA, February 4, 2026 – Abry Partners… | Fund Strategies $2.1B ABRY Partners IX $605M ABRY Heritage Partners II $1.1B ABRY Senior Equity VI $1.5B ABRY Advanced Security Fund IV | June 9, 2026 KaufmanIT Announces Strategic Investment from Abry Partners IRVINE, CA and BOSTON, MA – June 9, 2026 – KaufmanIT (the “Company”), an award-winning managed IT, cybersecurity, and cloud…",https://www.abry.com
www.americanindustrial.com,"Skip to main content Transforming industrial businesses into enduring market leaders AIP is a transformational investor focused on strategically attractive companies across the industrial economy. Combining deep sector expertise with operational rigor and engineering discipline, we seek to create enduring value in companies that underpin the industrial economy. Investment Strategy As of March 31, 2026 $ 17.8 bn of Assets Under Management As of March 31, 2026 $ 32 bn Portfolio Revenue As of March 31, 2026 145 + Platform & Add-On Acquisitions Since Inception We are a Wolf Pack – the strength of each drives the strength of all We lead by serving, operating out of a single office for multiple decades. We are specialists, not generalists – operators and engineers driving change to build great businesses. We reward teamwork and creativity and operate with transparency. When we shake your hand, you have our word. Team Industrial Focus Verticals Aerospace & Defense → Automotive → Building Products → Capital Equipment → Chemicals → Distribution → Industrial Services → Industrial Technology → Medical Equipment & Devices → Metals & Mining → Paper, Packaging, and Forest Products → Transportation & Logistics → Targeted Investment Characteristics Basic-needs industries mission-critical to powering the industrial economy Leading market position in attractive industries Valuable hard assets Sustainable competitive advantages AIP driven Operating Agenda to grow earnings Compelling potential for strategic value Our Portfolio We believe our ability to repeatedly build strategically valuable market leaders is driven by the strength of our partnerships with portfolio company management teams, Limited Partners, and the broader AIP team. We treat investor capital with greater dedication and care than our own and seek to deliver outcomes worthy of our collective effort, long-term commitment, and use of LP capital. View Portfolio Sector: Industrial Technology Fund: AIPCF VII Sector: Transportation & Logistics Fund: AIPCF VIII Sector: Aerospace & Defense Fund: AIPCF V Sector: Paper, Packaging, and Forest Products Fund: AIPCF VII Sector: Metals & Mining Fund: AIPCF VIII Sector: Metals & Mining Fund: AIPCF VIII Sector: Industrial Services Fund: AIPCF VI Sector: Building Products Fund: AIPCF VI Sector: Metals & Mining Fund: AIPCF VII Sector: Aerospace & Defense Fund: AIPCF VI Sector: Industrial Technology Fund: AIPCF VI Sector: Metals & Mining Fund: AIPCF VII Sector: Paper, Packaging, and Forest Products Fund: AIPCF VIII Sector: Capital Equipment Fund: AIPCF VII Sector: Paper, Packaging, and Forest Products Fund: AIPCF VIII Sector: Capital Equipment Fund: AIPCF VIII Sector: Capital Equipment Fund: AIPCF V Sector: Chemicals Fund: AIPCF VIII Sector: Distribution Fund: AIPCF V Sector: Building Products Fund: AIPCF VII & VIII Sector: Distribution Fund: AIPCF VII Sector: Transportation & Logistics Fund: AIPCF VII Sector: Industrial Services Fund: AIPCF VII Sector: Automotive Fund: AIPCF V Sector: Industrial Technology Fund: AIPCF VIII Sector: Transportation & Logistics Fund: AIPCF VII Sector: Aerospace & Defense Fund: AIPCF VI Sector: Automotive Fund: AIPCF VII | We believe our ability to repeatedly build strategically valuable market leaders is driven by the strength of our partnerships with portfolio company management teams, Limited Partners, and the broader AIP team. We treat investor capital with greater dedication and care than our own and seek to deliver outcomes worthy of our collective effort, long-term commitment, and use of LP capital. | We believe our ability to repeatedly build strategically valuable market leaders is driven by the strength of our partnerships with portfolio company management teams, Limited Partners, and the broader AIP team. We treat investor capital with greater dedication and care than our own and seek to deliver outcomes worthy of our collective effort, long-term commitment, and use of LP capital. | AIP is a transformational investor focused on strategically attractive companies across the industrial economy. Combining deep sector expertise with operational rigor and engineering discipline, we seek to create enduring value in companies that underpin the industrial economy. | Combining deep sector expertise with operational rigor and engineering discipline, we seek to create enduring value in companies that underpin the industrial economy.",https://www.americanindustrial.com
www.ridgemontep.com,"Jake SloaneCrete Mechanical Group, Co-FounderWe had the opportunity to get to know and trust the Ridgemont team ahead of entering the market to raise capital from outside investors. Their experience working alongside founders and approach to creating alignment and collaborative partnerships with management teams helped us gain conviction around Ridgemont as our preferred growth partner when recapitalizing our company.Dolly Wagner-WilkinsWorldwide Express, Chief Technology OfficerRidgemont has been very supportive of the build-out and implementation of our proprietary tech platform, from recruiting the right talent to rolling out across our many locations. Our new technology platform is a bold investment, but it is strategic for the business, and Ridgemont encouraged us to keep pushing forward and brought a full suite of resources to ensure the success of the project.Kevin AndersonUnite Private Networks, Founder, Chairman & CEOWe first partnered with Ridgemont in 2010 and have shared much success together. They are very experienced investors in our industry and have always offered valuable insight and shared our vision for what UPN was capable of achieving through each chapter of our business.Bob MunchMunch’s Supply, CEOI really love what I do and value Ridgemont’s support of our legacy and our future. It is incredibly important to find a partner that is knowledgeable in the industry and respects family-run businesses.Susan StarkSPG, Founder & PresidentOur partnership with Ridgemont allowed us to expand our service offering and enhance our ability to serve children with autism and other special needs. With Ridgemont’s guidance, we have put together multi-year strategic initiatives to pursue acquisitions in new markets and grow our therapeutic capabilities. | For over 30 years, the principals of Ridgemont Equity Partners have worked in partnership with leading management teams to accomplish shared growth objectives.Watch The Video | For over 30 years, the principals of Ridgemont Equity Partners have worked in partnership with leading management teams to accomplish shared growth objectives. | We had the opportunity to get to know and trust the Ridgemont team ahead of entering the market to raise capital from outside investors. Their experience working alongside founders and approach to creating alignment and collaborative partnerships with management teams helped us gain conviction around Ridgemont as our preferred growth partner when recapitalizing our company. | Our partnership with Ridgemont allowed us to expand our service offering and enhance our ability to serve children with autism and other special needs. With Ridgemont’s guidance, we have put together multi-year strategic initiatives to pursue acquisitions in new markets and grow our therapeutic capabilities. | Email *Name *FirstLastCompany *ZIP Code *Primary Function *Please select your primary functionLP InvestorAccountantAttorneyConsultantSearch ExecutiveEquity-Buyout/GrowthEquity-VentureDebt Financing SourceManagement/Operating ExecutiveInvestment BankerWealth ManagerPlacement AgentOtherSubscribe | Primary Function *Please select your primary functionLP InvestorAccountantAttorneyConsultantSearch ExecutiveEquity-Buyout/GrowthEquity-VentureDebt Financing SourceManagement/Operating ExecutiveInvestment BankerWealth ManagerPlacement AgentOther | Investment ThemesDemographics driving market tailwinds Rising healthcare costs Tech-driven innovation and data proliferation Provider consolidation Heightened awareness of mental and behavioral health Healthcare consumerism Expansion of in-home care Positive outsourcing trends Digitization and automation of manual processes to drive efficiencies Shift towards cloud-based technology platforms Increasingly complex regulatory, compliance, and cybersecurity requirements Greater need for integration and interoperability across systems Increased demand for reporting, analytics, and AI to drive decision-making | Sub-Sectors of InterestBehavioral Outsourced Services & Distribution Pharma Services Post-Acute Care | Digitization and automation of manual processes to drive efficiencies","https://www.ridgemontep.com, https://www.ridgemontep.com/industry-sector-focus/healthcare"
www.carouselcapital.com,"Private Equity on Your Terms Sophisticated and Customized Solutions. At Carousel Capital, our investments are not simply transactions. Our people-first approach seeks to build alliances that are more than just an investment. We are relationship-based, results-focused, and experience-driven – which we believe is supported by our 25+ year track record. Learn More For more than 25 years Carousel Capital has managed more than $2B in private equity commitments across six funds and Carousel-sponsored co-investments and other alternative investment vehicles used to invest in businesses that have an aggregate enterprise value exceeding Carousel Capital was founded in 1996. The current management team took control of the firm in 2006, coinciding with the launch of Fund III. Funds I & II were led by others not currently involved in management of the firm and contained certain investment strategies that have since been discontinued (i.e. growth, venture/non-control investments). Funds III and all subsequent funds raised by Carousel Capital are representative of the firm's current thesis and core competencies of private equity investing in the Southeastern United States. The statistics presented herein are based on data beginning in 2006, unless otherwise noted. $10.5 billion Carousel Capital has not made a CEO change in any platform investment made since 2006 other than planned retirements Since 2006 84% of our investments have been first-time institutional equity capital Since 2006, Carousel Capital investments have been in companies that have had 193% Defined by the term which the Fund(s) held majority control of the investment. Average revenue growth during our partnership Since 2006, Carousel Capital investments have been in companies that have had 213% Defined by the term which the Fund(s) held majority control of the investment. average EBITDA growth during our partnership We look for the right business, the right situation, and the right people. We believe that both our returns and our CEO relationships show the results. Our Success Our Approach Our Approach For Management For Management Building Partnerships With Management We have a deep understanding of the hard work, sacrifices, and risks involved in building a successful business. We believe we're partners in the next step toward reaching your goals. Learn More For Intermediaries For Intermediaries A Solid Track Record of Success We have a 25+ year history of working with investment bankers, business brokers, attorneys, accountants, consultants, executives, and other intermediaries. We honor your reputation and the importance of your existing partnerships. Learn More 25+ years of experience + commitment Southeastern Focused, Relationship Driven We believe that the Southeast represents an enormous economic engine with thousands of growing service businesses. We invest in the Southeast due to its business friendly environment and explosive growth and focus on trust and valued relationships. Firm Overview Trusted Partnerships Location Tampa, FL Year of Investment 2013 Category Business Services Location Greensboro, NC Year of Investment 2014 Category Business Services Location Montgomery, AL Year of Investment 2014 Category Consumer Services Location Charlotte, NC Year of Investment 2006 Category Business Services Location Lake Mary, FL Year of Investment 2006 Category Healthcare Services Transflo is the leading provider of tech-enabled revenue cycle, document management and invoicing solutions to the transportation industry. View Case Study APEX Analytix is a leading provider of audit, recovery and compliance technology and services to global Fortune 1000 companies. View Case Study Joe Hudson’s Collision Center is a leading provider of automotive collision repair services in the Southeastern United States. View Case Study A leading provider of outsourced database management, marketing program administration, data collection and data analysis services to the agriculture/crop protection, animal health and healthcare industries. View Case Study Axium Healthcare Pharmacy, Inc. is a leading independent specialty pharmacy that provides comprehensive disease-management programs to meet the needs of patients with rare or chronic conditions. View Case Study Recent News June 24, 2026 Carousel Capital Announces Realization of Investment in Armstrong Transport Group Carousel Capital announced today that it has successfully realized its investment in Armstrong Transport Group, a leading logistics platform that operates primarily through an independent agent network to connect commercial shippers with full truckload, heavy-haul, flatbed, temperature-controlled, and less-than-truckload carriers across the United States, Canada, and Mexico. Quad-C Management, Inc., a leading middle market private equity firm, has acquired a majority stake in the Company. Read Post June 16, 2026 Carousel Capital Announces Principal Promotion May 21, 2026 Carousel Capital Recapitalizes Jay Industrial Repair February 11, 2026 CraneWorks / RentalWorks Appoints Bill Niketas as Chief Executive Officer Older Posts | Carousel Capital announced today that it has successfully realized its investment in Armstrong Transport Group, a leading logistics platform that operates primarily through an independent agent network to connect commercial shippers with full truckload, heavy-haul, flatbed, temperature-controlled, and less-than-truckload carriers across the United States, Canada, and Mexico. Quad-C Management, Inc., a leading middle market private equity firm, has acquired a majority stake in the Company. | Carousel Capital announced today that it has successfully realized its investment in Armstrong Transport Group, a leading logistics platform that operates primarily through an independent agent network to connect commercial shippers with full truckload, heavy-haul, flatbed, temperature-controlled, and less-than-truckload carriers across the United States, Canada, and Mexico. Quad-C Management, Inc., a leading middle market private equity firm, has acquired a majority stake in the Company. | Carousel Capital was founded in 1996. The current management team took control of the firm in 2006, coinciding with the launch of Fund III. Funds I & II were led by others not currently involved in management of the firm and contained certain investment strategies that have since been discontinued (i.e. growth, venture/non-control investments). Funds III and all subsequent funds raised by Carousel Capital are representative of the firm's current thesis and core competencies of private equity investing in the Southeastern United States. The statistics presented herein are based on data beginning in 2006, unless otherwise noted. | Carousel Capital was founded in 1996. The current management team took control of the firm in 2006, coinciding with the launch of Fund III. Funds I & II were led by others not currently involved in management of the firm and contained certain investment strategies that have since been discontinued (i.e. growth, venture/non-control investments). Funds III and all subsequent funds raised by Carousel Capital are representative of the firm's current thesis and core competencies of private equity investing in the Southeastern United States. The statistics presented herein are based on data beginning in 2006, unless otherwise noted. | Our Approach Partnerships First. Transaction Second. For Management Building Partnerships With Management For Intermediaries A Solid Track Record Of Success We work to create successful partnerships. Carousel Capital has a deep understanding of the hard work, sacrifices, and risks involved in building a successful business. We work hard to be respectful of your corporate culture and the unique aspects of your business that created its success. “ Carousel Capital believes in forming partnerships that are right for everyone involved. The most successful partnerships are those based on mutual respect and shared ideals. Jason C. Schmidly, Managing Partner For Management Customized Private Equity for Successful Business Owners. Since 2006 Carousel Capital has not made a CEO change in any platform investment made since 2006. Other than a CEO's planned retirement We’re entrepreneurs too. Like you, we understand what it takes to lead a successful organization. This is the experience we seek to bring to any partnership. Our leadership has been working together for more than 25 years and remains actively engaged in every partnership we strike. With Carousel Capital, you will have a partnership with the team that has a had a front row seat across over 40 investments. We’d love to do something great together. Contact Us Since 2006 70% of our investments have been in companies that were founder-owned. For Intermediaries Customized Solutions for Your Client Our goal is to do what we say. Carousel Capital has a long and successful history of working with investment bankers, business brokers, attorneys, accountants, consultants, executives, and various other intermediaries. We take great care to ensure that your relationship with your client is properly protected and that our interactions are forthright. We believe that our deep experience allows us to deliver on our promises, a core tenant of our investment and diligence process. Investment Criteria Since 2006, the aggregate enterprise value of all Carousel's current and former portfolio companies exceeds$10.5 billion Looking out for intermediaries. We will gladly pay fees to compensate intermediaries for referrals of closed investments. We pride ourselves on our timely and decisive feedback on ideas and pledge to be a resource for suggestions should an opportunity prove not to be of interest. Get in touch to discuss how Carousel Capital can be your partner in success. Contact Us 100+ CEO investors Since the firm's inception, our group of over 100 CEO investors in our funds has brought us a network of opportunities in the southeast. They are not operating partners, nor looking to run your business, but they do extend our reputation. Since 2006, Carousel Capital investments have been in companies that have had 193% Defined by the term which the Fund(s) held majority control of the investment. Average revenue growth during our partnership Carousel Capital's fund VI raised $700 Million Since 2006 84% of our investments have been first-time institutional equity capital | For Management Building Partnerships With Management For Intermediaries A Solid Track Record Of Success | Carousel Capital has a deep understanding of the hard work, sacrifices, and risks involved in building a successful business. We work hard to be respectful of your corporate culture and the unique aspects of your business that created its success. | Carousel Capital has a deep understanding of the hard work, sacrifices, and risks involved in building a successful business. We work hard to be respectful of your corporate culture and the unique aspects of your business that created its success. | Carousel Capital believes in forming partnerships that are right for everyone involved. The most successful partnerships are those based on mutual respect and shared ideals. Jason C. Schmidly, Managing Partner | June 24 News Carousel Capital Announces Realization of Investment in Armstrong Transport Group June 24, 2026 — Carousel Capital announced today that it has successfully realized its investment in Armstrong Transport Group (“Armstrong” or “the Company”), a leading logistics platform that operates primarily through an independent agent network to connect commercial shippers with full truckload (FTL), heavy-haul, flatbed, temperature-controlled, and less-than-truckload (LTL) carriers across the United States, Canada, and Mexico. Quad-C Management, Inc. (“Quad-C”), a leading middle market private equity firm, has acquired a majority stake in the Company. Terms of the transaction were not disclosed. Founded in 2006, Armstrong has established a differentiated freight brokerage platform by leveraging a service-first culture, entrepreneurial mindset, and technology-forward posture to serve all freight constituents. “We are delighted about the opportunity to partner with a group that has a shared understanding of the Armstrong model and enthusiasm for our mission statement,” said Cameron Ramsdell, CEO of Armstrong. “We selected Quad-C because of their deep experience partnering with growth-oriented management teams in the transportation and logistics sector. Quad-C supports our continued vision of combining great people with technology to deliver an unmatched experience to our shipper and carrier partners.” Carousel Capital initially partnered with Brian Mann and Graton Eason to recapitalize Armstrong in 2019, serving as the Company's first institutional capital investor. Ramsdell added, ""On behalf of Armstrong, I would like to thank Carousel Capital, Brian Mann, and Graton Eason. We are extremely grateful for their partnership and their steadfast support of a disciplined growth strategy that has enabled Armstrong to consistently outperform the market and become one of the largest and fastest growing freight brokerages in North America."" Jason Schmidly, Managing Partner of Carousel Capital, said, ""We are incredibly proud of what Cameron and his team have accomplished, and how this platform evolved from a first time institutionally backed business into one of the largest, most differentiated platforms within freight brokerage. We had an incredibly successful outcome because our team stayed steadfast in our commitment to growth, no matter the freight environment."" Tyler Moses, Principal of Carousel Capital, added, ""It has been a privilege to partner with the Armstrong team as the Company scaled its network by carefully managing our balance sheet and adding brokers and agents when others pulled back during the freight recession. Armstrong never stopped investing in people and technology and built a reputation for excellence across all key freight constituents.” Both added, “Armstrong is positioned to scale for many years to come, and Carousel Capital wishes the Company and Quad-C continued success."" Harris Williams and Citizens JMP Securities served as financial advisors, and K&L Gates LLP served as legal advisor to Armstrong. Share Prev Carousel Capital Announces Principal Promotion Read Post Next Carousel Exits Express Oil Change & Service Center Read Post | June 24, 2026 — Carousel Capital announced today that it has successfully realized its investment in Armstrong Transport Group (“Armstrong” or “the Company”), a leading logistics platform that operates primarily through an independent agent network to connect commercial shippers with full truckload (FTL), heavy-haul, flatbed, temperature-controlled, and less-than-truckload (LTL) carriers across the United States, Canada, and Mexico. Quad-C Management, Inc. (“Quad-C”), a leading middle market private equity firm, has acquired a majority stake in the Company. Terms of the transaction were not disclosed. Founded in 2006, Armstrong has established a differentiated freight brokerage platform by leveraging a service-first culture, entrepreneurial mindset, and technology-forward posture to serve all freight constituents. “We are delighted about the opportunity to partner with a group that has a shared understanding of the Armstrong model and enthusiasm for our mission statement,” said Cameron Ramsdell, CEO of Armstrong. “We selected Quad-C because of their deep experience partnering with growth-oriented management teams in the transportation and logistics sector. Quad-C supports our continued vision of combining great people with technology to deliver an unmatched experience to our shipper and carrier partners.” Carousel Capital initially partnered with Brian Mann and Graton Eason to recapitalize Armstrong in 2019, serving as the Company's first institutional capital investor. Ramsdell added, ""On behalf of Armstrong, I would like to thank Carousel Capital, Brian Mann, and Graton Eason. We are extremely grateful for their partnership and their steadfast support of a disciplined growth strategy that has enabled Armstrong to consistently outperform the market and become one of the largest and fastest growing freight brokerages in North America."" Jason Schmidly, Managing Partner of Carousel Capital, said, ""We are incredibly proud of what Cameron and his team have accomplished, and how this platform evolved from a first time institutionally backed business into one of the largest, most differentiated platforms within freight brokerage. We had an incredibly successful outcome because our team stayed steadfast in our commitment to growth, no matter the freight environment."" Tyler Moses, Principal of Carousel Capital, added, ""It has been a privilege to partner with the Armstrong team as the Company scaled its network by carefully managing our balance sheet and adding brokers and agents when others pulled back during the freight recession. Armstrong never stopped investing in people and technology and built a reputation for excellence across all key freight constituents.” Both added, “Armstrong is positioned to scale for many years to come, and Carousel Capital wishes the Company and Quad-C continued success."" Harris Williams and Citizens JMP Securities served as financial advisors, and K&L Gates LLP served as legal advisor to Armstrong. | Carousel Capital announced today that it has successfully realized its investment in Armstrong Transport Group (“Armstrong” or “the Company”), a leading logistics platform that operates primarily through an independent agent network to connect commercial shippers with full truckload (FTL), heavy-haul, flatbed, temperature-controlled, and less-than-truckload (LTL) carriers across the United States, Canada, and Mexico. Quad-C Management, Inc. (“Quad-C”), a leading middle market private equity firm, has acquired a majority stake in the Company. Terms of the transaction were not disclosed. | “We are delighted about the opportunity to partner with a group that has a shared understanding of the Armstrong model and enthusiasm for our mission statement,” said Cameron Ramsdell, CEO of Armstrong. “We selected Quad-C because of their deep experience partnering with growth-oriented management teams in the transportation and logistics sector. Quad-C supports our continued vision of combining great people with technology to deliver an unmatched experience to our shipper and carrier partners.” | Jason Schmidly, Managing Partner of Carousel Capital, said, ""We are incredibly proud of what Cameron and his team have accomplished, and how this platform evolved from a first time institutionally backed business into one of the largest, most differentiated platforms within freight brokerage. We had an incredibly successful outcome because our team stayed steadfast in our commitment to growth, no matter the freight environment."" Tyler Moses, Principal of Carousel Capital, added, ""It has been a privilege to partner with the Armstrong team as the Company scaled its network by carefully managing our balance sheet and adding brokers and agents when others pulled back during the freight recession. Armstrong never stopped investing in people and technology and built a reputation for excellence across all key freight constituents.” Both added, “Armstrong is positioned to scale for many years to come, and Carousel Capital wishes the Company and Quad-C continued success.""","https://www.carouselcapital.com, https://www.carouselcapital.com/our-approach, https://www.carouselcapital.com/news/carousel-capital-announces-realization-of-investment-in-armstrong-transport-group"
www.equistonepe.com,"Equistone Partners Europe Historically operating across Benelux, France, Germany, Switzerland and the UK, Equistone aligns as a strategic partner alongside management teams. In each market, strong businesses with the potential to grow have been supported by our capital and guided by our experience. Since we started managing dedicated external funds in 2002, we have built a consistent track record, encompassing over 180 investments. The firm continues to invest in and manage its existing portfolio for its investors and to drive the best outcomes for all businesses – supporting both organic growth and strategic acquisitions. For our investors, please visit the investor portal for more information or email us at ir@equistone.uk. For media enquiries, kindly contact our PR advisors at equistone@hawthornadvisors.com. For information regarding Equistone Partners France, please click here. For any other enquiries, please email us at info@equistone.uk. INVESTMENTS A strong focus on change of ownership deals requiring between €25m and €200m of equity in businesses with enterprise values of between €50m and €500m. Sep 2022 SF-Filter A leading European distribution platform for mobile and industrial filters. Jul 2022 Virgin Experience Days A leading provider of experience gifts. Feb 2022 eperi A compliance and cybersecurity software specialist. Jun 2021 - Exit Jun 2025 TIMETOACT GROUP A leading IT services provider. Apr 2021 - Exit Aug 2025 KWC Group A designer and manufacturer of fittings and accessories for kitchens, bathrooms and washrooms. Oct 2019 - Exit May 2026 Omnicare Omnicare is a German oncology-focused distributor of medicinal products. Mar 2019 RENA A leading global manufacturer of wet chemical process equipment. Nov 2018 - Exit Jun 2024 Small World An international money transfer provider. Jul 2018 Nylacast A designer and manufacturer of precision-engineered polymer solutions. Apr 2018 BOAL Group A leading manufacturer of high-tech greenhouse roofing solutions. Jan 2018 - Exit May 2021 Oikos Group A manufacturer of prefabricated homes. Nov 2017 BFT Mastclimbing A provider of mobile mast climbing work platforms (MCWPs) to the UK construction industry. Sep 2017 - Exit Feb 2022 DefShop A leading German multichannel retailer of streetwear and hip-hop clothing. Jun 2017 Willerby The UK’s leading manufacturer of static holiday homes. Jan 2017 - Exit Dec 2020 Group of Butchers A group of artisanal butchers. Dec 2016 - Exit Mar 2018 TOM Vehicle Rental A provider of commercial vehicle hire, sales and services. Sep 2016 - Exit Nov 2020 Roth Gruppe A leading provider of structural fire protection, technical insulation and coating solutions. Sep 2016 United Initiators A global manufacturer of peroxides, persulfates and other specialty initiators. Jul 2016 Sihl An international provider of printed media solutions in the growing digital printing market. Feb 2016 - Exit Sep 2025 GALA GROUP A leading manufacturer of candles. Jan 2016 - Exit Jul 2018 Gaucho A restaurant group with an emphasis on authentic Argentinian cuisine SEE MORE | Historically operating across Benelux, France, Germany, Switzerland and the UK, Equistone aligns as a strategic partner alongside management teams. In each market, strong businesses with the potential to grow have been supported by our capital and guided by our experience. Since we started managing dedicated external funds in 2002, we have built a consistent track record, encompassing over 180 investments. The firm continues to invest in and manage its existing portfolio for its investors and to drive the best outcomes for all businesses – supporting both organic growth and strategic acquisitions. For our investors, please visit the investor portal for more information or email us at ir@equistone.uk. For media enquiries, kindly contact our PR advisors at equistone@hawthornadvisors.com. For information regarding Equistone Partners France, please click here. For any other enquiries, please email us at info@equistone.uk. | The firm continues to invest in and manage its existing portfolio for its investors and to drive the best outcomes for all businesses – supporting both organic growth and strategic acquisitions. | Historically operating across Benelux, France, Germany, Switzerland and the UK, Equistone aligns as a strategic partner alongside management teams. In each market, strong businesses with the potential to grow have been supported by our capital and guided by our experience. | For information regarding Equistone Partners France, please click here. | SEE ALL INVESTMENTS Roth Gruppe ROTH Gruppe (ROTH) is a leading Swiss provider of structural fire protection, technical insulation and coating solutions. With an established reputation as a technological leader, ROTH has offered consulting, planning and installation services as well as long-term maintenance services for major infrastructure projects, such as public and private buildings since it was founded in 2001. Equistone Funds supported ROTH’s plans for expansion with the completion of three strategic add-on acquisitions. Headquartered in Gerlafingen, Switzerland, the business has a nationwide presence and employs 450 people across its eleven locations. THE EXIT Equistone Fund V sold its investment in ROTH to a fund advised by Patrimonium Private Equity Advisors AG. HOLDING PERIOD Sep 2016 - Nov 2020 Country Switzerland Sector Business Services Revenue Progression - Employees at ACQ. over 350 Investment Type Secondary MBO | ROTH Gruppe (ROTH) is a leading Swiss provider of structural fire protection, technical insulation and coating solutions. With an established reputation as a technological leader, ROTH has offered consulting, planning and installation services as well as long-term maintenance services for major infrastructure projects, such as public and private buildings since it was founded in 2001. Equistone Funds supported ROTH’s plans for expansion with the completion of three strategic add-on acquisitions. Headquartered in Gerlafingen, Switzerland, the business has a nationwide presence and employs 450 people across its eleven locations. THE EXIT Equistone Fund V sold its investment in ROTH to a fund advised by Patrimonium Private Equity Advisors AG. | Equistone Funds supported ROTH’s plans for expansion with the completion of three strategic add-on acquisitions. | With an established reputation as a technological leader, ROTH has offered consulting, planning and installation services as well as long-term maintenance services for major infrastructure projects, such as public and private buildings since it was founded in 2001. | Equistone Fund V sold its investment in ROTH to a fund advised by Patrimonium Private Equity Advisors AG.","https://www.equistonepe.com, https://www.equistonepe.com/investmentdetail/roth-gruppe/9"
www.blueroad.com,"Investing in the building blocks of the global food system Partnering with operators across the agricultural value chain Acquiring food and agribusiness companies to drive lasting growth Improving access, efficiency, and sustainability in food production | Make it stand out.Combined experience in private equity and agriculture | Make it stand out.Of shared leadership and execution among Blue Road Partners | Partnering with operators across the agricultural value chain | Partnering with operators across the agricultural value chain | Investment Criteria Sector: Agriculture and food supply chain companiesOwnership: Control or influential minority positionsGeography: Global, with a primary focus on the AmericasEquity investment per transaction: $75 million or greaterDeal TypesAcquisitions of private companiesCorporate carve-outsDivestituresFamily transitionsTake-privatesTurn-aroundsRoll-up platforms & add-on acquisitions | Blue Road Management Blue Road Management, L.P. (“Blue Road”) is an independent investment firm focused on acquiring food and agribusiness companies. Blue Road’s partners have an extensive track record of over 75 combined years investing in private equity, food and agribusiness companies, having raised and invested over $2.5 billion of equity. Led by John Duryea, the partners at Blue Road have worked together for over 15 years. | Blue Road Management, L.P. (“Blue Road”) is an independent investment firm focused on acquiring food and agribusiness companies. Blue Road’s partners have an extensive track record of over 75 combined years investing in private equity, food and agribusiness companies, having raised and invested over $2.5 billion of equity. Led by John Duryea, the partners at Blue Road have worked together for over 15 years. | Primary Investment Sectors Agricultural commodity-oriented companiesAgriculture inputsFood and agricultural commodity merchandisingFood and agricultural equipment and machineryFood and beverage companiesFood processing and packingFood safety and regulationHorticultureInfrastructureIngredientsLogistics and storageNutrition (animal and human)Production (e.g. produce, protein)Seafood and aquaculture","https://www.blueroad.com, https://www.blueroad.com/about"
www.brs.com,"BRS invests in people first and supports its management partners with experienced resources and capital while giving them the operational freedom and long-term incentives to grow. | BRS invests in people first and supports its management partners with experienced resources and capital while giving them the operational freedom and long-term incentives to grow. | With nearly three decades of experience investing in lower middle market consumer companies, the BRS team is an experienced investor partnering with founders and management to create value for all constituents. | With nearly three decades of experience investing in lower middle market consumer companies, the BRS team is an experienced investor partnering with founders and management to create value for all constituents. | We seek to create a culture, internally and with our portfolio management, of integrity, trust, collaboration and open communication. We are proud of our extensive Operating Manager Network of over 30 industry professionals, met and cultivated through collaboration in sourcing and managing our portfolio investments.",https://www.brs.com
574.1f9.myftpupload.com,,Failed to Connect
www.bisoncapital.com,"Home – Alternatebisonadmin2025-12-29T23:32:28+00:00 GROWTH CAPITAL SOLUTIONSBison Capital provides flexible capital solutions to growing middle-market companies, customizing each investment based on the needs and objectives of the businesses we are working with. Bison Capital provides flexible capital solutions to growing middle-market companies, customizing each investment based on the needs and objectives of the businesses we are working with. A Long Track Record of SuccessA Long Track-Record of Success2001FoundedConsistent Team, Focus, and Strategy for Over 20 Years 15+YEARSEXPERIENCED LEADERSHIPAverage Bison Tenure of the Leadership Team 42Investments$1B Total Invested Capital Across 6 Institutional Funds Flexible, Solution-Oriented Capital for Growth Companies.Bison Capital invests in leading middle-market businesses that have significant opportunities for value creation and strong, entrepreneurial management teams which are able to capitalize on their long term potential. About UsBison Capital’s investment approach allows us the flexibility to invest across the entire capital structure, tailoring the structure of each of our investments to the needs and goals of the companies we invest in.Investment CriteriaWe will consider opportunities with an investment size of $20 million or greaterWe will consider opportunities with an investment size of $20 million or greaterBison Capital seeks to invest in proven lower middle market companies operated by strong, entrepreneurial management teams and owners who are seeking supportive capital to finance their companies’ growth, acquisition opportunities and recapitalizations. Investment CriteriaInvestment CriteriaWe will consider opportunities with an investment size of $10 million or greaterWe will consider opportunities with an investment size of $10 million or greaterBison Capital seeks to invest in proven lower middle market companies operated by strong, entrepreneurial management teams and owners who are seeking supportive capital to finance their companies’ growth, acquisition opportunities and recapitalizations. Investment CriteriaPortfolioElevate EyecareBrendan Raasch2025-10-03T23:06:20+00:00 Kingbee VansBrendan Raasch2025-05-30T23:55:36+00:00 Precision Surfacing Solutionsbisonadmin2023-04-01T18:34:20+00:00 Ocean Mediabisonadmin2023-04-01T18:34:40+00:00 Quixote Studiosbisonadmin2023-04-01T18:37:30+00:00 All InvestmentsPartnering With Management A key element of each investment we make is the creation of a partnership between Bison Capital and a company’s management team.Bison Capital’s goal is to align itself with talented and highly-motivated individuals with strong operating backgrounds. We do not manage companies. Instead, we work in collaboration with management teams in order to support their efforts to realize the long-term potential of their businesses. Meet Our TeamNews Bison Capital Partners V, LP Announces Sale Of For The RecordBrendan Raasch2026-04-16T22:06:39+00:00April 14, 2026| Bison Capital Partners IV, LP Announces Sale of CūtisCare, LLCBrendan Raasch2025-12-29T22:22:08+00:00November 10, 2025| Bison Capital Partners VI, l.p. Announces Investment in Elevate EyecareBrendan Raasch2025-10-03T23:07:05+00:00August 28, 2025| | Bison Capital seeks to invest in proven lower middle market companies operated by strong, entrepreneurial management teams and owners who are seeking supportive capital to finance their companies’ growth, acquisition opportunities and recapitalizations. | Bison Capital seeks to invest in proven lower middle market companies operated by strong, entrepreneurial management teams and owners who are seeking supportive capital to finance their companies’ growth, acquisition opportunities and recapitalizations. | Bison Capital seeks to invest in proven lower middle market companies operated by strong, entrepreneurial management teams and owners who are seeking supportive capital to finance their companies’ growth, acquisition opportunities and recapitalizations. | Bison Capital seeks to invest in proven lower middle market companies operated by strong, entrepreneurial management teams and owners who are seeking supportive capital to finance their companies’ growth, acquisition opportunities and recapitalizations.",https://www.bisoncapital.com
www.leedsequity.com,"We partner with management teams to build innovative companies that address high stakes challenges and deliver measurable, best in class outcomes. | As the first private equity firm to focus exclusively on the Knowledge Industries, we are uniquely positioned to help our management team partners achieve their goals. | About UsKnowledge IndustriesPartnership PrinciplesTeamInvestmentsNewsContact | We partner with founders and management teams to build lasting value in great companies. | Active, Strategic InvolvementWe are deeply engaged with our management teams. We provide advice, guidance and resources to assist in achieving strategic objectives. | We are deeply engaged with our management teams. We provide advice, guidance and resources to assist in achieving strategic objectives. | About UsKnowledge IndustriesPartnership PrinciplesTeamInvestmentsNewsContact | We develop open and constructive relationships that foster long-term value creation. | Company Overview SeatonCorp is a leader in providing recruiting, vendor-on-premise staffing, and end-to-end supplier management solutions for strategic users of contingent labor. Since its founding in 1988, major organizations across America have come to rely on SeatonCorp for their expertise and leadership in the staffing industry. SeatonCorp helps its clients reduce recruitment and labor costs, improve workforce performance, and increase profitability. Staff Management: pioneer of high volume, vendor-on-premise staffing solutions for the light industrial segment and call center sectors PeopleScout: screens job candidates and facilitates hires for some of America's largest employers, in industries such as banking, telecommunications, retail, utilities, hospitality and transportatio StudentScout: provides recruiting solutions for the post-secondary education market | Company Overview LRN is a leading provider of ethics and compliance education, learning technology, data analytics and strategic advice that helps companies translate corporate values, operating principles and industry regulations with the objective of driving operational performance, reducing risks and creating sustainable competitive advantages. LRN's Catalyst software platform delivers extensive value for its partners through: A proprietary content library comprised of 4,000+ topics and courses Modular training including full courses, vignettes, micro-learning, gamification and augmented reality Customization and translation capabilities that enable clients to develop and adapt library courses to their specific needs across 60+ languages Strong analytics tools for administrators to measure engagement and assess learner responses to ensure compliance needs and mitigate risks | LRN is a leading provider of ethics and compliance education, learning technology, data analytics and strategic advice that helps companies translate corporate values, operating principles and industry regulations with the objective of driving operational performance, reducing risks and creating sustainable competitive advantages. LRN's Catalyst software platform delivers extensive value for its partners through: | SeatonCorp is a leader in providing recruiting, vendor-on-premise staffing, and end-to-end supplier management solutions for strategic users of contingent labor. Since its founding in 1988, major organizations across America have come to rely on SeatonCorp for their expertise and leadership in the staffing industry. SeatonCorp helps its clients reduce recruitment and labor costs, improve workforce performance, and increase profitability. | Archer Review is a leading provider of medical and nursing education, specializing in board licensure test preparation for exams including the USMLE Steps 1-3 for medical and the TEAS7, NCLEX, and FNP for nursing. With a comprehensive suite of study materials, expert tutoring, and personalized support, Archer Review empowers students to achieve their career goals in healthcare and importantly obtain licensure to practice as a healthcare professional. The Company offers a platform which includes an extensive array of resources, robust question banks, expert-led video lectures, and customizable practice exams, all personalized to each student’s unique learning style and needs driving exceptional outcomes, high pass rates and strong user satisfaction. Recognized for its impressive growth, Archer Review has been featured in the Inc. 5000 list in 2024 (#46), 2023 (#85), and 2022 (#466) as one of the fastest-growing companies in the United States.","https://www.leedsequity.com, https://www.leedsequity.com/partnership-principles, https://www.leedsequity.com/investments"
www.mdcp.com,"Reliable PartnersOur proven history demonstrates that the combination of a talented management team with MDP resources is a powerful formula for success.Founded in PartnershipFlexible Approach We skillfully pursue control buyouts and growth equity investments for the benefit of our partners and investors.Investment PortfolioA Balanced TeamThe MDP Managing Directors have been at the firm for an average of 17 years. This long-shared tenure, combined with our partnership approach and single office in Chicago, creates a distinctive culture that we are proud of today. Meet Our Team | We skillfully pursue control buyouts and growth equity investments for the benefit of our partners and investors. | Madison Dearborn Partners, LLC (""MDP"") is a leading private equity investment firm based in Chicago that, since its formation in 1992, has raised aggregate capital of approximately $36 billion and has completed over 160 investments. | Successful track record of growing businesses in partnership with company management. | Raised aggregate capital of approximately $31 billion and completed investments in more than 160 companies. | Aderant HoldingsProvider of enterprise software solutions to law firmsSector: Technology & GovernmentDeal Type: BuyoutStatus: ExitedAEVEXFull lifecycle airborne intelligence, surveillance and reconnaissance (”AISR”)Sector: Technology & GovernmentDeal Type: BuyoutStatus: CurrentBlueCat NetworksSoftware-based Enterprise Domain Name System solutionsSector: Technology & GovernmentDeal Type: Growth EquityStatus: ExitedCarnegie LearningLeading provider of K-12 adaptive personalized learning and coaching software, assessments, curriculum, and professional learning solutionsSector: Technology & GovernmentDeal Type: Growth EquityStatus: CurrentFieldglassTemporary labor procurement solutionsSector: Technology & GovernmentDeal Type: Growth EquityStatus: ExitedFleet CompleteProvider of fleet, asset, and mobile workforce management solutions through a SaaS platformSector: Technology & GovernmentDeal Type: Growth EquityStatus: ExitedLGS InnovationsProvider of secure networking and communications technologiesSector: Technology & GovernmentDeal Type: BuyoutStatus: ExitedLightspeed SystemsLeading provider of K-12 safety software, including web filtering & reporting, mobile device management, and classroom management solutionsSector: Technology & GovernmentDeal Type: Growth EquityStatus: CurrentLinQuest CorporationSpace systems and C4ISR technology solutionsSector: Technology & GovernmentDeal Type: BuyoutStatus: ExitedOMNIProvider of innovative and intuitive mission and enterprise software solutions to the DoD and Intelligence Community.Sector: Technology & GovernmentDeal Type: Growth EquityStatus: CurrentRevolutionalProvider of innovative digital transformation solutions to the U.S. Federal GovernmentSector: Technology & GovernmentDeal Type: Growth EquityStatus: CurrentT2S SolutionsProvider of R&D, prototyping, engineering, integration, and technology products to mission critical programs for the U.S. GovernmentSector: Technology & GovernmentDeal Type: Growth EquityStatus: CurrentUnisonProcurement and contract management software for the federal governmentSector: Technology & GovernmentDeal Type: BuyoutStatus: Current | Government Technology and Services Government technology and services, including: Command, Control, Communications, Computers, Intelligenct, Surveillance and Reconnaissance (""C4ISR"") Rapid R&D & Prototyping Space Technology and Solutions Software Modernization and Development Systems Engineering & Integration Unmanned Aerial Systems (""UAS"") and Counter-UAS Artificial Intelligrnce & Machine Learning (""AI/ML"") Data Science Aerospace & Defense Technology Enterprise IT Modernization and Digital Transformation Cybersecurity Postitioning, Navigation, and Timing (""PNT"") Processing, Exploitation, and Dissemination (""PED"") Defense Electronics Intelligence Services Consulting & Program Management Operational Support Services | MDP targets market-leading companies with attractive growth dynamics, recurring revenue streams, operating leverage and high free cash flow generation potential. Many of these businesses possess one or more of the following attributes: Proprietary technology or intellectual property Strong recurring revenue growth High margins and free cash flow Exceptional management team Scale which provides a differentiated cost position Founder owned and/or led | Software and Tech-enabled Services Software and tech-enabled services, including: Software-as-a-service (“SaaS”) Cybersecurity software and services Data software and services Education technology and services HR/benefits/talent management technology Industrial technology and IoT Insurance technology Procurement and supply chain technology Safety, governance, risk & compliance software Vertically focused Technology BPO and IT outsourcing Marketplace Technology | The Technology and Government team partners with talented management teams to help grow and scale their businesses through both majority and minority investments. Most of our partnerships are with founder-led companies, and all of our investments are completed in collaboration with existing management. | Operational Initiatives Sales force initiatives Productivity improvements Cost management Pricing optimization Capital efficiency programs Management enhancement Finance, reporting and budgeting enhancements | Strategic Guidance Acquisitions Geographic expansion Industry consolidation Business repositioning Organic growth initiatives Shift or broadening of product/service offerings | MDP develops a thesis around value creation in the early stages of reviewing a potential investment opportunity. Each investment has a bespoke path to value creation, but all incorporate examples of both strategic and operational initiatives. | Our partnership approach has served us well over decades of investing, and we believe it distinguishes us as a partner of choice for many first-class management teams looking to transform, grow or improve their businesses. | Each MDP sector team works closely with an Industry Advisory Group, representing a valuable resource to our portfolio companies. The three MDP Industry Advisory Groups consist of approximately 35 executives, including prominent company executives and other industry specialists.","https://www.mdcp.com, https://www.mdcp.com/sectors/technology-government, https://www.mdcp.com/about/engaged-partners"
www.arsenalcapital.com,"Arsenal is a leading private equity investment firm that specializes in building market-leading industrial growth and healthcare companies. Driven by our commitment to unlocking potential in people, businesses, and technologies, we build high-growth, technology- and innovation-rich companies that are strategically important to their markets. Together with our management teams, we craft dynamic strategies and build differentiated businesses with enduring value. | Arsenal is a leading private equity investment firm that specializes in building market-leading industrial growth and healthcare companies. Driven by our commitment to unlocking potential in people, businesses, and technologies, we build high-growth, technology- and innovation-rich companies that are strategically important to their markets. Together with our management teams, we craft dynamic strategies and build differentiated businesses with enduring value. | The Arsenal team brings deep scientific, technical and domain expertise across the industrials and healthcare sectors, delivering both differential strategic insights and seasoned commercial judgment. We leverage our networks of relationships to provide differentiated access and views that are both market-centric and forward-looking. | The Arsenal team brings deep scientific, technical and domain expertise across the industrials and healthcare sectors, delivering both differential strategic insights and seasoned commercial judgment. We leverage our networks of relationships to provide differentiated access and views that are both market-centric and forward-looking. | Investors in GrowthWorking in genuine partnership with management teams and business owners, we craft custom, differentiated, multi-faceted high-growth strategies that provide value-add solutions to marketspaces. | Arsenal is a specialized private equity firm with what it believes are market-leading franchises in the industrials and healthcare sectors. The firm’s mission is to build high-growth, technology- and innovation-rich businesses that are strategically important in their markets and deliver value for all stakeholders. | Arsenal is a specialized private equity firm with what it believes are market-leading franchises in the industrials and healthcare sectors. The firm’s mission is to build high-growth, technology- and innovation-rich businesses that are strategically important in their markets and deliver value for all stakeholders. | Anticipate. We are ambitious with our high-growth strategies, and are both pragmatic and commercial in our approach. Adapt. We are seasoned and skilled operators with shared experiences, offering balanced commercial judgment and perspectives as problem solvers. Enable. Through collaboration, we strive to discover rich market opportunities, accelerate growth, and build transformative businesses. | Enable. Through collaboration, we strive to discover rich market opportunities, accelerate growth, and build transformative businesses. | We are highly focused investors in high-growth healthcare and industrial markets and technologies. By combining our deep domain and technical expertise, we aim to discern market needs and opportunities and bring a critical understanding of where our markets are going and what problems need to be solved. | May 26, 2026 New York, NY -- Arsenal Capital Partners (""Arsenal""), a middle-market private equity firm specializing in building industrial growth and healthcare companies, today announced that a veteran technology investor, Bradley Brown, is joining the firm as an Investment Partner, strengthening Arsenal's technology investing capabilities. Mr. Brown will serve as a member of both Arsenal's investment committee and its industrial leadership group and will focus on developing and executing industrial technology strategies and investments for the firm. Mr. Brown joins Arsenal from KKR, where he was a senior member of the technology investment team within its Americas Private Equity platform. He brings deep expertise across the technology sector and experience driving customer value creation and scaling businesses - capabilities increasingly vital to industrial market leadership. Mr. Brown holds Bachelor of Science degrees in Civil & Environmental Engineering and Management Science from MIT and an MBA from Harvard Business School. Terry Mullen, Founder and Managing Partner of Arsenal, stated, ""Bradley brings a rare combination of strategic market vision, deep technology and innovation expertise, and disciplined investment judgment. We are in an era of industrial reinvention - where applied science, automation, and data-driven capabilities are fundamentally expanding what industrial businesses can deliver to customers and capture for themselves. Bradley has spent his career at the intersection of these forces, and that perspective will sharpen everything we do."" Joelle Marquis, President and a Senior Partner of Arsenal, added, ""For 25 years, Arsenal's differentiated model has integrated leading investment, industry and operating expertise into highly complementary teams. Bradley's experience identifying compelling investment opportunities, discerning disruptive and innovative solutions, and scaling technology-driven business models will augment our company building capabilities"" ""I have spent my career partnering with management teams to build market-leading, durable businesses,"" Mr. Brown said. ""Arsenal's deep sector expertise and hands-on operating approach provide a unique platform for building strategically important companies that deliver long-term value."" The addition of Mr. Brown reflects Arsenal's continued focus on the convergence of industrial expertise and technology-enabled value creation and capture. | Mr. Brown joins Arsenal from KKR, where he was a senior member of the technology investment team within its Americas Private Equity platform. He brings deep expertise across the technology sector and experience driving customer value creation and scaling businesses - capabilities increasingly vital to industrial market leadership. Mr. Brown holds Bachelor of Science degrees in Civil & Environmental Engineering and Management Science from MIT and an MBA from Harvard Business School. | ""I have spent my career partnering with management teams to build market-leading, durable businesses,"" Mr. Brown said. ""Arsenal's deep sector expertise and hands-on operating approach provide a unique platform for building strategically important companies that deliver long-term value."" | New York, NY -- Arsenal Capital Partners (""Arsenal""), a middle-market private equity firm specializing in building industrial growth and healthcare companies, today announced that a veteran technology investor, Bradley Brown, is joining the firm as an Investment Partner, strengthening Arsenal's technology investing capabilities. | Joelle Marquis, President and a Senior Partner of Arsenal, added, ""For 25 years, Arsenal's differentiated model has integrated leading investment, industry and operating expertise into highly complementary teams. Bradley's experience identifying compelling investment opportunities, discerning disruptive and innovative solutions, and scaling technology-driven business models will augment our company building capabilities""","https://www.arsenalcapital.com, https://www.arsenalcapital.com/about, https://www.arsenalcapital.com/news/arsenal-adds-veteran-technology-investor-bradley-brown-as-investment-partner"
www.icvpartners.com,,Failed to Connect
www.wynnchurch.com,"Founded in 1999, Wynnchurch Capital is a private equity firm with $9.1B of assets under management. We provide capital, connections, expertise and experience to help middle-market companies write the next chapter of their growth story. | Founded in 1999, Wynnchurch Capital is a private equity firm with $9.1B of assets under management. We provide capital, connections, expertise and experience to help middle-market companies write the next chapter of their growth story. | 185+ Platform and add-on acquisitions since Wynnchurch inception | We take a partnership approach, building value by enabling achievement. Learn How We Partner with Management | At Wynnchurch, we see challenges as opportunities. We dig deeper from day one to see beyond risks and complexities that can drive other financial partners away.We seek to make equity investments from $50 million to $750 million in companies with up to $3 billion in annual revenue. Targets include corporate carve-outs, underperforming businesses, growth situations and family businesses in transition. | Working at the board level, we bring strong operating experience, an extensive network of industry relationships and financial resources, and the ability to adapt quickly to changing market environments. In every opportunity, four key principles guide our approach: Open Communication In our experience, honest communication is a key tenet of investment and business success. We believe in proactive, consistent and frank dialog in all phases of the relationship. Partnership with Management We view each investment as a true partnership with our portfolio company leadership teams. Success comes from collaboration, mutual respect and setting clear objectives. Intellectual Curiousity We are more than just a source of capital. We are genuinely interested in learning the dynamics of each business we support and in developing the deep understanding that underpins all successful strategies. A Long-Term View We have a long-term investment horizon. We support decisions, strategies and investments to build a business for sustained success that extends far beyond our involvement. | Partnership with Management We view each investment as a true partnership with our portfolio company leadership teams. Success comes from collaboration, mutual respect and setting clear objectives. | Testimonials and endorsements reflect Wynnchurch's and portfolio company management's opinions and beliefs regarding the company and the investment. Such opinions and beliefs are subjective, do not represent a complete assessment of the company, the market or Wynnchurch's overall investment performance and cannot be independently verified. Such statements are being offered as references for purposes of demonstrating the benefits of working with the Wynnchurch team and not for the purpose of soliciting investors. Portfolio company executives receive/received a salary and economics from the portfolio company. No executives were paid for their testimonial or endorsement. Paul Ciolino is a current employee and Partner of Wynnchurch. There is a conflict of interest in these unpaid testimonials and endorsements in that all speakers stand to benefit from Wynnchurch's success and they work/worked for a Wynnchurch portfolio company. | Testimonials and endorsements reflect Wynnchurch's and portfolio company management's opinions and beliefs regarding the company and the investment. Such opinions and beliefs are subjective, do not represent a complete assessment of the company, the market or Wynnchurch's overall investment performance and cannot be independently verified. Such statements are being offered as references for purposes of demonstrating the benefits of working with the Wynnchurch team and not for the purpose of soliciting investors. Portfolio company executives receive/received a salary and economics from the portfolio company. No executives were paid for their testimonial or endorsement. Paul Ciolino is a current employee and Partner of Wynnchurch. There is a conflict of interest in these unpaid testimonials and endorsements in that all speakers stand to benefit from Wynnchurch's success and they work/worked for a Wynnchurch portfolio company. | We view each investment as a true partnership with our portfolio company leadership teams. Success comes from collaboration, mutual respect and setting clear objectives. | We provide more than capital. At Wynnchurch, we are a true partner to our portfolio companies,offering the support they need to plan, improve and grow. Supporting Growth Each Wynnchurch company is different, with its own challenges and opportunities. From day one, management teams can access the experience and capabilities of our team of inhouse specialists and extensive network of outside experts to help assess, plan, develop and execute strategies to reach the next level of performance and growth. Supporting Founders and Business Owners Business owners selling a controlling interest in their company would all agree that trusting the buyer is key. Whether to support leadership succession, fund next-level growth or achieve any other objective, we have a reputation for doing what we say we’ll do, helping closely held businesses make the transition with flexibility, transparency and respect. Empowering Management We know that the best executives require freedom and autonomy to do their jobs. So we do not dictate. We collaborate. In addition to capital, we can engage actively to help executives with team building and financial analysis across operations, strategy development and deployment, commercial agreements, and more. Providing Solutions to Corporate Sellers We are experienced at helping companies realize value from under-utilized businesses through carve-outs—building out a business’s infrastructure to prepare it for separation, then executing it seamlessly with speed, efficiency, confidentiality and minimal disruption, either to the parent or business. | Support for your management team. We help our companies build long-term value through people, processes,strategies, operational improvements and M&A. | Financial/Strategic Management We offer proven, sophisticated tools and deployment expertise to support disciplined, profitable growth—from strategic prioritization to key metric tracking; comprehensive budget/forecasting to market and business intelligence tools and more. | Engaged Operational Support All Wynnchurch companies have access to our team of in-house specialists and outside experts to help identify issues and opportunities for continuous improvement in waste reduction, system and process efficiency, and other focus areas for increased operational effectiveness. | All Wynnchurch companies have access to our team of in-house specialists and outside experts to help identify issues and opportunities for continuous improvement in waste reduction, system and process efficiency, and other focus areas for increased operational effectiveness.","https://www.wynnchurch.com, https://www.wynnchurch.com/approach, https://www.wynnchurch.com/partnership"
www.bluepointcapital.com,"how we invest We help strong management teams who run industry-leading middle market businesses to build the processes and capabilities they need to succeed in today’s dynamic market. Read More Supporting management's vision for growth at Trademark Global Our partnership with Trademark's team led to capability expansion, a doubling of EBITDA in three years and a successful outcome. Read More bringing our capabilities We have a track record of bringing unique and effective operating resources to our partnerships with management teams. Read More Value-Added Partner to Transtar We have a highly collaborative partnership with Transtar, working to amplify and expand the impressive capabilities of the management team. Read More we're locals With offices in Cleveland, Charlotte and Seattle, our geographical footprint and extensive network help us work more closely with our portfolio companies. Read More Our investment in Alco is the result of a 10-year relationship Nearly half of our portfolio is within driving distance of a regional office. Alco is an example of how our local presence led to a productive partnership. Read More globalizing the middle market Our unique supply chain capabilities create value and opportunity for our North American middle market portfolio companies. Read More Creating Value via Global Markets With nearly two decades of global supply chain experience, we are proud of our team’s capabilities and the results they’ve helped our management teams achieve. Read More data & digital capabilities There may be no better value lever for mid-sized companies than improving how they use data and take advantage of e-commerce. We’re helping them do just that. Read More Pricing Optimization We work on multiple fronts to make our companies’ data capabilities best-in-class, including building value by pricing more analytically and strategically. Read More we’ve seen it all The best way to learn about how we partner with our portfolio companies is to understand how we’ve worked together as one team at Blue Point for over 20 years. Read More Meet Our Team Get to know our Blue Point team members based in Cleveland, Charlotte, Dallas and Seattle. Read More more than a portfolio, partners | We help strong management teams who run industry-leading middle market businesses to build the processes and capabilities they need to succeed in today’s dynamic market. | Supporting management's vision for growth at Trademark Global Our partnership with Trademark's team led to capability expansion, a doubling of EBITDA in three years and a successful outcome. Read More | Supporting management's vision for growth at Trademark Global | We have a track record of bringing unique and effective operating resources to our partnerships with management teams. | Unique Global Supply Chain Capabilities Creating Value through Cross-Border Strategies In 2004, Blue Point identified the opportunity to create value for U.S. middle market companies by enabling execution of global supply chain-related strategies and established dedicated, in-house resources with unique operational expertise in this area. Today, we remain one of only a handful of U.S. lower middle-market private equity firms with global supply chain expertise. These operations are a core element of our value creation capabilities — our global supply chain professionals work with our portfolio company management teams to globalize revenue streams and drive margin enhancement initiatives. For decades, large, multinational companies have been able to capture opportunities in the global supply chain with a focus on management of financial resources. We believe that leaders of mid-sized businesses can capture the same opportunities - and we can help identify them. Blue Point provides mid-sized businesses with the capital and expertise needed to execute successful cross-border strategies and accelerate growth of their businesses. Learn More About Our Unique Global Supply Chain Capabilities Blue Point Data & Digital Blue Point Data & Digital – Leveraging Data and Technology, Not Simply Debt The breadth and complexity of Data & Digital solutions (D&D) available to middle-market businesses can be overwhelming for management teams. Companies seeking to transform or digitally modernize their operations often fear that the energy, expertise and dollar investment needed for execution would be too much of a distraction from core business activities. A private equity partner with strong D&D capabilities can allay all of these concerns and lead the business in building and growing technology-driven operations. Blue Point’s D&D capabilities are customized to support both digitally native companies and those still in the early stages of their digital journey. We are driven by one goal — partnering with management to add value to our portfolio companies. Watch our overview video to learn more Learn More About Our Data & Digita﻿l﻿ Human Capital Human Capital as a Core Value Creation Lever Blue Point has a strong track record of investing in human capital at its portfolio companies. In partnership with management, we broaden and deepen their teams while also improving the internal processes that support human capital. This is supported by the over 100 new hires across our current portfolio management teams – an average of 50% of each team is new. In addition to senior team development, we also focus on enhancing employee engagement and company culture by developing and communicating the shared alignment on the key priorities and strengths of the organization. We believe taking care of people helps ensure the success and longevity of the overall businesses. Our human capital effort also focuses on identifying outstanding operating executives and board members, as well as supporting our companies' diversity, equity and inclusion initiatives. Learn More About Our Human Capital Framework and Approach M&A Execution Building Industry Leaders M&A strategy and execution are core capabilities at Blue Point. Together with portfolio company management teams, we aim to build industry leading businesses by executing both highly strategic transformational acquisitions as well as smaller deals that drive value creation and consolidation in fragmented markets. Geographic growth, customer diversification, product line expansion and management team additions are just some of the ways that add-on acquisitions have benefited our portfolio companies. The value we bring is in our experience. We often take the lead on add-on target identification, due diligence, capital arrangement, documentation and deal execution. This allows our management teams to fully participate in all the business dynamics of the deal yet remain focused on running the company and minimizing core business disruption. Learn More About Our M&A Execution Capabilities Operating Executive Group Seasoned Insights and Support Blue Point’s Operating Executive Group (OEG) works closely with our portfolio businesses, acting as mentors to management teams by providing counsel and operational support through various business cycles and macro challenges. The members of our OEG average nearly 30 years of operating, management and functional experience across broad range of companies and industries. Members of Blue Point’s OEG are involved with each company in various capacities from initial screening through exit — consulting with management teams to add value through growth initiatives, operational improvements and add-on acquisitions. Our operating executives aren’t just big company folks — they are people with great skillsets as well as the experience and understanding to drive growth in the lower middle-market. Learn More About Our Operating Executive Group for business owners our portfolio value-added partner to transtar | Creating Value through Cross-Border Strategies In 2004, Blue Point identified the opportunity to create value for U.S. middle market companies by enabling execution of global supply chain-related strategies and established dedicated, in-house resources with unique operational expertise in this area. Today, we remain one of only a handful of U.S. lower middle-market private equity firms with global supply chain expertise. These operations are a core element of our value creation capabilities — our global supply chain professionals work with our portfolio company management teams to globalize revenue streams and drive margin enhancement initiatives. For decades, large, multinational companies have been able to capture opportunities in the global supply chain with a focus on management of financial resources. We believe that leaders of mid-sized businesses can capture the same opportunities - and we can help identify them. Blue Point provides mid-sized businesses with the capital and expertise needed to execute successful cross-border strategies and accelerate growth of their businesses. Learn More About Our Unique Global Supply Chain Capabilities | Building Industry Leaders M&A strategy and execution are core capabilities at Blue Point. Together with portfolio company management teams, we aim to build industry leading businesses by executing both highly strategic transformational acquisitions as well as smaller deals that drive value creation and consolidation in fragmented markets. Geographic growth, customer diversification, product line expansion and management team additions are just some of the ways that add-on acquisitions have benefited our portfolio companies. The value we bring is in our experience. We often take the lead on add-on target identification, due diligence, capital arrangement, documentation and deal execution. This allows our management teams to fully participate in all the business dynamics of the deal yet remain focused on running the company and minimizing core business disruption. Learn More About Our M&A Execution Capabilities | M&A strategy and execution are core capabilities at Blue Point. Together with portfolio company management teams, we aim to build industry leading businesses by executing both highly strategic transformational acquisitions as well as smaller deals that drive value creation and consolidation in fragmented markets. Geographic growth, customer diversification, product line expansion and management team additions are just some of the ways that add-on acquisitions have benefited our portfolio companies. | In 2004, Blue Point identified the opportunity to create value for U.S. middle market companies by enabling execution of global supply chain-related strategies and established dedicated, in-house resources with unique operational expertise in this area. Today, we remain one of only a handful of U.S. lower middle-market private equity firms with global supply chain expertise. These operations are a core element of our value creation capabilities — our global supply chain professionals work with our portfolio company management teams to globalize revenue streams and drive margin enhancement initiatives. | Our Unique Global Supply Chain Capabilities How We Do It Beginning in 2004, Blue Point identified global supply chain operations as a strategic focus, and we remain one of the few firms of our size with a dedicated global perspective.Global markets represent significant opportunities for U.S. middle market companies, but management usually lacks the teams and expertise to capitalize.We’ve built a strong global supply chain team that works closely with our portfolio companies to globalize revenue streams and drive greater production efficiency and enhancement initiatives. Revenue Opportunities Due to our expansive networks and knowledge of international sales channels, we have been able to help several North American portfolio companies successfully develop or expand their sales efforts in global markets. At Quality Synthetic Rubber (QSR), a former Blue Point II portfolio company, we recruited an Asia-based team to support their business development and marketing efforts that led to transformational growth.Overall, our office has helped create $100+ million of annual incremental revenue from international markets across our portfolio company partnerships. Impact at QSR Supply Chain Opportunities Across numerous portfolio companies, we have built global, dedicated teams focused on optimizing the supply chains of our North America-based companies.For example, Smith-Cooper (SCI) had a strong history of international sourcing conducted from the U.S., but we identified several potential cost saving and working capital improvement opportunities during due diligence. We helped management establish an Asia-based sourcing function thanks to our dedicated global supply chain team. Impact on SCI's Supply Chain | How We Do It Beginning in 2004, Blue Point identified global supply chain operations as a strategic focus, and we remain one of the few firms of our size with a dedicated global perspective.Global markets represent significant opportunities for U.S. middle market companies, but management usually lacks the teams and expertise to capitalize.We’ve built a strong global supply chain team that works closely with our portfolio companies to globalize revenue streams and drive greater production efficiency and enhancement initiatives. Revenue Opportunities Due to our expansive networks and knowledge of international sales channels, we have been able to help several North American portfolio companies successfully develop or expand their sales efforts in global markets. At Quality Synthetic Rubber (QSR), a former Blue Point II portfolio company, we recruited an Asia-based team to support their business development and marketing efforts that led to transformational growth.Overall, our office has helped create $100+ million of annual incremental revenue from international markets across our portfolio company partnerships. Impact at QSR Supply Chain Opportunities Across numerous portfolio companies, we have built global, dedicated teams focused on optimizing the supply chains of our North America-based companies.For example, Smith-Cooper (SCI) had a strong history of international sourcing conducted from the U.S., but we identified several potential cost saving and working capital improvement opportunities during due diligence. We helped management establish an Asia-based sourcing function thanks to our dedicated global supply chain team. Impact on SCI's Supply Chain | Global markets represent significant opportunities for U.S. middle market companies, but management usually lacks the teams and expertise to capitalize. | We’ve built a strong global supply chain team that works closely with our portfolio companies to globalize revenue streams and drive greater production efficiency and enhancement initiatives. | At Quality Synthetic Rubber (QSR), a former Blue Point II portfolio company, we recruited an Asia-based team to support their business development and marketing efforts that led to transformational growth.","https://www.bluepointcapital.com, https://www.bluepointcapital.com/value-added-partner, https://www.bluepointcapital.com/value-added-partner/unique-global-supply-chain-capabilities"
www.bridgepoint.eu,,https://www.bridgepoint.eu
www.tscp.com,"About Us Thompson Street Capital Partners (“TSCP”) invests in exceptional middle-market businesses in the Life Sciences & Healthcare, Software & Technology, and Business & Consumer Services and Products sectors. We partner with founders and management teams to create value via accelerated growth. Working Together Partnership-Driven Domain Expertise Deep Middle-Market Experience Flexible & Creative Structures Supporting Growth Dedicated Deal Origination Team In-House Portfolio Support Group Capital Markets Access Financial Operations Assistance Executive Advisors Counsel Creating Value Strategic Add-On Acquisitions Team Development & Growth Product Optimization New Product Introduction Geographic & Customer Expansion Our Approach Our business is centered on intentional partnerships. For over two decades, we have collaborated with founders, management teams, intermediaries, and our investors to create long-term value. When you find partners who... have the firepower to help you grow faster and can come up to speed much faster than you would anticipate, it’s a dream courtship. There is a top-level engagement within Thompson Street that you often don’t see at other firms. Our interests are aligned, I’m confident in their abilities and their wisdom and their vision. I’m looking forward to the next years as our strategic partner. This is an exciting new chapter for CWH. Thompson Street has a proven track record in building companies through improved digital marketing, sales force expansion, and add-on acquisitions. It was very important to me that we partnered with a growth-focused equity partner that understood the founder mentality. After evaluating multiple options, it was clear that TSCP was the right choice for us to take CWH to the next level. Don Brown. ISTO Biologics Spencer Kupferman. PKWARE Kevin Fitzgerald. Custom Wheel House Life Sciences & Healthcare Hopkinton, Massachusetts PKWARE Milwaukee, Wisconsin Custom Wheel House Los Angeles, California Contact Us Office 7676 Forsyth Blvd. Suite 2700 St. Louis, MO 63105 (314) 727-2112 Statements about Thompson Street made by third-party portfolio company executives included herein are intended to illustrate Thompson Street’s relationship with management teams of portfolio companies, including with respect to Thompson Street’s role in working as a partner alongside portfolio company management teams. While certain statements were made by individuals who are also investors in Thompson Street-sponsored funds, no such persons have been compensated for making the statements included herein. | This is an exciting new chapter for CWH. Thompson Street has a proven track record in building companies through improved digital marketing, sales force expansion, and add-on acquisitions. It was very important to me that we partnered with a growth-focused equity partner that understood the founder mentality. After evaluating multiple options, it was clear that TSCP was the right choice for us to take CWH to the next level. | Thompson Street Capital Partners (“TSCP”) invests in exceptional middle-market businesses in the Life Sciences & Healthcare, Software & Technology, and Business & Consumer Services and Products sectors. We partner with founders and management teams to create value via accelerated growth. | Thompson Street Capital Partners (“TSCP”) invests in exceptional middle-market businesses in the Life Sciences & Healthcare, Software & Technology, and Business & Consumer Services and Products sectors. We partner with founders and management teams to create value via accelerated growth. | Strategic Add-On Acquisitions Team Development & Growth Product Optimization New Product Introduction Geographic & Customer Expansion",https://www.tscp.com
www.gtcr.com,,https://www.gtcr.com
www.hf.com,"H&F spent several years studying the healthcare industry to find interesting sub sectors where we could leverage our existing significant expertise in software, data driven, and people based businesses. We made our first healthcare investment in 1997. We partner with differentiated businesses that create compelling value propositions for patients, providers and payers. Our deep experience in related sectors of technology, insurance and financial services add unique insights into the complex and changing healthcare ecosystem. View portfolio | H&F spent several years studying the healthcare industry to find interesting sub sectors where we could leverage our existing significant expertise in software, data driven, and people based businesses. We made our first healthcare investment in 1997. We partner with differentiated businesses that create compelling value propositions for patients, providers and payers. Our deep experience in related sectors of technology, insurance and financial services add unique insights into the complex and changing healthcare ecosystem. View portfolio | Superior consumer and retail franchises are a natural fit for H&F’s investment philosophy. We look to partner with great management teams in companies with differentiated business models and strong growth prospects. Our related experience in the Internet & media sector provides us unique insights in an evolving retail and consumer landscape. View portfolio | Superior consumer and retail franchises are a natural fit for H&F’s investment philosophy. We look to partner with great management teams in companies with differentiated business models and strong growth prospects. Our related experience in the Internet & media sector provides us unique insights in an evolving retail and consumer landscape. View portfolio | H&F was an early private equity investor in large cap software, with our first investment in the late 1990s, and has become a market leader with extensive experience in the sector and a proven capacity to generate value. We have deep experience helping companies navigate rapidly changing market dynamics and believe in investing heavily in the growth of our businesses. View portfolio | H&F spent several years studying the healthcare industry to find interesting sub sectors where we could leverage our existing significant expertise in software, data driven, and people based businesses. We made our first healthcare investment in 1997. We partner with differentiated businesses that create compelling value propositions for patients, providers and payers. Our deep experience in related sectors of technology, insurance and financial services add unique insights into the complex and changing healthcare ecosystem. View portfolio | H&F spent several years studying the healthcare industry to find interesting sub sectors where we could leverage our existing significant expertise in software, data driven, and people based businesses. We made our first healthcare investment in 1997. We partner with differentiated businesses that create compelling value propositions for patients, providers and payers. Our deep experience in related sectors of technology, insurance and financial services add unique insights into the complex and changing healthcare ecosystem. View portfolio | Superior consumer and retail franchises are a natural fit for H&F’s investment philosophy. We look to partner with great management teams in companies with differentiated business models and strong growth prospects. Our related experience in the Internet & media sector provides us unique insights in an evolving retail and consumer landscape. View portfolio | Superior consumer and retail franchises are a natural fit for H&F’s investment philosophy. We look to partner with great management teams in companies with differentiated business models and strong growth prospects. Our related experience in the Internet & media sector provides us unique insights in an evolving retail and consumer landscape. View portfolio | H&F was an early private equity investor in large cap software, with our first investment in the late 1990s, and has become a market leader with extensive experience in the sector and a proven capacity to generate value. We have deep experience helping companies navigate rapidly changing market dynamics and believe in investing heavily in the growth of our businesses. View portfolio | A forty year legacy Over the firm’s 40-year history, we have developed specialized industry knowledge and deep relationships in our sectors of focus, which has enhanced our ability to have a differentiated approach to sourcing, diligence and value creation. Our investment philosophy and the business characteristics we seek often align with service-based businesses. In many of these, the most important assets are the intangibles: the people, their business practices and intellectual capital, and their customer relationships. H&F has developed considerable experience addressing these complex issues and is a leading private equity investor in select service sectors, among others. We also continuously seek to identify new industries or sub-sectors that meet our investment criteria to maximize our opportunity set. A value-added partner Along the way, we believe we have distinguished ourselves as a flexible source of capital and a value-added partner with deep sector insights. We have experience as a controlling shareholder and influential minority investor, and have invested using a variety of transaction and capital structures. Investors in our funds include many of the largest U.S. and international public pension funds, sovereign wealth funds, corporate pension funds, university endowments and foundations, many of whom have been investing with us for decades. We take great pride in building long-term partnerships with our investors. A foundational culture Many people have asked us how Hellman & Friedman has been able to maintain its culture and results through the many investment fads and market cycles of our industry. Our answer has always been simple—that we have been blessed with the best founder in the business. Learn more about Warren | Be focused. Be smart. Do the right thing. We partner with exceptional companies to unlock their next phase of growth—with focused expertise and aligned capital. | We partner with exceptional companies to unlock their next phase of growth—with focused expertise and aligned capital. | Focus We are focused on a single private equity strategy. We generally seek to build a concentrated portfolio of scale investments in industries we know well and have developed significant expertise. | Focus We are focused on a single private equity strategy. We generally seek to build a concentrated portfolio of scale investments in industries we know well and have developed significant expertise.","https://www.hf.com, https://www.hf.com/approach, https://www.hf.com/about"
www.rafequity.com,"There are private equity firms. There are family offices. And then there’s RAF. Our mission is unlike the others. We grow great businesses by investing in best-of-breed owners and their people. Development is our focus – not buying and selling, but building. We strive to keep former owners actively involved, offering incentives to entice their entrepreneurial spirit. Leveraging our outstanding resources and strategic planning, we enhance operations in a truly cooperative manner, allowing each company to achieve excellence. We’re RAF. And we’re a different kind of equity. We sit down with a few of our partners to discuss what makes us unlike any other private equity firm. These are our conversations. Play video Growth Starts with the Right Partner We’re not just investors—we’re collaborators. Learn more about how RAF Equity helps founders build, scale, and preserve what matters most. Sign Up for Our Newsletter Email 50 Monument Road, Suite 303 Bala Cynwyd, PA 19004 215.572.0738 acquisitions@rafequity.com RAF 50 Monument Road, Suite 303 Bala Cynwyd, PA 19004 215.572.0738 acquisitions@rafequity.com | Our mission is unlike the others. We grow great businesses by investing in best-of-breed owners and their people. Development is our focus – not buying and selling, but building. We strive to keep former owners actively involved, offering incentives to entice their entrepreneurial spirit. Leveraging our outstanding resources and strategic planning, we enhance operations in a truly cooperative manner, allowing each company to achieve excellence. We’re RAF. And we’re a different kind of equity. | We sit down with a few of our partners to discuss what makes us unlike any other private equity firm. These are our conversations. | We sit down with a few of our partners to discuss what makes us unlike any other private equity firm. These are our conversations. | We’re not just investors—we’re collaborators. Learn more about how RAF Equity helps founders build, scale, and preserve what matters most.",https://www.rafequity.com
www.aprioricapital.com,,Failed to Connect
www.bvlp.com,"Grow Value Through Earnings We partner with entrepreneurs and families to invest in sound businesses and provide them with significant strategic, operating, and analytical assistance to accelerate the growth of the company through organic initiatives and acquisitions. | We partner with entrepreneurs and families to invest in sound businesses and provide them with significant strategic, operating, and analytical assistance to accelerate the growth of the company through organic initiatives and acquisitions. | “Our relationship with BV is nearly 7 years old and has never been stronger. Their experience and ongoing support have been key contributors to our rapid growth and success. From strategic planning and M&A to debt financing and team building, BV has added value along our path. When we chose BV as our partner, we hoped we were making the right decision – looking back now, we know we did.” | “Our relationship with BV is nearly 7 years old and has never been stronger. Their experience and ongoing support have been key contributors to our rapid growth and success. From strategic planning and M&A to debt financing and team building, BV has added value along our path. When we chose BV as our partner, we hoped we were making the right decision – looking back now, we know we did.” | “We wanted a private equity partner that would add value to the future of our organization, and BV continues to demonstrate that choosing them was the right decision. Their team provides us with insightful feedback that enhances our long term growth strategy, and they have an invaluable network of resources to support our tactical initiatives. TopBloc looks forward to reaching new levels of progress and achievement with BV by our side.” | Our goal is to back or assemble top notch management teams. Upfront we help management to identify key organizational gaps and then leverage the BV network to assist in recruiting executives. Senior Management Recruitment We provide the resources and capital to successfully develop and rollout complimentary and/or transformative products that can enhance the offering and expand the customer base. Ancillary Product Launches We work with management to enhance efficiencies across the organization including pricing segmentation, marketing and sales initiatives, and automating processes and technologies. Operational Improvement Often times the services offered by a company can benefit BV’s portfolio of investments and we pride ourselves on providing relevant introductions and sales leads. Additionally, Over 30 BV backed executives have invested in our funds and continue to provide support. BV Network Introductions The Operating Advisory Board is made up of 16 executives with deep industry experience and operating knowledge to provide additional support to management teams. Strategic & Operational Support Through OAB BV has the experience and a global network to help companies thoughtfully expand their offerings internationally to accelerate growth and increase their addressable market. New Sector & Geography Launches BV promotes and supports technology investments that allow companies to develop sustainable competitive advantages. Technology Enhancements BV plays an active role in creating a target list of potential acquisition opportunities and directly sourcing these investments, which are often both strategic and highly accretive to the growth plan. Strategic M&A | We work with management to enhance efficiencies across the organization including pricing segmentation, marketing and sales initiatives, and automating processes and technologies. Operational Improvement | BV’s investment focus is derived from the teams’ experience, network, knowledge and general interest in the business services and information technology services sectors. The Firm’s Partners have developed multiple investment theses based on the transformation of the world economy by the abundance of data being generated. The volume of data and information being generated is rapidly accelerating through new sensor technology, the worldwide deployment of mobile devices, and the proliferation of the Internet and social media. We look to partner with owners and management of businesses that provide solutions and services that collect, store, disseminate, process, and utilize the information and data being created. | Key to the Firm’s investment strategy is the collaboration with management teams to create an operating plan focused on significantly increasing the rate of growth. The development and implementation of these initiatives augment the strengths of the management team and business with BV’s operating experience and extensive network. Some of the principal elements of this plan often include: | The Operating Advisory Board is made up of 16 executives with deep industry experience and operating knowledge to provide additional support to management teams. Strategic & Operational Support Through OAB","https://www.bvlp.com, http://www.bvlp.com/about"
www.castaneapartners.com,"Castanea is a private equity firm that helps owners of great consumer brands realize their vision. We work alongside them to provide financial, strategic, and operational support. | September 10, 2018 Castanea Partners Announces Investment in West Coast Fitness Read More | February 6, 2018 Castanea Partners Announces Investment in Brew Dr. Kombucha Read More",https://www.castaneapartners.com
www.castleharlan.com,"Global leading private equity investment firmdistinguished by disciplined focus on investing in control positions in middle market private companies | HomeAbout UsOur ApproachOur PeoplePortfolio CompaniesNewsContact | distinguished by disciplined focus on investing in control positions in middle market private companies | We are patient but creative investors. We look for investments marked by characteristics that we know we can leverage to create profitable growth and solid long-term returns for our investors. Our principal investment criteria are: Strong Market Position A business with a leading or strong market position can better maintain its profitability and competitive edge, even while expanding into new markets. Established Business We look for businesses that have shown they can survive amid difficult or changing market conditions. Stamina is essential for long-term growth. Moderate Growth Experience has taught us that companies able to achieve moderate but steady growth can be excellent long-term performers and platforms for expansion. Partnering With Management A true partnership with the management of an acquired company offers a new owner the best chance of maximizing the company's success and its shareholders' return on their investment. Sensible Pricing We look for businesses that are realistically priced in terms of their growth prospects and fundamental value in the marketplace. Building Global Reach CHAMP Private Equity is a highly successful partnership between Castle Harlan and one of Australia's premier private equity firms - two enterprises with similar values and investment strategies and a common desire to extend their reach. Working with Our Limited Partners Castle Harlan's financial and administrative functions are handled with the same qualities of integrity, experience and professionalism that characterize the firm's investment operations. | We are patient but creative investors. We look for investments marked by characteristics that we know we can leverage to create profitable growth and solid long-term returns for our investors. Our principal investment criteria are: | Experience has taught us that companies able to achieve moderate but steady growth can be excellent long-term performers and platforms for expansion. | A true partnership with the management of an acquired company offers a new owner the best chance of maximizing the company's success and its shareholders' return on their investment. | CHAMP Private Equity is a highly successful partnership between Castle Harlan and one of Australia's premier private equity firms - two enterprises with similar values and investment strategies and a common desire to extend their reach. | Castle Harlan was founded in 1987, but its roots reach back to the start of the institutionalized private equity market in the 1960s and the pioneering use of private equity limited partnerships as investment vehicles. Our investment funds are limited partnerships that include public and corporate pension funds, endowments and other institutional investors, and high-net-worth individuals as participants. Since our inception, Castle Harlan has participated in eight private equity funds, five domestically and three through its former relationship with CHAMP - Castle Harlan Australian Mezzanine Partners, in Australia. Those funds totaled approximately $6.0 billion in capital commitments. The Castle Harlan team of investment professionals is notable for its stability, as well as for broad experience, creativity and integrity. The firm's principals average tenure with the firm is in excess of fifteen years. We make our investment decisions consensually, with all of the firm's professionals participating. Integrity and personal trust are fundamental to everything we do. We also are supported by an effective network of affiliates - present and former executives of portfolio companies, side-by-side investors in our funds, and friends of the firm - who help us maintain a strong operating focus by finding or analyzing potential acquisitions, serving on boards and management teams, and contributing industry expertise. | We also are supported by an effective network of affiliates - present and former executives of portfolio companies, side-by-side investors in our funds, and friends of the firm - who help us maintain a strong operating focus by finding or analyzing potential acquisitions, serving on boards and management teams, and contributing industry expertise. | Since our inception, Castle Harlan has participated in eight private equity funds, five domestically and three through its former relationship with CHAMP - Castle Harlan Australian Mezzanine Partners, in Australia. Those funds totaled approximately $6.0 billion in capital commitments. | Castle Harlan was founded in 1987, but its roots reach back to the start of the institutionalized private equity market in the 1960s and the pioneering use of private equity limited partnerships as investment vehicles. Our investment funds are limited partnerships that include public and corporate pension funds, endowments and other institutional investors, and high-net-worth individuals as participants. | HomeAbout UsOur ApproachOur PeoplePortfolio CompaniesNewsContact","https://www.castleharlan.com, https://www.castleharlan.com/our-approach-to-business, https://www.castleharlan.com/about-us"
www.provequity.com,"We believe Providence helps build and grow exceptional businesses that make a difference. We are private equity specialists, focused on growth-oriented media, communications and education companies throughout North America and Europe. Sector Focus OUR SECTOR EXPERTISE Media Image Image Image Image Image View Companies — Communications Image Image Image Image Image View Companies — Education Image Image Image Image Image View Companies — Our Approach Providence’s investment approach seeks to maintain a combination of sharp focus, deep industry knowledge, robust value creation capabilities and a spirit of earnest collaboration that we believe has elevated the firm to its position as a leading sector-focused investor. The Providence Approach Our Culture At Providence, we pride ourselves on having a unified and cooperative firm-wide culture grounded in mutual respect, teamwork, collaboration and excellence. Our focus on these important principles is inherent in our one fund, one team approach. Providence Culture Our Team At Providence, we’re driven to help build better businesses that make a difference. Achieving that objective requires an exceptional team and a collaborative culture with a shared mission. The Providence Team Commitment to Our Community At Providence, we believe that fostering a healthy culture requires a commitment to the ongoing development of our team and giving back to the communities where we live and work. Our Responsibility Featured Case Studies VIEW ALL CASE STUDIES Image DoubleVerify (“DV”) is a leading software platform for digital measurement and analytics. View Case Study Image 365 Retail Markets is a leading provider of self-service commerce technology to the foodservice industry. View Case Study Image Globeducate is one of the leading international K-12 education groups in the world. View Case Study Image Groupe La Centrale is a leading provider of car classifieds in France. View Case Study Image Node4 is a leading U.K. Managed Service Provider (MSP). View Case Study Image Seesaw is a leading SaaS-based classroom technology platform targeted towards elementary grade levels. View Case Study Image Superstruct Entertainment is a live entertainment platform that owns and operates large scale festivals and live music events globally. View Case Study Image Sweetwater is a leading U.S. e-commerce platform for musical instruments and equipment. View Case Study Image Tenstreet is a leading provider of SaaS HR solutions to trucking carriers for recruiting, onboarding and managing compliance for truck fleet drivers. View Case Study Image Callaway is a designer, manufacturer and seller of golf equipment, golf and lifestyle apparel and related accessories. View Case Study Image Worldwide Express and GlobalTranz have combined to create a leading non-asset-based provider of technology-driven third-party logistics solutions. View Case Study Image Vistage is a leading subscription-based membership organization that provides peer advisory and executive coaching to CEOs. View Case Study Image Marlink is a leading provider of high bandwidth satellite connectivity and digital solutions to the maritime and enterprise end markets. View Case Study Image Global leader in automotive and mobility technology benchmarking View Case Study Image A leading provider of digital-first STEM curriculum for the K-12 education market View Case Study Image A leading global events business View Case Study Image A leading global design and architecture firm for stadia, arenas, convention & exhibition centers (COEX) and entertainment venues View Case Study Image Leading provider of outdoor recreation management software. View Case Study Image VivaGym is a leading operator of low-cost gyms in Iberia View Case Study Image A leading provider of software solutions that help higher education institutions attract, engage and retain students View Case Study Image A leading global SaaS provider for multi-tax compliance View Case Study Image Rock-It is a global leader in specialty logistics in the live events and luxury goods end markets. View Case Study In The News View all news Providence Makes Significant Investment in SCG Read the Article June 17, 2026 Davis Noell Featured in Buyouts’ Off-Duty June 2, 2026 Hyve to be Acquired by Hellman & Friedman to Accelerate Next Phase of Growth May 11, 2026 365 Retail Markets Completes Acquisition of Cantaloupe to Expand Technology Capabilities and Customer Value May 1, 2026 Searchlight to invest in CloserStill alongside Providence to support next phase of growth | We believe Providence helps build and grow exceptional businesses that make a difference. We are private equity specialists, focused on growth-oriented media, communications and education companies throughout North America and Europe. | We are private equity specialists, focused on growth-oriented media, communications and education companies throughout North America and Europe. | Providence’s investment approach seeks to maintain a combination of sharp focus, deep industry knowledge, robust value creation capabilities and a spirit of earnest collaboration that we believe has elevated the firm to its position as a leading sector-focused investor. | We believe Providence helps build and grow exceptional businesses that make a difference. | Providence’s investment approach seeks to maintain a combination of sharp focus, deep industry knowledge, robust value creation capabilities and a spirit of earnest collaboration that we believe has elevated the firm to its position as a leading sector-focused investor. The foundation of our vision rests on the efforts of the experienced executives and entrepreneurs who we have been fortunate enough to partner with to help build many transformational companies that we believe have enduring value. We are growth-oriented investors who are excited by the opportunity to help companies achieve their potential, prioritizing organic and inorganic growth over cost-cutting and restructuring as a principal means of value creation. Five Pillars of Providence's Investment Strategy Specialized Industry Knowledge Over three decades of investment experience in media, communications and education are the source of the deep domain expertise that we leverage and build upon every day. The long history we have in these sectors has also allowed us to build a broad network of industry relationships which serves as a valuable resource on which to draw for talent and perspective. Thematic Investing Providence leverages its industry expertise to identify long-term thematic trends that we believe will drive growth within our target sectors. Those themes underpin our investment strategy, serve to guide our sourcing efforts and dictate where our investment professionals focus their time and efforts. Middle-Market+ Focus We generally invest in companies that occupy the middle-market with enterprise values of less than $1.5 billion. We will opportunistically make investments in larger companies where the transaction dynamics meet our investment criteria. We believe that our focus on this segment of the middle market affords us the greatest opportunity to leverage our skills and help transform a company into a larger scale strategic asset. Buy-and-Build Capabilities Providence seeks to invest in companies we believe present strong organic and inorganic growth opportunities. We have built robust capabilities to support M&A within the portfolio while pursuing value creation. In our most recent fully invested strategy, we have completed over 150 acquisitions across the 20 companies in that portfolio. Partnership Approach We view our relationship with management teams as true partnerships oriented around building value and creating enduring franchises. We seek investments where our culture, values and goals align closely with those of the teams we are investing behind. Leveraging Providence Resources In our view, we provide our portfolio companies with access to resources that they can leverage to help meet their growth objectives. Our dedicated team of portfolio operations professionals are able to assist with a broad range of initiatives including market research, pricing optimization, sales force organization and effectiveness, acquisition integration and cyber risk assessments. This group is also instrumental in sharing best practices across portfolio companies and running our CTO and CHRO councils. The operating partners we are able to engage on behalf of our funds are former senior executives with extensive backgrounds in our sectors, who serve as board members and advisors to management. Each operating partner possesses a differentiated background and set of skills and capabilities. They assist with talent recruitment and development, due diligence, and, on occasion, serve in important interim operating roles. Management Philosophy We believe that the executives we are investing behind should lead their companies on a day-to day-basis. While we are active investors, our objective is to work collaboratively with management teams to develop and execute business strategies, improve operations, implement efficient capital structures and recruit talented executives and high-impact board members. We believe the management teams which have partnered with Providence appreciate that we understand the opportunities and risks inherent in their businesses, that we have informed views on market trends and industry competition and that we’re able to bring significant resources to the table while seeking to help them grow. We are proud of the fact that we have frequently backed the same senior executive or team in more than one venture and across different geographies. | Five Pillars of Providence's Investment Strategy Specialized Industry Knowledge Over three decades of investment experience in media, communications and education are the source of the deep domain expertise that we leverage and build upon every day. The long history we have in these sectors has also allowed us to build a broad network of industry relationships which serves as a valuable resource on which to draw for talent and perspective. Thematic Investing Providence leverages its industry expertise to identify long-term thematic trends that we believe will drive growth within our target sectors. Those themes underpin our investment strategy, serve to guide our sourcing efforts and dictate where our investment professionals focus their time and efforts. Middle-Market+ Focus We generally invest in companies that occupy the middle-market with enterprise values of less than $1.5 billion. We will opportunistically make investments in larger companies where the transaction dynamics meet our investment criteria. We believe that our focus on this segment of the middle market affords us the greatest opportunity to leverage our skills and help transform a company into a larger scale strategic asset. Buy-and-Build Capabilities Providence seeks to invest in companies we believe present strong organic and inorganic growth opportunities. We have built robust capabilities to support M&A within the portfolio while pursuing value creation. In our most recent fully invested strategy, we have completed over 150 acquisitions across the 20 companies in that portfolio. Partnership Approach We view our relationship with management teams as true partnerships oriented around building value and creating enduring franchises. We seek investments where our culture, values and goals align closely with those of the teams we are investing behind. | Leveraging Providence Resources In our view, we provide our portfolio companies with access to resources that they can leverage to help meet their growth objectives. Our dedicated team of portfolio operations professionals are able to assist with a broad range of initiatives including market research, pricing optimization, sales force organization and effectiveness, acquisition integration and cyber risk assessments. This group is also instrumental in sharing best practices across portfolio companies and running our CTO and CHRO councils. The operating partners we are able to engage on behalf of our funds are former senior executives with extensive backgrounds in our sectors, who serve as board members and advisors to management. Each operating partner possesses a differentiated background and set of skills and capabilities. They assist with talent recruitment and development, due diligence, and, on occasion, serve in important interim operating roles. | Providence’s investment approach seeks to maintain a combination of sharp focus, deep industry knowledge, robust value creation capabilities and a spirit of earnest collaboration that we believe has elevated the firm to its position as a leading sector-focused investor. The foundation of our vision rests on the efforts of the experienced executives and entrepreneurs who we have been fortunate enough to partner with to help build many transformational companies that we believe have enduring value. We are growth-oriented investors who are excited by the opportunity to help companies achieve their potential, prioritizing organic and inorganic growth over cost-cutting and restructuring as a principal means of value creation. | Providence seeks to invest in companies we believe present strong organic and inorganic growth opportunities. We have built robust capabilities to support M&A within the portfolio while pursuing value creation. In our most recent fully invested strategy, we have completed over 150 acquisitions across the 20 companies in that portfolio. | The combined private company brings together complementary solutions to give operators more choice, flexibility and control in delivering modern, convenient retail experiences TROY, Mich.--365 Retail Markets, LLC (“365”), a leading innovator in unattended retail technologies, today announced that it has completed its acquisition of Cantaloupe, Inc. (“Cantaloupe”), a global technology leader offering end-to-end technology solutions for self-service commerce. 365 is a portfolio company of Providence Equity Partners L.L.C. (“Providence”), a specialist private equity investment firm focused on growth-oriented media, communications and education companies across North America and Europe. With the transaction complete, the combined business will operate under 365 Retail Markets, bringing together Cantaloupe’s payments, telemetry and global device network with 365’s self-checkout, smart store and software systems. These capabilities expand the range of environments 365 can serve, from traditional vending and food service operations to newer locations such as hospitality, entertainment venues and transit hubs. The combination also allows operators to run more efficiently by enabling the tools that best support their business objectives, and in turn deliver a more seamless experience for consumers. “We are thrilled to have completed the acquisition of Cantaloupe,” said Joe Hessling, Founder and CEO of 365. “The addition of their great products and welcoming both Scott Stewart and Jeffrey Dumbrell to the Executive Team will certainly go a long way to onboard nearly 40,000 new customers and introduce them to the 365 suite of products and services. The retail environment is shifting worldwide to a more convenient, safe and connected consumer experience. 365 is leading that shift and will be positioned to better serve consumers with this deal.” “Integrating with 365 is an important next step to help our customers maximize the value and reach of available technology solutions,” said Jeffrey Dumbrell, Chief Revenue Officer at Cantaloupe. “As the demand for micro-retail in nontraditional sectors like hospitality and warehouses becomes stronger, we anticipate that the expanded capabilities enabled through this combination will allow for highly customized, readily available retail that benefits consumers by meeting them where they need it. We are grateful for our customers and stakeholders who have helped us reach this milestone, and we are excited to meet the next wave of unattended retail innovators in this new chapter.” The complementary strengths of the two companies enable a diversified portfolio of products and solutions, expanding the market for unattended retail beyond traditional convenience and food service operator (FSO) models to include new sectors like hospitality, sports and entertainment. As the $86 billion global unattended retail industry continues to grow, Providence believes today’s combination brings the connected, automated and data-driven future of retail closer to reality with tools that can support customers at any stage of growth. “As two separate companies that pioneered their individual niches in the self-service retail space, we believe having Cantaloupe join the 365 brand creates unparalleled opportunity for diversification and scale across sectors and geographies,” said Scott Marimow, Managing Director at Providence. Environments for unattended retail can be found everywhere, from airports to corporate and industrial campuses. We believe that today’s acquisition creates strong opportunities for growth, scale and enhanced value for the customers and stakeholders of both 365 and Cantaloupe.” Joshua Selip, Managing Director at Providence, commented, “We continue to see growth in unattended retail that is tailored for specific customer needs across new locations, and bringing 365 and Cantaloupe together creates more flexibility and possibility across a wide array of tools and services. In a market fueled by change and innovation, we are excited to support the growth and integration of these companies and the broader retail sector.” About 365 Retail Markets, LLC 365 Retail Markets, LLC is a leading innovator in unattended retail technology. Founded in 2008, 365 provides a full suite of best-in-class unattended technologies for food service operators including end-to-end integrated SaaS software, payment processing and point-of-sale hardware. Today, 365’s technology solutions autonomously power food retail spaces at corporate offices, manufacturing and distribution facilities, hospitality settings, senior living facilities, universities and more, in order to provide compelling foodservice options for consumers. 365’s technology solutions include a growing suite of frictionless smart stores, micro markets, vending, catering, and dining point-of-sale options to meet the expanding needs of its customers. 365 continuously pioneers innovation in the industry with superior technology, strategic partnerships and ultimate flexibility in customization and branding. For more information, please visit www.365retailmarkets.com. About Providence Equity Partners L.L.C. Providence Equity Partners L.L.C. is a leading middle-market private equity firm with deep sector expertise in media, communications and education focused on North America and Europe. Providence looks to invest in businesses that are benefiting from the long-term growth trends around experiences, learning, and connectivity by partnering with exceptional management teams to build enduring, scaled companies. Founded in 1989 in Providence, Rhode Island, the firm has invested over $40 billion across more than 180 portfolio companies with a transatlantic investment team based primarily in London, New York and Boston. Through disciplined portfolio construction, prudent risk management and a collaborative culture, the firm seeks to deliver strong results across market cycles. To learn more, please visit www.provequity.com. Forward-Looking Statements This communication contains “forward-looking statements,” as that term is defined under the Private Securities Litigation Reform Act of 1995, as amended, and other securities laws. Statements concerning general economic conditions, financial condition, including anticipated revenues, earnings, cash flows or other aspects of operations or operating results, and expectations or beliefs concerning future events; and any statements using words such as “believe,” “expect,” “anticipate,” “plan,” “intend,” “foresee,” “should,” “would,” “could,” “may,” “estimate,” “outlook” or similar expressions, including the negative thereof, are forward-looking statements that involve certain factors, risks and uncertainties that could cause actual results to differ materially from those anticipated. Contacts For Providence: Profile Advisors [email protected] | The combined private company brings together complementary solutions to give operators more choice, flexibility and control in delivering modern, convenient retail experiences TROY, Mich.--365 Retail Markets, LLC (“365”), a leading innovator in unattended retail technologies, today announced that it has completed its acquisition of Cantaloupe, Inc. (“Cantaloupe”), a global technology leader offering end-to-end technology solutions for self-service commerce. 365 is a portfolio company of Providence Equity Partners L.L.C. (“Providence”), a specialist private equity investment firm focused on growth-oriented media, communications and education companies across North America and Europe. With the transaction complete, the combined business will operate under 365 Retail Markets, bringing together Cantaloupe’s payments, telemetry and global device network with 365’s self-checkout, smart store and software systems. These capabilities expand the range of environments 365 can serve, from traditional vending and food service operations to newer locations such as hospitality, entertainment venues and transit hubs. The combination also allows operators to run more efficiently by enabling the tools that best support their business objectives, and in turn deliver a more seamless experience for consumers. “We are thrilled to have completed the acquisition of Cantaloupe,” said Joe Hessling, Founder and CEO of 365. “The addition of their great products and welcoming both Scott Stewart and Jeffrey Dumbrell to the Executive Team will certainly go a long way to onboard nearly 40,000 new customers and introduce them to the 365 suite of products and services. The retail environment is shifting worldwide to a more convenient, safe and connected consumer experience. 365 is leading that shift and will be positioned to better serve consumers with this deal.” “Integrating with 365 is an important next step to help our customers maximize the value and reach of available technology solutions,” said Jeffrey Dumbrell, Chief Revenue Officer at Cantaloupe. “As the demand for micro-retail in nontraditional sectors like hospitality and warehouses becomes stronger, we anticipate that the expanded capabilities enabled through this combination will allow for highly customized, readily available retail that benefits consumers by meeting them where they need it. We are grateful for our customers and stakeholders who have helped us reach this milestone, and we are excited to meet the next wave of unattended retail innovators in this new chapter.” The complementary strengths of the two companies enable a diversified portfolio of products and solutions, expanding the market for unattended retail beyond traditional convenience and food service operator (FSO) models to include new sectors like hospitality, sports and entertainment. As the $86 billion global unattended retail industry continues to grow, Providence believes today’s combination brings the connected, automated and data-driven future of retail closer to reality with tools that can support customers at any stage of growth. “As two separate companies that pioneered their individual niches in the self-service retail space, we believe having Cantaloupe join the 365 brand creates unparalleled opportunity for diversification and scale across sectors and geographies,” said Scott Marimow, Managing Director at Providence. Environments for unattended retail can be found everywhere, from airports to corporate and industrial campuses. We believe that today’s acquisition creates strong opportunities for growth, scale and enhanced value for the customers and stakeholders of both 365 and Cantaloupe.” Joshua Selip, Managing Director at Providence, commented, “We continue to see growth in unattended retail that is tailored for specific customer needs across new locations, and bringing 365 and Cantaloupe together creates more flexibility and possibility across a wide array of tools and services. In a market fueled by change and innovation, we are excited to support the growth and integration of these companies and the broader retail sector.” About 365 Retail Markets, LLC 365 Retail Markets, LLC is a leading innovator in unattended retail technology. Founded in 2008, 365 provides a full suite of best-in-class unattended technologies for food service operators including end-to-end integrated SaaS software, payment processing and point-of-sale hardware. Today, 365’s technology solutions autonomously power food retail spaces at corporate offices, manufacturing and distribution facilities, hospitality settings, senior living facilities, universities and more, in order to provide compelling foodservice options for consumers. 365’s technology solutions include a growing suite of frictionless smart stores, micro markets, vending, catering, and dining point-of-sale options to meet the expanding needs of its customers. 365 continuously pioneers innovation in the industry with superior technology, strategic partnerships and ultimate flexibility in customization and branding. For more information, please visit www.365retailmarkets.com. About Providence Equity Partners L.L.C. Providence Equity Partners L.L.C. is a leading middle-market private equity firm with deep sector expertise in media, communications and education focused on North America and Europe. Providence looks to invest in businesses that are benefiting from the long-term growth trends around experiences, learning, and connectivity by partnering with exceptional management teams to build enduring, scaled companies. Founded in 1989 in Providence, Rhode Island, the firm has invested over $40 billion across more than 180 portfolio companies with a transatlantic investment team based primarily in London, New York and Boston. Through disciplined portfolio construction, prudent risk management and a collaborative culture, the firm seeks to deliver strong results across market cycles. To learn more, please visit www.provequity.com. Forward-Looking Statements This communication contains “forward-looking statements,” as that term is defined under the Private Securities Litigation Reform Act of 1995, as amended, and other securities laws. Statements concerning general economic conditions, financial condition, including anticipated revenues, earnings, cash flows or other aspects of operations or operating results, and expectations or beliefs concerning future events; and any statements using words such as “believe,” “expect,” “anticipate,” “plan,” “intend,” “foresee,” “should,” “would,” “could,” “may,” “estimate,” “outlook” or similar expressions, including the negative thereof, are forward-looking statements that involve certain factors, risks and uncertainties that could cause actual results to differ materially from those anticipated. Contacts For Providence: Profile Advisors [email protected] | Providence Equity Partners L.L.C. is a leading middle-market private equity firm with deep sector expertise in media, communications and education focused on North America and Europe. Providence looks to invest in businesses that are benefiting from the long-term growth trends around experiences, learning, and connectivity by partnering with exceptional management teams to build enduring, scaled companies. Founded in 1989 in Providence, Rhode Island, the firm has invested over $40 billion across more than 180 portfolio companies with a transatlantic investment team based primarily in London, New York and Boston. Through disciplined portfolio construction, prudent risk management and a collaborative culture, the firm seeks to deliver strong results across market cycles. To learn more, please visit www.provequity.com. Forward-Looking Statements This communication contains “forward-looking statements,” as that term is defined under the Private Securities Litigation Reform Act of 1995, as amended, and other securities laws. Statements concerning general economic conditions, financial condition, including anticipated revenues, earnings, cash flows or other aspects of operations or operating results, and expectations or beliefs concerning future events; and any statements using words such as “believe,” “expect,” “anticipate,” “plan,” “intend,” “foresee,” “should,” “would,” “could,” “may,” “estimate,” “outlook” or similar expressions, including the negative thereof, are forward-looking statements that involve certain factors, risks and uncertainties that could cause actual results to differ materially from those anticipated. Contacts For Providence: Profile Advisors [email protected] | The combined private company brings together complementary solutions to give operators more choice, flexibility and control in delivering modern, convenient retail experiences TROY, Mich.--365 Retail Markets, LLC (“365”), a leading innovator in unattended retail technologies, today announced that it has completed its acquisition of Cantaloupe, Inc. (“Cantaloupe”), a global technology leader offering end-to-end technology solutions for self-service commerce. 365 is a portfolio company of Providence Equity Partners L.L.C. (“Providence”), a specialist private equity investment firm focused on growth-oriented media, communications and education companies across North America and Europe. With the transaction complete, the combined business will operate under 365 Retail Markets, bringing together Cantaloupe’s payments, telemetry and global device network with 365’s self-checkout, smart store and software systems. These capabilities expand the range of environments 365 can serve, from traditional vending and food service operations to newer locations such as hospitality, entertainment venues and transit hubs. The combination also allows operators to run more efficiently by enabling the tools that best support their business objectives, and in turn deliver a more seamless experience for consumers. “We are thrilled to have completed the acquisition of Cantaloupe,” said Joe Hessling, Founder and CEO of 365. “The addition of their great products and welcoming both Scott Stewart and Jeffrey Dumbrell to the Executive Team will certainly go a long way to onboard nearly 40,000 new customers and introduce them to the 365 suite of products and services. The retail environment is shifting worldwide to a more convenient, safe and connected consumer experience. 365 is leading that shift and will be positioned to better serve consumers with this deal.” “Integrating with 365 is an important next step to help our customers maximize the value and reach of available technology solutions,” said Jeffrey Dumbrell, Chief Revenue Officer at Cantaloupe. “As the demand for micro-retail in nontraditional sectors like hospitality and warehouses becomes stronger, we anticipate that the expanded capabilities enabled through this combination will allow for highly customized, readily available retail that benefits consumers by meeting them where they need it. We are grateful for our customers and stakeholders who have helped us reach this milestone, and we are excited to meet the next wave of unattended retail innovators in this new chapter.” The complementary strengths of the two companies enable a diversified portfolio of products and solutions, expanding the market for unattended retail beyond traditional convenience and food service operator (FSO) models to include new sectors like hospitality, sports and entertainment. As the $86 billion global unattended retail industry continues to grow, Providence believes today’s combination brings the connected, automated and data-driven future of retail closer to reality with tools that can support customers at any stage of growth. “As two separate companies that pioneered their individual niches in the self-service retail space, we believe having Cantaloupe join the 365 brand creates unparalleled opportunity for diversification and scale across sectors and geographies,” said Scott Marimow, Managing Director at Providence. | Joshua Selip, Managing Director at Providence, commented, “We continue to see growth in unattended retail that is tailored for specific customer needs across new locations, and bringing 365 and Cantaloupe together creates more flexibility and possibility across a wide array of tools and services. In a market fueled by change and innovation, we are excited to support the growth and integration of these companies and the broader retail sector.” About 365 Retail Markets, LLC 365 Retail Markets, LLC is a leading innovator in unattended retail technology. Founded in 2008, 365 provides a full suite of best-in-class unattended technologies for food service operators including end-to-end integrated SaaS software, payment processing and point-of-sale hardware. Today, 365’s technology solutions autonomously power food retail spaces at corporate offices, manufacturing and distribution facilities, hospitality settings, senior living facilities, universities and more, in order to provide compelling foodservice options for consumers. 365’s technology solutions include a growing suite of frictionless smart stores, micro markets, vending, catering, and dining point-of-sale options to meet the expanding needs of its customers. 365 continuously pioneers innovation in the industry with superior technology, strategic partnerships and ultimate flexibility in customization and branding. For more information, please visit www.365retailmarkets.com. About Providence Equity Partners L.L.C.","https://www.provequity.com, https://www.provequity.com/sector-focus/approach, https://www.provequity.com/news/365-retail-markets-completes-acquisition-cantaloupe-expand-technology-capabilities-and"
www.cdr.com,"At CD&R, we work with exceptional management teams with the goal of building great businesses that generate long-term value. Our Team Our talented team and differentiated culture are the cornerstones of our success. Meet Our Team Advisors Our Approach CD&R’s approach is defined by our singular focus on private equity and our commitment to trust, partnership, creativity and operational excellence. View Our Approach Our Portfolio We invest in sectors where we have differentiated insights and deep industry operating expertise. We work with our companies to develop and deploy value creation plans that support sustainable long-term growth and value creation. Explore Our Portfolio Our Stewardship We take our responsibility to our businesses seriously. We always aim to be good stewards; driving sustainable growth, generating value and creating greater economic opportunity for the people our businesses employ and the communities in which they operate. View Our Sustainability Initiatives Meet the CD&R Foundation Latest News John Chiminski, Former Catalent Chair and CEO, to Serve as CD&R Operating Advisor Press Release July 07, 2026 CD&R Foundation Awards Grants to Five New York City Non-Profit Organizations Expanding Economic Opportunity Press Release June 30, 2026 CD&R Engages Former Enovis CEO as Operating Advisor Press Release June 11, 2026 CD&R Expands Tech Value Creation Function Press Release May 27, 2026 See All News Close Menu Firm Home History CD&R Approach Sustainability Team Team Directory Advisors Working at CD&R CD&R Foundation Foundation Initiatives Portfolio Portfolio Listing News Newsroom LP Login Connect Menu If you continue, a new tab will open with the LP Data Exchange website. Note that you will be leaving the CD&R website. Cancel Continue | Our Portfolio We invest in sectors where we have differentiated insights and deep industry operating expertise. We work with our companies to develop and deploy value creation plans that support sustainable long-term growth and value creation. Explore Our Portfolio | We invest in sectors where we have differentiated insights and deep industry operating expertise. We work with our companies to develop and deploy value creation plans that support sustainable long-term growth and value creation. | Our Approach CD&R’s approach is defined by our singular focus on private equity and our commitment to trust, partnership, creativity and operational excellence. View Our Approach | CD&R’s approach is defined by our singular focus on private equity and our commitment to trust, partnership, creativity and operational excellence. | CD&R (or the “Firm”) today announced it is expanding its existing Tech Value Creation (“TVC”) function to deepen the Firm’s capabilities at the intersection of technology, AI and value creation. This move reflects the increasing importance of technology and AI as drivers of performance across CD&R’s portfolio and underscores the Firm’s sustained commitment to technology as a core area of investment, backed by dedicated talent, infrastructure and process.CD&R Partner Stephen Shapiro will lead the TVC function and join the Firm’s Investment Committee as a standing member, effective immediately. A 24-year veteran of CD&R, Stephen has played a leading role in the Firm’s technology investing activities. CD&R Managing Director Chris Satchell, who helped build the TVC function and has led CD&R’s early AI work across the portfolio, will take on an expanded role as Head of Portfolio Technology.The TVC team engages with portfolio company management from diligence through exit, and CD&R is adding specialists in areas such as ERP and cybersecurity alongside a dedicated in-house engineering team focused on AI deployment. CD&R Co-President Rick Schnall will oversee the Firm’s U.S. technology investing efforts in partnership with the TVC team.“This is a deliberate investment in our own capabilities,” said Nate Sleeper, Chief Executive Officer of CD&R. “We are putting talent, infrastructure and senior leadership behind technology and AI initiatives because our portfolio companies need partners who can match the pace of change in their industries.”“Our aim is straightforward,” said Stephen Shapiro. “We help the companies we invest in build the kind of long-term, durable growth that technology and AI increasingly make possible. We believe the team we have today, combined with the additions we are making, positions us well to do that.”About CD&RFounded in 1978, CD&R is a leading private investment firm with a strategy of generating strong investment returns by building more robust and sustainable businesses through the combination of skilled investment experience and deep operating capabilities. In partnership with the management teams of its portfolio companies, CD&R takes a long-term view of value creation and emphasizes positive stewardship and impact. The firm invests in businesses that span a broad range of industries, including industrial, healthcare, consumer, technology and financial services end markets. CD&R is privately owned by its partners and has offices in New York and London. For more information, please visit www.cdr.com and follow the firm’s activities through LinkedIn. Share Close Menu Firm Home History CD&R Approach Sustainability Team Team Directory Advisors Working at CD&R CD&R Foundation Foundation Initiatives Portfolio Portfolio Listing News Newsroom LP Login Connect Menu If you continue, a new tab will open with the LP Data Exchange website. Note that you will be leaving the CD&R website. Cancel Continue | CD&R (or the “Firm”) today announced it is expanding its existing Tech Value Creation (“TVC”) function to deepen the Firm’s capabilities at the intersection of technology, AI and value creation. This move reflects the increasing importance of technology and AI as drivers of performance across CD&R’s portfolio and underscores the Firm’s sustained commitment to technology as a core area of investment, backed by dedicated talent, infrastructure and process.CD&R Partner Stephen Shapiro will lead the TVC function and join the Firm’s Investment Committee as a standing member, effective immediately. A 24-year veteran of CD&R, Stephen has played a leading role in the Firm’s technology investing activities. CD&R Managing Director Chris Satchell, who helped build the TVC function and has led CD&R’s early AI work across the portfolio, will take on an expanded role as Head of Portfolio Technology.The TVC team engages with portfolio company management from diligence through exit, and CD&R is adding specialists in areas such as ERP and cybersecurity alongside a dedicated in-house engineering team focused on AI deployment. CD&R Co-President Rick Schnall will oversee the Firm’s U.S. technology investing efforts in partnership with the TVC team.“This is a deliberate investment in our own capabilities,” said Nate Sleeper, Chief Executive Officer of CD&R. “We are putting talent, infrastructure and senior leadership behind technology and AI initiatives because our portfolio companies need partners who can match the pace of change in their industries.”“Our aim is straightforward,” said Stephen Shapiro. “We help the companies we invest in build the kind of long-term, durable growth that technology and AI increasingly make possible. We believe the team we have today, combined with the additions we are making, positions us well to do that.”About CD&RFounded in 1978, CD&R is a leading private investment firm with a strategy of generating strong investment returns by building more robust and sustainable businesses through the combination of skilled investment experience and deep operating capabilities. In partnership with the management teams of its portfolio companies, CD&R takes a long-term view of value creation and emphasizes positive stewardship and impact. The firm invests in businesses that span a broad range of industries, including industrial, healthcare, consumer, technology and financial services end markets. CD&R is privately owned by its partners and has offices in New York and London. For more information, please visit www.cdr.com and follow the firm’s activities through LinkedIn. | Founded in 1978, CD&R is a leading private investment firm with a strategy of generating strong investment returns by building more robust and sustainable businesses through the combination of skilled investment experience and deep operating capabilities. In partnership with the management teams of its portfolio companies, CD&R takes a long-term view of value creation and emphasizes positive stewardship and impact. The firm invests in businesses that span a broad range of industries, including industrial, healthcare, consumer, technology and financial services end markets. CD&R is privately owned by its partners and has offices in New York and London. For more information, please visit www.cdr.com and follow the firm’s activities through LinkedIn. | CD&R Partner Stephen Shapiro will lead the TVC function and join the Firm’s Investment Committee as a standing member, effective immediately. A 24-year veteran of CD&R, Stephen has played a leading role in the Firm’s technology investing activities. CD&R Managing Director Chris Satchell, who helped build the TVC function and has led CD&R’s early AI work across the portfolio, will take on an expanded role as Head of Portfolio Technology. | The TVC team engages with portfolio company management from diligence through exit, and CD&R is adding specialists in areas such as ERP and cybersecurity alongside a dedicated in-house engineering team focused on AI deployment. CD&R Co-President Rick Schnall will oversee the Firm’s U.S. technology investing efforts in partnership with the TVC team. | CD&R has a distinctive approach to private equity investing. This is driven by our focus, our capabilities, our team and our strategy. Our Distinctive Characteristics and Approach Singular Focus on Private Equity We are focused solely on private equity. We invest through a single fund structure, encouraging strong alignment across our team and our investors. Solution Capital We believe in a collaborative approach to dealmaking that creates value for all parties involved. Alongside the capital we invest, we also offer guidance, expertise and a solution-focused approach to growth. Partnership Orientation Many of our investments are made in partnership with current business owners. This includes corporations, founders, families or other shareholders. We have built a reputation for being good partners, and we work hard to maintain it. Operational Value Add We employ an operational lens to the businesses we invest in. Our operating partners and advisors to our funds are integral to the Firm and work closely with our management teams to build great businesses. Deep Industry Insight and Connectivity We invest in companies across a broad range of industries in North America and Europe, including Consumer & Retail Services, Financial Services, Healthcare, Industrials & Business Services and Technology. We bring deep industry connectivity, expertise and operational capability to every sector in which we invest. Firm Culture Our talented team unites around a culture that is both performance-oriented and highly collaborative. As a team, we align around a set of values that emphasizes integrity, perseverance and teamwork. Partner Owned The Firm continues to be 100% partner owned. This encourages a high degree of motivation and alignment with our limited partner investors. Close Menu Firm Home History CD&R Approach Sustainability Team Team Directory Advisors Working at CD&R CD&R Foundation Foundation Initiatives Portfolio Portfolio Listing News Newsroom LP Login Connect Menu If you continue, a new tab will open with the LP Data Exchange website. Note that you will be leaving the CD&R website. Cancel Continue | Operational Value Add We employ an operational lens to the businesses we invest in. Our operating partners and advisors to our funds are integral to the Firm and work closely with our management teams to build great businesses. | We employ an operational lens to the businesses we invest in. Our operating partners and advisors to our funds are integral to the Firm and work closely with our management teams to build great businesses. | Solution Capital We believe in a collaborative approach to dealmaking that creates value for all parties involved. Alongside the capital we invest, we also offer guidance, expertise and a solution-focused approach to growth. | We believe in a collaborative approach to dealmaking that creates value for all parties involved. Alongside the capital we invest, we also offer guidance, expertise and a solution-focused approach to growth.","https://www.cdr.com, https://www.cdr.com/news/cd-and-r-expands-tech-value-creation-function, https://www.cdr.com/firm/approach"
www.courtsquare.com,"Court Square has been building middle market companies for more than 40 years. We closely partner with founders, families and management teams to drive long-term value and establish market leadership.We invest in market leaders.teams.consolidators.scalability.Medical Knowledge GroupGetaroomDISAAHEADView CompanyJump to Slide 0Jump to Slide 1Jump to Slide 2Jump to Slide 3We invest in growth.Years Of Experience0Billion Invested0Platform Investments 0Investment Professionals0We are industry specialists.Business ServicesHealthcareIndustrialsTech & TelecomWe seek to build lasting value for investors, portfolio companies, and our broader communities. Our approach is rooted in building partnerships based on integrity, transparency and trust to drive successful outcomes for all stakeholders. Responsibility(opens in new window)NewsApr 09, 2026Court Square Capital Partners Closes Fifth Flagship Fund at $3.8 BillionApr 02, 2026Court Square Capital Partners Announces Acquisition of CallTowerFeb 11, 2026QXO to Buy Kodiak Building Partners for $2.25 Billion | Court Square has been building middle market companies for more than 40 years. We closely partner with founders, families and management teams to drive long-term value and establish market leadership. | Court Square has been building middle market companies for more than 40 years. We closely partner with founders, families and management teams to drive long-term value and establish market leadership. | Court Square has been building middle market companies for more than 40 years. We closely partner with founders, families and management teams to drive long-term value and establish market leadership. | We seek to build lasting value for investors, portfolio companies, and our broader communities. Our approach is rooted in building partnerships based on integrity, transparency and trust to drive successful outcomes for all stakeholders. Responsibility(opens in new window) | Diversity. Equity. Inclusion.Diversity, Equity and Inclusion (“DE&I”) is a fundamental tenet of Court Square’s mission to build lasting value for our investors, portfolio companies and communities. DE&I Philosophy Our commitment to DE&I promotes a more engaged, inclusive and collaborative work environment. Encouraging and embracing diversity in thought, experiences and backgrounds improves decision making, attracts and retains strong talent, and accelerates responsible growth. We believe that DE&I is not a static end goal – our DE&I mission empowers us to evolve and progress along with our people, our employees and our environment. DE&I Core Values: Respect and value each individual Consider all viewpoints and opinions Promote an authentic and diverse workplace with individuals from different backgrounds Foster an open, safe and supportive workplace Advocate collaboration and teamwork Strive to be proactive, remain flexible and responsive to changing norms Measure our actions and not just our words DEI Committee Sarah DonaldsonVice President Matthew DennettPartner Stephanie JonesVice President of Human Resources & Compliance Nicholas KacenaVice PresidentDavid NguyenManaging Partner & Co-Head of Healthcare Jessica PizzoResource Partner Grant RossVice President Gabriella StarzecSenior AccountantKevin WhiteManaging Partner & Co-Head of Business Services Partner Organizations (opens in new window)(opens in new window)(opens in new window)(opens in new window)(opens in new window)Environmental, Social & GovernanceEnvironmental, Social & Governance (""ESG"") is programmatically integrated across our investment diligence, value creation and management frameworks.ESG Philosophy We believe a strong focus on ESG is critical to: Mitigate Risk Unlock potential value Drive sustainable growth While we have long considered and evaluated ESG risks and opportunities within the portfolio, we formalized our program in 2017, implementing a systematic approach to evaluating and monitoring ESG considerations prior to and during Court Square’s ownership period. Additionally, we seek to serve as a strategic partner to our portfolio companies along the way by informing and supporting their ESG goals. We are focused on the continuous improvement of our ESG program and its integration into our investment and internal management processes. ESG Committee Jeffrey AltChief Financial Officer / Chief Compliance OfficerJeffrey AbramoffPartner Harrison HuangControllerStephanie JonesVice President of Human Resources & Compliance David ThomasCo-Founder & Senior PartnerJessica PizzoResource Partner James ShepherdVice President of Investor RelationsJeffrey VogelManaging Partner & Head of Tech & TelecomESG Data Convergence InitiativeCourt Square is a signatory of the ESG Data Convergence Initiative. The project focuses on establishing performance-based, standardized ESG metrics for private markets. The goal of the partnership is to create comparable data and to help General Partners and underlying portfolio companies benchmark their current position and future progress toward ESG improvements.DisclosuresCommunityEngaging with, and serving, the communities in which we live, invest and work is a deeply shared value across the firm. Our individuals contribute time, financial resources and leadership to a variety of philanthropic and civic organizations they are passionate about. We are proud of this dedication and commitment to civic engagement and community enrichment.Select Organizations(opens in new window)(opens in new window)(opens in new window)(opens in new window) | ESG Philosophy We believe a strong focus on ESG is critical to: Mitigate Risk Unlock potential value Drive sustainable growth While we have long considered and evaluated ESG risks and opportunities within the portfolio, we formalized our program in 2017, implementing a systematic approach to evaluating and monitoring ESG considerations prior to and during Court Square’s ownership period. Additionally, we seek to serve as a strategic partner to our portfolio companies along the way by informing and supporting their ESG goals. We are focused on the continuous improvement of our ESG program and its integration into our investment and internal management processes. | ESG Philosophy We believe a strong focus on ESG is critical to: Mitigate Risk Unlock potential value Drive sustainable growth While we have long considered and evaluated ESG risks and opportunities within the portfolio, we formalized our program in 2017, implementing a systematic approach to evaluating and monitoring ESG considerations prior to and during Court Square’s ownership period. Additionally, we seek to serve as a strategic partner to our portfolio companies along the way by informing and supporting their ESG goals. We are focused on the continuous improvement of our ESG program and its integration into our investment and internal management processes. | ESG Philosophy We believe a strong focus on ESG is critical to: Mitigate Risk Unlock potential value Drive sustainable growth While we have long considered and evaluated ESG risks and opportunities within the portfolio, we formalized our program in 2017, implementing a systematic approach to evaluating and monitoring ESG considerations prior to and during Court Square’s ownership period. Additionally, we seek to serve as a strategic partner to our portfolio companies along the way by informing and supporting their ESG goals. We are focused on the continuous improvement of our ESG program and its integration into our investment and internal management processes. | ESG Data Convergence InitiativeCourt Square is a signatory of the ESG Data Convergence Initiative. The project focuses on establishing performance-based, standardized ESG metrics for private markets. The goal of the partnership is to create comparable data and to help General Partners and underlying portfolio companies benchmark their current position and future progress toward ESG improvements.","https://www.courtsquare.com, https://www.courtsquare.com/about/responsibility"
www.bunkerhillcapital.com,"We invest capital over an extended 5-10 year period to allow our owner-operators time to execute optimal growth strategies.Learn MoreWe search broadly to identify investment platforms that fit into one of our three deal archetypes: Scope Build-Ups, Scale Roll-Ups, and Secular Growth Plays.Learn MoreWe bring together relationships built over 25 years with strategic and operating partners that enable us to activate a full potential roadmap with our management teams.Learn More PHILOSOPHY We invest long-term growth capital in a collaborative partnership with management and supplemented by our strategic partners. See how we add value FOCUS We focus exclusively in the lower middle market with companies that can benefit from our strategic, financial, and operational resources. Read about our expertise APPROACH We search broadly to find a select group of compelling platforms that fit one of our three investment models. Learn about our strategy RECENT UPDATES An Interview with Co-Founders and Managing Partners of Bunker Hill Capital An Interview with Co-Founders and Managing Partners of Bunker Hill Capital bv BluWave Read More Bunker Hill Capital Announces Sale of Taos Mountain LLC Boston, MA – (February 11, 2021) Bunker Hill Capital, a leading Boston-based private equity investor in lower middle market companies, announced it has sold Taos Mountain LLC (“Taos” or the “Company”), a San Jose, CA based multi-cloud consulting firm to IBM. Read More | We invest long-term growth capital in a collaborative partnership with management and supplemented by our strategic partners. See how we add value | We invest long-term growth capital in a collaborative partnership with management and supplemented by our strategic partners. | We focus exclusively in the lower middle market with companies that can benefit from our strategic, financial, and operational resources. Read about our expertise | We search broadly to identify investment platforms that fit into one of our three deal archetypes: Scope Build-Ups, Scale Roll-Ups, and Secular Growth Plays. | Approach We segment our investment models into one of three deal archetypes where we work with our management teams and strategic partners to build sustained long-term growth. Scope Build-Ups Scale Roll-Ups Secular Growth Plays Scope Build-Ups The core of what we do and expected to be 60-70% of our future portfolio Emphasis on expanding growth through the extension of products, channels, and geographic adjacencies Transitional upgrades to organizational infrastructure, go-to-market strategy, and production capacity likely Read Case Study Read Case Study Scale Roll-Ups Typical for initial platforms to have a leverageable infrastructure Scale provided through add-on acquisitions of the “same or very similar assets” Companies characterized by a repeatable model with a differentiated degree of customization Secular Growth Plays Companies that are part of a secular growth trend over an extended timeframe Platforms with limited business cycle decline Often higher priced platforms which could represent 10-20% of our future portfolio Read Case Study | We segment our investment models into one of three deal archetypes where we work with our management teams and strategic partners to build sustained long-term growth. | We segment our investment models into one of three deal archetypes where we work with our management teams and strategic partners to build sustained long-term growth. | Scope Build-Ups The core of what we do and expected to be 60-70% of our future portfolio Emphasis on expanding growth through the extension of products, channels, and geographic adjacencies Transitional upgrades to organizational infrastructure, go-to-market strategy, and production capacity likely | Scale Roll-Ups Typical for initial platforms to have a leverageable infrastructure Scale provided through add-on acquisitions of the “same or very similar assets” Companies characterized by a repeatable model with a differentiated degree of customization | Focus We focus exclusively in the lower middle market for growth-oriented investment platforms based in North America. Per the graphic below, the lower middle market has an abundance of potential target investments with EBITDA in the $3 to $15 million range. This continues to be a relatively “inefficient” part of the M&A market with lower multiples and limited intrusion from large funds. We have consistently experienced significant multiple arbitrage when applying our strategies to the appropriate business platforms. fortune1000 Upper middle market~ 22,000 CompaniesRevenues between $100M and $500M Lower middle market~ 360,000 CompaniesRevenues between $5M and $100M Small companiesMillions of companiesRevenues less than $5M Bunker Hill Capital invests in smaller lower middle market companies typically with $3 to $15 million in EBITDA Industry Sectors Our primary emphasis in sourcing potential investment platforms is focused in three specific industry sectors. IndustrialGrowth Read Case Study Specialized Business Services Read Case Study NicheConsumer Products Read Case Study | We focus exclusively in the lower middle market for growth-oriented investment platforms based in North America. Per the graphic below, the lower middle market has an abundance of potential target investments with EBITDA in the $3 to $15 million range. This continues to be a relatively “inefficient” part of the M&A market with lower multiples and limited intrusion from large funds. We have consistently experienced significant multiple arbitrage when applying our strategies to the appropriate business platforms. | We focus exclusively in the lower middle market for growth-oriented investment platforms based in North America. Per the graphic below, the lower middle market has an abundance of potential target investments with EBITDA in the $3 to $15 million range. This continues to be a relatively “inefficient” part of the M&A market with lower multiples and limited intrusion from large funds. We have consistently experienced significant multiple arbitrage when applying our strategies to the appropriate business platforms. | Bunker Hill Capital invests in smaller lower middle market companies typically with $3 to $15 million in EBITDA | Bunker Hill Capital invests in smaller lower middle market companies typically with $3 to $15 million in EBITDA","https://www.bunkerhillcapital.com, https://www.bunkerhillcapital.com/approach, https://www.bunkerhillcapital.com/focus"
www.petersonpartners.com,"Capital Private Equity Venture Search Funds About Team Change Makers Portfolio Running Stuff Podcast News Contact | Capital for the Change Makers People make the difference. That’s why we partner with the innovators, the go-getters, and the game changers. See the Change Makers | *DISCLAIMER: The portfolio companies identified and described herein do not represent all of the portfolio companies purchased, sold or recommended for funds advised by Peterson Partners. The reader should not assume that an investment in the portfolio companies identified was or will be profitable. | People make the difference. That’s why we partner with the innovators, the go-getters, and the game changers. | Private Equity Learn more about Private Equity Venture Learn more about Venture Search Funds Learn more about Search Funds | Blake is an Associate at Peterson Ventures. Prior to joining Peterson Ventures, Blake was an Associate Consultant at Bain & Company in Texas. While at Bain, Blake conducted commercial due diligence for global private equity clients and advised Fortune 500 retail, medtech, and technology companies on strategy, cost transformation, and post-merger integration. Blake graduated from Brigham Young University with a B.S. degree in Strategic Management from the Marriott School of Business and a Minor in Spanish. | Blake is an Associate at Peterson Ventures. Prior to joining Peterson Ventures, Blake was an Associate Consultant at Bain & Company in Texas. While at Bain, Blake conducted commercial due diligence for global private equity clients and advised Fortune 500 retail, medtech, and technology companies on strategy, cost transformation, and post-merger integration. Blake graduated from Brigham Young University with a B.S. degree in Strategic Management from the Marriott School of Business and a Minor in Spanish. | Clint is a Partner at Peterson Partners. Prior to Peterson Partners, Clint was a Senior Principal with TowerBrook Capital Partners, a London and New York-based investment management firm with approximately $8 billion AUM. Before working with TowerBrook, Clint was an Associate at Soros Private Equity in London. Clint received an MBA from Harvard Business School and a B.A. from Stanford University. | Clint is a Partner at Peterson Partners. Prior to Peterson Partners, Clint was a Senior Principal with TowerBrook Capital Partners, a London and New York-based investment management firm with approximately $8 billion AUM. Before working with TowerBrook, Clint was an Associate at Soros Private Equity in London. Clint received an MBA from Harvard Business School and a B.A. from Stanford University. | Erin is the Associate Counsel at Peterson Partners. Prior to joining Peterson Partners, Erin was an Associate at the law firm Greenberg Traurig in their Corporate and Mergers & Acquisitions practices. Before Greenberg Traurig, Erin was an Associate at Stoel Rives. At these firms, Erin advised companies and investors in mergers and acquisitions, private equity and debt financings, and startups and venture capital. Erin holds a J.D. from the J. Reuben Clark Law School at Brigham Young University and a B.A. from Brigham Young University.","https://www.petersonpartners.com, https://www.petersonpartners.com/about"
www.brockwaymoran.com,"Brockway Moran & Partners – Committed to GrowthFor 26 years beginning in 1998, Brockway Moran & Partners partnered with numerous dynamic middle-market companies and their management teams to build its companies through both organic growth strategies and add-on acquisitions that are tightly integrated. Over this time, Brockway Moran completed approximately 100 acquisitions and raised in excess of $1.3 billion in committed equity capital through three Private Equity funds, delivering overall strong returns on its equity investments. The firm operated as strategic partners working with management teams to create a shared vision of growth for each company. In the process, Brockway Moran & Partners has been instrumental in creating industry leaders in diverse industries. The stories of a number of realized investments are told under the “Case Studies” tab of this website.The vision for industry leadership and growth has typically included expanding the company’s markets, products and/or services offered, enlarging its geographic coverage as well as deepening its management team by adding key complementary resources. Brockway Moran & Partners committed to providing the financial resources as well as the strategic and operational expertise to achieve both short-term and long-term expansion goals.Since its founding, Brockway Moran & Partners worked to position its portfolio companies for long-term success. The firm’s portfolio companies have subsequently been acquired by leading strategic acquirers, highly regarded private equity firms – such as KKR, Bain Capital, Genstar, FFL Partners, Brentwood Associates, and Leonard Green – or by family offices. Brockway Moran also has effectively utilized the public equity markets as a realization mechanism, when appropriate.The mission of Brockway Moran & Partners has been straightforward: to be great partners to both to our limited partners and to the companies we invest in while positioning our companies for a continued legacy of growth and success beyond the time of our ownership. Print | For 26 years beginning in 1998, Brockway Moran & Partners partnered with numerous dynamic middle-market companies and their management teams to build its companies through both organic growth strategies and add-on acquisitions that are tightly integrated. Over this time, Brockway Moran completed approximately 100 acquisitions and raised in excess of $1.3 billion in committed equity capital through three Private Equity funds, delivering overall strong returns on its equity investments. The firm operated as strategic partners working with management teams to create a shared vision of growth for each company. In the process, Brockway Moran & Partners has been instrumental in creating industry leaders in diverse industries. The stories of a number of realized investments are told under the “Case Studies” tab of this website. | “Brockway Moran & Partners has been a true partner to Integrated and a valuable resource as we expanded. It amazed me how well they understood our business and the markets we serve. Their biggest contribution was in helping to define our strategy and focus on where we add the most value to our customers.”– Mark Silk, Former President & CEO of Integrated Aerospace and Tri-star Electronics International “Brockway Moran & Partners was instrumental in providing the financial and strategic expertise, which teamed with our operating capabilities, enabled us to make two major acquisitions, significantly expand our facilities, complete a highly successful initial public offering and several follow-on offerings, and establish our leadership in the industry.”– Kent Alder, President & CEO, TTM Technologies, Inc. “We introduce our clients to Brockway Moran with confidence. They are responsive, enthusiastic and decisive. When the Brockway Moran organization commits, they deliver on time and as promised.”– Dana Silaski, Senior Vice President, Stephens, Inc. “The principals of Brockway Moran & Partners are people you can rely on; they do what they say, when they say they’ll do it. And they build partnerships with management teams based on trust and respect.”– Tom Smith, President & CEO, Norwesco, Inc. “Brockway Moran & Partners is a well-known and respected acquirer of middle market companies. They have an exceptional track record of interfacing well and working productively with growth-minded management teams.”– Chris Williams, Partner, Harris Williams & Co. “Gold’s Gym was known world-wide as the most recognized gym chain. But until the acquisition by Brockway Moran, Gold’s Gym had not reached its full potential. Brockway Moran was an outstanding partner and Gold’s Gym reached new heights under the five years of their ownership.”– Gene Lamott, President & CEO, Gold's Gym International, Inc. “Cosmetic Essence has greatly benefited from our partnership with Brockway Moran & Partners. They have helped us significantly grow our business through acquisitions, broaden our R&D capabilities and product offering, and expand our management team. With their support, Cosmetic Essence has become the industry leader and the most versatile provider of supply chain management services to marketers and retailers of personal care products.”– Rich Howard, Chief Operating Officer, Cosmetic Essence, Inc. | The vision for industry leadership and growth has typically included expanding the company’s markets, products and/or services offered, enlarging its geographic coverage as well as deepening its management team by adding key complementary resources. Brockway Moran & Partners committed to providing the financial resources as well as the strategic and operational expertise to achieve both short-term and long-term expansion goals. | Since its founding, Brockway Moran & Partners worked to position its portfolio companies for long-term success. The firm’s portfolio companies have subsequently been acquired by leading strategic acquirers, highly regarded private equity firms – such as KKR, Bain Capital, Genstar, FFL Partners, Brentwood Associates, and Leonard Green – or by family offices. Brockway Moran also has effectively utilized the public equity markets as a realization mechanism, when appropriate.",https://www.brockwaymoran.com
www.goldpointpartners.com,,Failed to Connect
www.vss.com,"PartnershipWe support exceptional management teams, working side by side to maximize long-term value & ensure the success of our portfolio companies.FlexibilityWe provide flexible capital solutions tailored to the unique needs & goals of each company.GrowthTo build enduring value, we leverage our operational, financial and industry expertise, and open our extensive network to foster business development, strengthen bonds, and identify strategic add-on acquisitions. | To build enduring value, we leverage our operational, financial and industry expertise, and open our extensive network to foster business development, strengthen bonds, and identify strategic add-on acquisitions. | To build enduring value, we leverage our operational, financial and industry expertise, and open our extensive network to foster business development, strengthen bonds, and identify strategic add-on acquisitions. | Our flexible and creative capital solutions are used to finance growth initiatives, add-on acquisitions, as well as majority and minority recapitalizations. | Our flexible and creative capital solutions are used to finance growth initiatives, add-on acquisitions, as well as majority and minority recapitalizations. | About UsVSS provides more than capital: we provide partnership.Since 1987, VSS has partnered with founder-owned, lower middle-market businesses, working closely with management teams to help facilitate their next stage of growth.VSS provides capital for growth financings, recapitalizations, strategic acquisitions, and buyouts with the flexibility to invest control or non-control capital, based on each company's needs and objectives.Partnering with VSS provides numerous benefits:Accessing LiquidityCompany owners have the opportunity to monetize their business value created to date, enabling diversification of wealth, while also retaining significant equity upside through retained ownership as they continue to build their partnership with VSSBrand Expansion and GrowthPartnering with VSS enables growth via acquisition and augmented organic growth initiativesAmplified M&A CapabilitiesVSS delivers access to its sourcing network and provides resources to execute on add-on acquisition opportunitiesLeveraging the Experience of our NetworkVSS provides access to its talent network and utilizes a proven operational playbook to help unlock unlimited growth potentialUpsideOpportunity to realize near-term liquidity while having the option to maintain long-term equity ownership for selling shareholders, the executive team, and on-going employment for key personnelOur StrategyVSS invests in lower middle-market healthcare, business services, and education companies. All are economically vital industries and address important growth sectors for the broader economy.Targeted EBITDA$3M to $15MTargeted Investment Range$20M to $50MFlexible CapitalSenior Debt, Mezzanine & Subordinated Debt, Preferred Equity, Common EquityUse of ProceedsGrowth Capital, Acquisitions, Recapitalizations, Management Buyouts, Shareholder Consolidation and Shareholder LiquidityIndustry ExperienceOur focus is on Healthcare, Business Services and Education, all economically vital industries, which address important growth sectors for the economyHealthcareBusiness ServicesEducationHealthcare ITElectronic Health Records & Clinical Information SystemsRevenue Cycle Management, Payment Integrity & Billing & CodingPractice Management, Patient Enrollment / Engagement & Telemedicine EnablementPopulation Health Management, Value-Based Care Enablement & Clinical Decision SupportCost Containment, Credentialing & Compliance SolutionsHealthcare ServicesPhysician Practice ManagementBehavioral Health, Home Health & Hospice & Telehealth ServicesACOs, MCOs & Related ServicesClinical Trial Sites, Lab & Diagnostic Services & Infusion ServicesIT ServicesManaged Service ProvidersIT Consulting & Implementation ServicesCybersecurity ServicesSoftware DevelopmentData & Analytics ConsultingCloud Application Development & Application HostingInternet of ThingsHuman Capital ManagementPre-Hire Testing & AssessmentApplicant Tracking Systems & Talent IdentificationStaffing, Recruiting, Training & OnboardingEmployee Engagement, Talent Analytics & Performance ManagementCompensation & Benefits AdministrationProfessional Employer Organizations & Employers of RecordFacility & Infrastructure ServicesArchitecture, Engineering & ConstructionTesting & Inspection ServicesBuilding System (HVAC, Generator, Elevator, etc.) MaintenanceFire & Life Safety ServicesSecurity & Access Control Monitoring ServicesMaintenance & Turnaround ServicesEnvironmental ServicesInformation Solutions & Outsourced ServicesGovernance, Risk & Compliance ServicesLegal Support ServicesResearch & Consulting ServicesFinance & Accounting ServicesInsurance ServicesInsurtech & FintechInsurance DistributionManaging General Agents & Specialty UnderwritingWarranty ProvidersClaims Investigation & ManagementGovernment Technology & ServicesDefense & Government IT ServicesFederal Healthcare ITManagement Consulting and Professional ServicesFacility & Infrastructure ServiceEducation TechnologyStudent Information Systems & Learning Management SystemsHR, Hiring & SubstitutionEnrollment & Revenue ManagementSchool Safety & Visitor ManagementAttendance & ComplianceStudent Performance AnalyticsParent CommunicationEducation ServicesK-12 & College Content & CurriculumUpskilling & Lifelong LearningSpecialty Training & CertificationConsulting Services | VSS provides capital for growth financings, recapitalizations, strategic acquisitions, and buyouts with the flexibility to invest control or non-control capital, based on each company's needs and objectives. | VSS provides capital for growth financings, recapitalizations, strategic acquisitions, and buyouts with the flexibility to invest control or non-control capital, based on each company's needs and objectives. | Brand Expansion and GrowthPartnering with VSS enables growth via acquisition and augmented organic growth initiatives | Brand Expansion and GrowthPartnering with VSS enables growth via acquisition and augmented organic growth initiatives","https://www.vss.com, https://www.vss.com/about-us"
www.altaonecapital.com,,Failed to Connect
www.stephens.com,,Failed to Connect
www.baincapital.com,"Embrace possibility, realize potential 0 Bain Capital is a global private investment firm that partners differently to unlock opportunity and help people and companies create exceptional outcomes. 0 We invest in what could be. Through cross-platform collaboration, we connect deep and diverse vertical and regional expertise to deliver unconventional insight. See our approach in action 1 As a member of our team, you can accelerate your professional growth with supportive leaders who invest in you. Discover your opportunity at Bain Capital. Fulfill your potential [{""id"":1,""triangle1Bg"":[{""image"":""https:\/\/cdn-east2.baincapital.com\/2024-11\/slide-1-triangle1.jpg?VersionId=UwG0Q8O0GUt0Ow2qbfA9biar0_8JdaMt"",""bgColor"":""transparent""}],""triangle2Bg"":[{""image"":""https:\/\/cdn-east2.baincapital.com\/2024-11\/slide-1-triangle-2_0.jpg?VersionId=0HQJ9Z55DkpewFx8B.uPFqnisCxz_O0N"",""bgColor"":""transparent""}],""triangle3Bg"":[{""image"":""https:\/\/cdn-east2.baincapital.com\/2024-11\/slide-1-triangle-3.jpg?VersionId=CIh23PhC87k6b_qz2zcOGumnYg.bf17_"",""bgColor"":""transparent""}],""triangle4Bg"":[],""slideType"":""three-image""},{""id"":2,""triangle1Bg"":[{""image"":""https:\/\/cdn-east2.baincapital.com\/2024-11\/bc24-home-advantages-v4.jpg?VersionId=idc_E_4iXrh3LMExT4nM4W1.ZWBxxjOv"",""bgColor"":""transparent""}],""triangle2Bg"":[{""image"":""https:\/\/cdn-east2.baincapital.com\/2024-11\/bc24-home-advantages-v11.jpg?VersionId=6He1TFvAkPZtHpJf.iyEaeivUJtHfmvw"",""bgColor"":""transparent""}],""triangle3Bg"":[{""image"":"""",""bgColor"":""#B2DEFF""}],""triangle4Bg"":[],""slideType"":""two-image""},{""id"":3,""triangle1Bg"":[{""image"":""https:\/\/cdn-east2.baincapital.com\/2026-06\/bc26-home-career-v2.jpg?VersionId=kBQ2sF6Pa5VWW3TXH.hIVnqmdY9r7Nkp"",""bgColor"":""transparent""}],""triangle2Bg"":[{""image"":""https:\/\/cdn-east2.baincapital.com\/2026-06\/bc26-home-career-v2_0.jpg?VersionId=HJ6zLY6uOKv5xdsngFQCMqGe.NTTm_lr"",""bgColor"":""transparent""}],""triangle3Bg"":[{""image"":"""",""bgColor"":""#B2DEFF""}],""triangle4Bg"":[],""slideType"":""two-image""}] Who we are How we’re different A rewarding career Turning insights into advantages We are committed to the value-creation journey, from initial idea to lasting impact. How we partner differently Partnering differently We partner differently, building enduring relationships, collaborating across our platform, and focusing on value creation to achieve better outcomes. How we unlock opportunity Unlocking opportunity We bring together diverse perspectives in pursuit of transformative ideas. Through our collaborative culture, we connect insights to unlock potential. How we strive to create exceptional outcomes Creating exceptional outcomes We strive for exceptional outcomes by supporting people and bolstering investment performance. We continuously challenge ourselves to find the best answer. Our integrated platformOver four decades, we have strategically grown our business and expanded our focus to address an increasingly complex investment landscape. Private Equity Growth & Venture Capital Solutions Credit Real Assets Back to integrated platformPrivate EquityHOW WE CREATE VALUETransforming businesses through deep sector expertise and capabilities.HOW WE INVESTGlobal Private Equity>Double Impact>Insurance> Growth & VentureHOW WE CREATE VALUEAccelerating seed-to-scale growth in partnership with visionary leaders.HOW WE INVESTVentures>Life Sciences>Tech Opportunities>Crypto>Capital SolutionsHOW WE CREATE VALUEStructuring bespoke solutions across asset types, industries, markets, and business life cycles.HOW WE INVESTSpecial Situations>CreditHOW WE CREATE VALUEEnabling investment opportunities through rigorous analysis and solutions spanning the credit spectrum.HOW WE INVESTCredit>Real AssetsHOW WE CREATE VALUEBuilding the next generation of real assets.HOW WE INVESTReal Estate>Special Situations> Vertical spotlight INDUSTRIALS Partnering for a new industrial era HEALTHCARE Building great companies to serve patients TECHNOLOGY Leading companies into the future Sustainability & Impact Integrating sustainability across our portfolios furthers positive, long-term impacts on our environment and society. Our core sustainability commitments Sustainable growth and innovation Active governance & stewardship Sustainable growth & reducing climate impact Fair employment, engagement & well-being Opportunity & inclusion Community engagement Explore Sustainability & Impact at Bain Capital Sustainable growth and innovation 2026 Sustainability Report Active governance & stewardship To promote active and engaged governance, holding ourselves accountable for driving value with high integrity in partnership with our portfolio companies and management teams Explore Commitment Sustainable growth & reducing climate impact To reduce emissions and improve resource efficiency, embedding sustainability into our companies and rigorously measuring the resulting impact over time Explore Commitment Fair employment, engagement & well-being To treat employees with fairness and respect, building an environment and culture that at its core promotes employee safety, well-being, and engagement Explore Commitment Opportunity & inclusion To be champions of diversity and inclusion and to drive meaningful progress by cultivating a high-performance culture Explore Commitment Community engagement To encourage and support our companies’ efforts to engage and contribute to their communities, locally and across the globe Explore Commitment Great outcomes come from great teams We challenge each other to think and work differently to create meaningful and lasting impact. Meet our people Chris Gordon Partner Private Equity Paul Moskowitz Partner Private Equity Amrita Sankar Sustainability and Impact Director Boston Team Name1 TeamD1 TeamB1 Team Name2 TeamD2 TeamB2 Team Name3 TeamD3 TeamB3 Latest news PRESS RELEASES Tech Opportunities July 20, 2026 Bain Capital Acquires SupplyOn, a Leading European Supply Chain Network for Complex Manufacturing PRESS RELEASES Private Equity July 24, 2026 Bain Capital to Acquire Vitabiotics, the UK’s No.1 Vitamin Company PRESS RELEASES Credit July 23, 2026 Bain Capital Specialty Finance, Inc. Schedules Earnings Release for the Second Quarter Ended June 30, 2026 PRESS RELEASES Tech Opportunities July 20, 2026 Bain Capital Acquires SupplyOn, a Leading European Supply Chain Network for Complex Manufacturing IN THE NEWS Real Estate July 10, 2026 Q+A: Bain Capital's Ali Haroon on reaching €4bn of investments in 2026 PRESS RELEASES Private Equity June 25, 2026 Bain Capital Acquires Everllence, a Globally Leading Engine and Turbomachinery Manufacturer See all news PRESS RELEASES Private Equity July 24, 2026 Bain Capital to Acquire Vitabiotics, the UK’s No.1 Vitamin Company PRESS RELEASES Credit July 23, 2026 Bain Capital Specialty Finance, Inc. Schedules Earnings Release for the Second Quarter Ended June 30, 2026 PRESS RELEASES Tech Opportunities July 20, 2026 Bain Capital Acquires SupplyOn, a Leading European Supply Chain Network for Complex Manufacturing IN THE NEWS Real Estate July 10, 2026 Q+A: Bain Capital's Ali Haroon on reaching €4bn of investments in 2026 PRESS RELEASES Private Equity June 25, 2026 Bain Capital Acquires Everllence, a Globally Leading Engine and Turbomachinery Manufacturer See all news Our global presence Business: All All Credit Crypto Double Impact Insurance Life Sciences Private Equity Real Estate Special Situations Tech Opportunities Ventures Global Locations Americas Asia Europe Boston 200 Clarendon Street Boston MA 02116 United States Main: +1 (617) 516-2000 Fax: +1 (617) 516-2010 Google Maps Chicago 222 West Adams Street Suite 2200 Chicago IL 60606 United States Main: +1 (312) 253-6940 Google Maps New York 535 Madison Avenue, 29th Floor New York NY 10022 United States Main: +1 (212) 326-9420 Fax: +1 (212) 421-2225 Google Maps New York Broadway Venture and Crypto 799 Broadway, 10th Floor New York NY 10003 United States Main: +1 (212) 822-2900 Google Maps Palo Alto 524 Hamilton Avenue Palo Alto CA 94301 United States Main: +1 (650) 798-2500 Google Maps San Francisco 450 Pacific Avenue San Francisco CA 94133 United States Main: +1 (628) 201-3600 Google Maps Abu Dhabi Al Maryah Tower, Level 7, ADGM Abu Dhabi United Arab Emirates Main: +230 468 1321 Hong Kong Suite 2501, Level 25 One Pacific Place 88 Queensway Admiralty Hong Kong Main: +852-36566800 Fax: +852-30140844 Google Maps Mauritius Office 1, Block 3, Ground Floor The Strand, Lakeside District Beau Plan 21001 Mauritius Main: +230 468 1320 Fax: +230 468 1321 Google Maps Melbourne Level 20, 101 Collins Street Melbourne VIC 3000 Australia Main: +61-3-8102-8600 Google Maps Mumbai Express Towers Private Equity: Unit 2201, 22nd Floor Special Situations: Unit 1104, 11th Floor Nariman Point Mumbai Maharashtra 400 021 India Main: +91-2267528000 Google Maps Osaka Grand Front Osaka Tower A 24F 4-20 Ofukacho Kita-ku Osaka 530-0011 Japan Main: +81 6-7712-2777 Google Maps Seoul 28F, Parnas Tower 521, Teheran-ro, Gangnam-gu Seoul 06164 Korea, Republic of Main: +82 2 6940 2300 Fax: +82 2 6322 9822 Google Maps Shanghai Room 4705, 47/f, Office Tower 2, Plaza 66, 1266 Nanjing Road West, Jing An District Shanghai China Main: +86 21 8012 1700 Google Maps Shanghai Room 3669, 36/F Two IFC 8 Century Boulevard Shanghai, 200120 China Main: +86-2160626120 Google Maps Singapore 88 Market Street, #40-01 CapitaSpring Singapore 048948 Singapore Main: +65 6016 1030 Google Maps Sydney Level 28 88 Phillip Street Sydney NSW 2000 Australia Main: +61-2-9093-5500 Google Maps Tokyo 5F, Palace Building 1-1-1 Marunouchi Chiyoda-ku Tokyo 100-0005 Japan Main: +81-362127070 Fax: +81-362127071 Google Maps Dublin 45 Mespil Road Dublin 4 Ireland Main: +353-19019800 Fax: +353-16335380 Google Maps Lisbon Av. da Liberdade 245 4C Office 414 Lisbon 1250-143 Portugal Google Maps London Devonshire House Mayfair Place London W1J 8AJ United Kingdom Main: +44 20 7514 5252 Fax: +44 20 7514 5250 Google Maps Luxembourg 13 rue Edward Steichen L-2540 Luxembourg Main: +352 27 94 2930 Google Maps Madrid Calle de Serrano n°38 1st Floor Madrid 28001 Spain Google Maps Munich Maximilianstraße 11 80539 München Germany Main: +49-89244410700 Fax: +49-89244410731 Google Maps | Partnering differently We partner differently, building enduring relationships, collaborating across our platform, and focusing on value creation to achieve better outcomes. | We partner differently, building enduring relationships, collaborating across our platform, and focusing on value creation to achieve better outcomes. | To promote active and engaged governance, holding ourselves accountable for driving value with high integrity in partnership with our portfolio companies and management teams | To promote active and engaged governance, holding ourselves accountable for driving value with high integrity in partnership with our portfolio companies and management teams | Q+A: Bain Capital's Ali Haroon on reaching €4bn of investments in 2026 | With €3bn+ of equity invested since 2018 and plans to reach close to €4bn by the end of the year, Haroon tells Green Street News of the firm’s most in-favour real estate themes, its three styles of investment, and why the company is on track to beat last year’s total in terms of European volume. | Private EquityCreditVenturesReal EstateSpecial SituationsLife SciencesTech OpportunitiesDouble ImpactInsuranceCrypto | © 2012-2026 Bain Capital, LP. The Bain Capital square symbol is a trademark of Bain Capital, LP All Rights Reserved.Privacy PolicyTerms of UseRegulatory DisclosuresFraud and Cybersecurity Warning警告：网络欺诈及网络钓鱼Fraude y advertencia de ciberseguridad | © 2012-2026 Bain Capital, LP. The Bain Capital square symbol is a trademark of Bain Capital, LP All Rights Reserved. | About usWe are one of the world’s leading private investment firms, creating lasting impact in partnership with our investors, companies, and communities. By the numbers 0Bain Capital founded 0Offices worldwide 0+Team members1Investment professional headcount is as of April 1, 2026. ~$0BAssets under management1Firm-level AUM for Bain Capital is estimated and is presented as of March 31, 2026. Our Purpose and Values Committed to lasting impact Our purpose, in our words We invest and engage in business to drive positive and lasting impact for companies, employees, communities, and the environment. We develop exceptional partnerships We are personally invested in each others’ success. We know that great outcomes come from diverse and inclusive teams. We challenge conventional thinking We think differently. We nurture a culture of deeply objective inquiry and seek the full potential in every opportunity. We respect the power of facts. We work with tenacity We roll up our sleeves, dig in,and come to work every day searching for better outcomes. We relentlessly tackle tough problems. We see things through. We believe character matters We embrace personal integrity, humility and citizenship. We act with empathy and conviction. Our purpose, values, and commitment to lasting impact start with our people. Our people are the heart of our advantage. We are intellectually curious, asking incisive questions, respectfully challenging one another, and striving to succeed together. Actively participating in high-stakes problem-solving is how we’ve grown and will continue to grow because we know that our impact is greater together. Learn more about careers at Bain Capital At the heart of our advantage is our talent HOW WE PARTNER DIFFERENTLY Partnership is at our core With colleaguesFounded as a private partnership in 1984, we have fostered a culture of innovation, entrepreneurialism, and agility, empowering our people to define and own their career trajectories. Today, our partnership approach allows us to pursue strategic platform growth and creates a shared commitment to cross-platform collaboration.With partnersOur enduring relationships with leading experts and executives extend outside our firm to include partners, counterparties, and community organizations. By connecting deep and diverse expertise across our global networks, we unlock breakthrough insight and unseen opportunity.With managementManagement teams at portfolio companies experience our partnership approach in action. We dive into each organization with analytic rigor and quickly align the resources best equipped to understand and enhance the unique financial, operational, and cultural dynamics. Led by the conviction of what makes a good company great, we work closely with management teams through growth stages and strategic pivots by challenging conventional thinking and continuously striving for scaled improvement. Creating value together Our global presence Business: All All Credit Crypto Double Impact Insurance Life Sciences Private Equity Real Estate Special Situations Tech Opportunities Ventures Global Locations Americas Asia Europe Boston 200 Clarendon Street Boston MA 02116 United States Main: +1 (617) 516-2000 Fax: +1 (617) 516-2010 Google Maps Chicago 222 West Adams Street Suite 2200 Chicago IL 60606 United States Main: +1 (312) 253-6940 Google Maps New York 535 Madison Avenue, 29th Floor New York NY 10022 United States Main: +1 (212) 326-9420 Fax: +1 (212) 421-2225 Google Maps New York Broadway Venture and Crypto 799 Broadway, 10th Floor New York NY 10003 United States Main: +1 (212) 822-2900 Google Maps Palo Alto 524 Hamilton Avenue Palo Alto CA 94301 United States Main: +1 (650) 798-2500 Google Maps San Francisco 450 Pacific Avenue San Francisco CA 94133 United States Main: +1 (628) 201-3600 Google Maps Abu Dhabi Al Maryah Tower, Level 7, ADGM Abu Dhabi United Arab Emirates Main: +230 468 1321 Hong Kong Suite 2501, Level 25 One Pacific Place 88 Queensway Admiralty Hong Kong Main: +852-36566800 Fax: +852-30140844 Google Maps Mauritius Office 1, Block 3, Ground Floor The Strand, Lakeside District Beau Plan 21001 Mauritius Main: +230 468 1320 Fax: +230 468 1321 Google Maps Melbourne Level 20, 101 Collins Street Melbourne VIC 3000 Australia Main: +61-3-8102-8600 Google Maps Mumbai Express Towers Private Equity: Unit 2201, 22nd Floor Special Situations: Unit 1104, 11th Floor Nariman Point Mumbai Maharashtra 400 021 India Main: +91-2267528000 Google Maps Osaka Grand Front Osaka Tower A 24F 4-20 Ofukacho Kita-ku Osaka 530-0011 Japan Main: +81 6-7712-2777 Google Maps Seoul 28F, Parnas Tower 521, Teheran-ro, Gangnam-gu Seoul 06164 Korea, Republic of Main: +82 2 6940 2300 Fax: +82 2 6322 9822 Google Maps Shanghai Room 4705, 47/f, Office Tower 2, Plaza 66, 1266 Nanjing Road West, Jing An District Shanghai China Main: +86 21 8012 1700 Google Maps Shanghai Room 3669, 36/F Two IFC 8 Century Boulevard Shanghai, 200120 China Main: +86-2160626120 Google Maps Singapore 88 Market Street, #40-01 CapitaSpring Singapore 048948 Singapore Main: +65 6016 1030 Google Maps Sydney Level 28 88 Phillip Street Sydney NSW 2000 Australia Main: +61-2-9093-5500 Google Maps Tokyo 5F, Palace Building 1-1-1 Marunouchi Chiyoda-ku Tokyo 100-0005 Japan Main: +81-362127070 Fax: +81-362127071 Google Maps Dublin 45 Mespil Road Dublin 4 Ireland Main: +353-19019800 Fax: +353-16335380 Google Maps Lisbon Av. da Liberdade 245 4C Office 414 Lisbon 1250-143 Portugal Google Maps London Devonshire House Mayfair Place London W1J 8AJ United Kingdom Main: +44 20 7514 5252 Fax: +44 20 7514 5250 Google Maps Luxembourg 13 rue Edward Steichen L-2540 Luxembourg Main: +352 27 94 2930 Google Maps Madrid Calle de Serrano n°38 1st Floor Madrid 28001 Spain Google Maps Munich Maximilianstraße 11 80539 München Germany Main: +49-89244410700 Fax: +49-89244410731 Google Maps | With colleaguesFounded as a private partnership in 1984, we have fostered a culture of innovation, entrepreneurialism, and agility, empowering our people to define and own their career trajectories. Today, our partnership approach allows us to pursue strategic platform growth and creates a shared commitment to cross-platform collaboration.With partnersOur enduring relationships with leading experts and executives extend outside our firm to include partners, counterparties, and community organizations. By connecting deep and diverse expertise across our global networks, we unlock breakthrough insight and unseen opportunity.With managementManagement teams at portfolio companies experience our partnership approach in action. We dive into each organization with analytic rigor and quickly align the resources best equipped to understand and enhance the unique financial, operational, and cultural dynamics. Led by the conviction of what makes a good company great, we work closely with management teams through growth stages and strategic pivots by challenging conventional thinking and continuously striving for scaled improvement. | Management teams at portfolio companies experience our partnership approach in action. We dive into each organization with analytic rigor and quickly align the resources best equipped to understand and enhance the unique financial, operational, and cultural dynamics. Led by the conviction of what makes a good company great, we work closely with management teams through growth stages and strategic pivots by challenging conventional thinking and continuously striving for scaled improvement. | Founded as a private partnership in 1984, we have fostered a culture of innovation, entrepreneurialism, and agility, empowering our people to define and own their career trajectories. Today, our partnership approach allows us to pursue strategic platform growth and creates a shared commitment to cross-platform collaboration. | Assets under management1Firm-level AUM for Bain Capital is estimated and is presented as of March 31, 2026.","https://www.baincapital.com, https://www.baincapital.com/news/qa-bain-capitals-ali-haroon-reaching-eu4bn-investments-2026, https://www.baincapital.com/about-us"
www.carlyle.com,,Failed to Connect
www.saban.com,"About SABAN Capital Group About SABAN Capital Group Saban Capital Group (“SCG”) is a leading private investment firm based in Los Angeles that manages a globally diversified portfolio of investments across real estate, venture capital, growth equity, private equity, public equity and fixed income. | Saban Capital Group (“SCG”) is a leading private investment firm based in Los Angeles that manages a globally diversified portfolio of investments across real estate, venture capital, growth equity, private equity, public equity and fixed income. | SABAN Real Estate SABAN Real Estate Building a best-in-class portfolio of commercial real estate assets to capitalize on diverse opportunities. | SABAN Real Estate SABAN Real Estate Building a best-in-class portfolio of commercial real estate assets to capitalize on diverse opportunities. | Building a best-in-class portfolio of commercial real estate assets to capitalize on diverse opportunities.",https://www.saban.com
www.lgt-europeancapital.com,,Failed to Connect
www.bairdcapital.com,,https://www.bairdcapital.com
cicapllc.com,"CI CAPITAL PARTNERSENTREPRENEURIAL PRIVATE EQUITY We help great entrepreneurs build their business. We help great entrepreneurs transform small- and medium-sized companies into market leaders through investments in organic growth and add-on acquisitions. We are long-term investors who have acquired more than 440 companies worth approximately $11 billion in enterprise value since 1993. Since 2009, CI Capital employees have committed over $250 million in cash equity to our deals alongside our investors and management partners. Exceptional entrepreneurs have choices. We do not expect anyone to become our partner or sell us their business unless their due diligence proves that we are as good as our word, that we are ethical and driven investors who treat management fairly and as full partners. We are keenly focused on value creation. We do not waste your time. Companies rarely progress in a straight line and, when a problem arises, we believe it belongs to all of us. It is at these moments that it matters most with whom you are in business. Great entrepreneurs are experts in their field. They are the smart money. We do not tell you how to run your business. Our job is to work with you to map out a forward-looking organizational structure to ensure the business will have the resources to grow. We build a dynamic and supportive board to advise you, but not get in the way. We provide equity and arrange debt financing on the best possible terms and help execute accretive add-on acquisitions. We have the patience and resources to work with you to maximize value and we do not go for the quick flip. CI CAPITAL PARTNERS – AT A GLANCE 0Platform companies0+Add-on acquisitions$10-0MTargeted equity investment range0xAverage revenue growth after acquisition for portfolio companies acquired since 2009*0%+Repeat partnerships with previous executives for portfolio companies acquired since 2009$0M+Cash equity committed by CI Capital employees alongside investors and management since 2009 *The average revenue growth calculation is based on information provided by portfolio companies as well as the internal information of CI Capital Partners and does not necessarily correspond to time periods covered by audited financials, if any, of such portfolio companies. The calculation includes all portfolio companies of CI Capital Partners acquired since 2009. SECTOR FOCUS Outsourced Business Services Residential Services Distribution & Logistics Government Services PORTFOLIO COMPANIES Close Close Close Epiphany Dermatology is a rapidly expanding operator of dermatology clinics that is dedicated to high quality patient care. Epiphany Dermatology’s focus is improving access to dermatology services, and the company currently operates general dermatology and skin cancer clinics in Arizona, Colorado, Iowa, Kansas, Minnesota, Missouri, Montana, New Mexico, Oklahoma, and Texas. Given the high incidence of skin cancer, coupled with high cure rates, Epiphany Dermatology’s clinics place special emphasis on skin cancer prevention, screenings and treatment. CI Capital acquired Epiphany Dermatology in partnership with the current management team. Year Acquired: 2016 Add-on Acquisitions: 39 http://www.epiphanydermatology.com Close Close Close Close Close Close Close Close Close Close All CI Capital realized and unrealized portfolio companies RECENT NEWS March 7, 2023CI Capital Announces Sale of PRA March 7, 2023CI Capital Announces Sale of PRA February 1, 2022CI Capital Announces Sale of Epiphany Dermatology February 1, 2022CI Capital Announces Sale of Epiphany Dermatology December 14, 2021CI Capital Announces Sale of Redwood Logistics December 14, 2021CI Capital Announces Sale of Redwood Logistics November 18, 2021CI Capital Announces Sale of Hero Digital November 18, 2021CI Capital Announces Sale of Hero Digital September 21, 2021CI Capital Partners Announces Majority Investment in Cadmus September 21, 2021CI Capital Partners Announces Majority Investment in Cadmus September 20, 2021CI Capital Announces Sale of Summit Companies September 20, 2021CI Capital Announces Sale of Summit Companies August 31, 2021CI Capital-Backed SavATree to Be Acquired by Funds Advised by Apax August 31, 2021CI Capital-Backed SavATree to Be Acquired by Funds Advised by Apax July 7, 2021Summit Companies Acquires Republic Fire Protection and Fire Ranger to Enter the Florida and Georgia Markets July 7, 2021Summit Companies Acquires Republic Fire Protection and Fire Ranger to Enter the Florida and Georgia Markets June 24, 2021CI Capital Partners Announces Agreement to Sell Portfolio Company Impact Group to Acosta June 24, 2021CI Capital Partners Announces Agreement to Sell Portfolio Company Impact Group to Acosta June 11, 2021Summit Companies Continues National Expansion with Ten Recently Completed Strategic Add-on Acquisitions June 11, 2021Summit Companies Continues National Expansion with Ten Recently Completed Strategic Add-on Acquisitions June 2, 2021Redwood Logistics Combines Skipjack Supply Chain and Proactive Global Logistics to complete Redwood Parcel, a Comprehensive Integrated Parcel Solution June 2, 2021Redwood Logistics Combines Skipjack Supply Chain and Proactive Global Logistics to complete Redwood Parcel, a Comprehensive Integrated Parcel Solution February 4, 2021Summit Companies Continues National Expansion with Six Strategic Add-on Acquisitions February 4, 2021Summit Companies Continues National Expansion with Six Strategic Add-on Acquisitions January 4, 2021Infinity Skin Care Joins Epiphany Dermatology January 4, 2021Infinity Skin Care Joins Epiphany Dermatology December 7, 2020Mesquite | DeSoto Dermatology Joins Epiphany Dermatology December 7, 2020Mesquite | DeSoto Dermatology Joins Epiphany Dermatology November 2, 2020Dermatology Associates, LLP Joins Epiphany Dermatology November 2, 2020Dermatology Associates, LLP Joins Epiphany Dermatology October 14, 2020CI Capital Backed Maroon Group To Be Acquired by Barentz October 14, 2020CI Capital Backed Maroon Group To Be Acquired by Barentz August 13, 2020CI Capital Forms Partnership with Martin Reidy to Pursue Platform Company Investments in the Marketing Services Industry August 13, 2020CI Capital Forms Partnership with Martin Reidy to Pursue Platform Company Investments in the Marketing Services Industry July 9, 2020Maroon Group Acquires Holland Chemicals July 9, 2020Maroon Group Acquires Holland Chemicals July 7, 2020CI Capital Forms Partnership with Paul Winnowski to Pursue Platform Investments in the Residential Solar and Commercial Security Industries July 7, 2020CI Capital Forms Partnership with Paul Winnowski to Pursue Platform Investments in the Residential Solar and Commercial Security Industries June 15, 2020SavATree Continues to Grow Through Acquisition of Downey Trees, Inc. – Expands Georgia Presence and Enters Florida Marketplace June 15, 2020SavATree Continues to Grow Through Acquisition of Downey Trees, Inc. – Expands Georgia Presence and Enters Florida Marketplace May 1, 2020John H. Wollner, MD Joins Epiphany Dermatology May 1, 2020John H. Wollner, MD Joins Epiphany Dermatology February 3, 2020SavATree Announces Executive Succession Plans February 3, 2020SavATree Announces Executive Succession Plans January 24, 2020Summit Companies Continues National Expansion with Strategic Add-on Acquisitions and Launch of Enhanced Digital Strategy January 24, 2020Summit Companies Continues National Expansion with Strategic Add-on Acquisitions and Launch of Enhanced Digital Strategy December 5, 2019South Tyler Dermatology Joins Epiphany Dermatology December 5, 2019South Tyler Dermatology Joins Epiphany Dermatology November 15, 2019Advanced Dermatology of Butte Joins Epiphany Dermatology November 15, 2019Advanced Dermatology of Butte Joins Epiphany Dermatology November 13, 2019WTS International Names Steven A. Rudnitsky as Vice Chairman November 13, 2019WTS International Names Steven A. Rudnitsky as Vice Chairman October 31, 2019CI Capital Partners Acquires WTS International October 31, 2019CI Capital Partners Acquires WTS International March 19, 2019CI Capital Partners Completes Sale of Tech Air to Airgas, an Air Liquide Company March 19, 2019CI Capital Partners Completes Sale of Tech Air to Airgas, an Air Liquide Company Load more News Archive | We help great entrepreneurs transform small- and medium-sized companies into market leaders through investments in organic growth and add-on acquisitions. We are long-term investors who have acquired more than 440 companies worth approximately $11 billion in enterprise value since 1993. Since 2009, CI Capital employees have committed over $250 million in cash equity to our deals alongside our investors and management partners. | Epiphany Dermatology is a rapidly expanding operator of dermatology clinics that is dedicated to high quality patient care. Epiphany Dermatology’s focus is improving access to dermatology services, and the company currently operates general dermatology and skin cancer clinics in Arizona, Colorado, Iowa, Kansas, Minnesota, Missouri, Montana, New Mexico, Oklahoma, and Texas. Given the high incidence of skin cancer, coupled with high cure rates, Epiphany Dermatology’s clinics place special emphasis on skin cancer prevention, screenings and treatment. CI Capital acquired Epiphany Dermatology in partnership with the current management team. Year Acquired: 2016 Add-on Acquisitions: 39 http://www.epiphanydermatology.com | We help great entrepreneurs transform small- and medium-sized companies into market leaders through investments in organic growth and add-on acquisitions. | Since 2009, CI Capital employees have committed over $250 million in cash equity to our deals alongside our investors and management partners. | UncategorizedCI Capital Forms Partnership with Martin Reidy to Pursue Platform Company Investments in the Marketing Services IndustryAugust 13, 2020By admin 2020.08.13 Martin Reidy - CI Capital | CI Capital Forms Partnership with Martin Reidy to Pursue Platform Company Investments in the Marketing Services Industry | © Copyright 2018 CI Capital Partners LLC | All Rights Reserved | © Copyright 2018 CI Capital Partners LLC | All Rights Reserved | © Copyright 2018 CI Capital Partners LLC | All Rights Reserved | UncategorizedCI Capital Partners Announces Majority Investment in CadmusSeptember 21, 2021By admin 2021.09.21 CI Capital Partners Announces Majority Investment in Cadmus - Press Release | 2021.09.21 CI Capital Partners Announces Majority Investment in Cadmus - Press Release | © Copyright 2018 CI Capital Partners LLC | All Rights Reserved | © Copyright 2018 CI Capital Partners LLC | All Rights Reserved | © Copyright 2018 CI Capital Partners LLC | All Rights Reserved","https://cicapllc.com, https://cicapllc.com/ci-capital-forms-partnership-with-martin-reidy-to-pursue-platform-company-investments-in-the-marketing-services-industry, https://cicapllc.com/ci-capital-partners-announces-majority-investment-in-cadmus"
www.kohlberg.com,Transformational Strategies to Accelerate Growth Kohlberg has been investing to unlock growth and create value through transformational strategies for nearly four decades | Kohlberg has been investing to unlock growth and create value through transformational strategies for nearly four decades,https://www.kohlberg.com
www.harbourgroup.com,"The work of building businesses never ends. Rooted in the Midwest since our founding as a family-owned manufacturer in 1976, we have worked hand-in-hand with business partners and management teams to achieve exceptional success. Our permanent capital base provides enormous flexibility and enables generational thinking beyond typical short-term horizons. Our Capabilities Partner With Us Harbour Group brings world-class resources in operations, finance, acquisitions and talent development to manufacturing and distribution businesses. We work alongside management teams and business owners to solve real challenges and support growth—building long-term value through thoughtful strategy, alignment and execution. With decades of deep operational expertise and a proven record of results, we know what it takes to build lasting businesses. YEARS Acquisitions Completed Industries Our Principles Integrity Driven. Operational Focus. Value-Building Partner. Great business relationships are built on a foundation of honesty and integrity. Guided by these core values, we bring practical experience and collaborate closely with management to deliver exceptional results and create lasting value. Work With Us What Our Partners Say “The Harbour Group team has been an outstanding partner and a true extension of the SpotSee organization. They have supported every aspect of the business—from M&A and innovation to organizational development and operations—with a clear vision for maximizing our potential.” Tony Fonk, President & CEO, SpotSee What Our Partners Say “One of the biggest differences I have seen in working with Harbour Group is that I understand our business better today. The way Harbour Group manages data and brings it to life to make better decisions in the business makes a significant impact.” Rick English, Vice President, Lindstrom What Our Partners Say “Working with Harbour Group has been a game-changer for Cattron. They are a true partner who invests in our people, understands operations deeply, and always follows through on their commitments. Their presence has helped us accelerate our growth and strengthen our global position.” Ryan Wooten, CEO, Cattron | Partner With Us Harbour Group brings world-class resources in operations, finance, acquisitions and talent development to manufacturing and distribution businesses. We work alongside management teams and business owners to solve real challenges and support growth—building long-term value through thoughtful strategy, alignment and execution. | Rooted in the Midwest since our founding as a family-owned manufacturer in 1976, we have worked hand-in-hand with business partners and management teams to achieve exceptional success. Our permanent capital base provides enormous flexibility and enables generational thinking beyond typical short-term horizons. | With decades of deep operational expertise and a proven record of results, we know what it takes to build lasting businesses. | What Our Partners Say “The Harbour Group team has been an outstanding partner and a true extension of the SpotSee organization. They have supported every aspect of the business—from M&A and innovation to organizational development and operations—with a clear vision for maximizing our potential.” Tony Fonk, President & CEO, SpotSee What Our Partners Say “One of the biggest differences I have seen in working with Harbour Group is that I understand our business better today. The way Harbour Group manages data and brings it to life to make better decisions in the business makes a significant impact.” Rick English, Vice President, Lindstrom What Our Partners Say “Working with Harbour Group has been a game-changer for Cattron. They are a true partner who invests in our people, understands operations deeply, and always follows through on their commitments. Their presence has helped us accelerate our growth and strengthen our global position.” Ryan Wooten, CEO, Cattron",https://www.harbourgroup.com
www.ta.com,"At TA, we partner with high-quality companies to accelerate growth, leveraging our deep industry expertise, strategic resources and global network. | Volue Welcomes TA Associates as New Strategic Investor The Forge Companies and TA Announce Strategic Partnership OneSource Virtual Announces Strategic, Majority Growth Investment from TA PureSpectrum Announces Strategic Partnership with TA to Accelerate Next Phase of Growth PairSoft Announces Majority Growth Investment from TA | PureSpectrum Announces Strategic Partnership with TA to Accelerate Next Phase of Growth | TA Ranked Top 3 Globally in HEC Paris-Dow Jones Private Equity Performance Ranking for Fifth Consecutive Year TA Tops AGC Partners’ 2025 Ranking of Most Active Tech Investors Mike Libert and Nick Leppla Named to GrowthCap’s Top 40 Under 40 Growth Investors List TA Announces Global Promotions | PowerGEM Secures Strategic Growth Investment from General Atlantic and Announces Acquisition of Telos Energy | Investment Size and Use Our equity investments can range from $150-$600 million. Driven by company objectives, our capital is commonly used to provide liquidity to shareholders, working capital for growth and financing for acquisitions. | Our equity investments can range from $150-$600 million. Driven by company objectives, our capital is commonly used to provide liquidity to shareholders, working capital for growth and financing for acquisitions. | Driving Value We take a collaborative approach to investing, with a belief that the most effective management teams are those that look to TA as a partner in their growth story. Our flexible engagement model, with fit-for-purpose value-add competencies, can adapt to the needs of any company. Explore Our Value-Add Approach | We take a collaborative approach to investing, with a belief that the most effective management teams are those that look to TA as a partner in their growth story. Our flexible engagement model, with fit-for-purpose value-add competencies, can adapt to the needs of any company. | We take a collaborative approach to investing, with a belief that the most effective management teams are those that look to TA as a partner in their growth story. Our flexible engagement model, with fit-for-purpose value-add competencies, can adapt to the needs of any company. | OneSource Virtual (OSV), a leading provider of HR and payments services for the Workday ecosystem, today announced a strategic, majority growth investment from TA Associates (TA), a leading global private equity firm. This investment will support the continuation of OSV’s organic growth, product innovation, and enhanced customer capabilities across the Workday ecosystem. As part of the transaction, OSV founders, management, and employees will retain a significant minority stake in OSV. Halyard Capital and TCV will fully exit their stakes in OSV. Financial terms of the transaction will not be publicly disclosed. Founded in 2008, OSV’s services and technology are purpose-built for the more than 1,400 Workday customers who trust OSV to handle payroll, tax, earned wage access, accounts payable, and benefits services. OSV provides a seamless, in-tenant experience for shared Workday clients, enabling them to execute time-sensitive business processes efficiently and accurately. OSV has grown its client base by 20% annually since 2020, highlighting the increasing value of its services for HR and Finance leaders. “OSV’s proprietary technology, paired with our team’s deep Workday expertise and customer-first mindset, has enabled us to become a trusted partner for organizations managing complex, mission-critical processes within the Workday ecosystem,” said John Bax, CEO of OneSource Virtual. “We’re excited to partner with TA to build upon the strong foundation we’ve established. With access to TA’s experience and strategic resources, we intend to advance our technology platform, broaden the ways we support customers, and continue investing in the people and culture that define OSV.” “OneSource Virtual has been a trusted Workday services and innovation partner for more than 17 years, providing scalable HCM and Financial Management services that allow Workday customers to focus on core business needs and not on administrative tasks,” said Matthew Brandt, Senior Vice President of Global Partners at Workday. “With OSV and TA working together, we welcome an expansion of OSV service and technology offerings purpose-built for Workday customers, further extending the value and possibilities of the Workday platform.” “OSV has an excellent reputation as a leader in services for Workday’s U.S., Canada, and UKI clients. OSV has invested heavily in its technology and talent to manage administrative complexity for its clients,” said Roy Burns, Managing Director at TA. “We are excited to build on OSV’s well-earned success in partnership with John and the entire OSV team.” “TA has spent considerable time evaluating the broader BPaaS landscape, and OSV stands out for its in-tenant delivery model, tech-enabled service approach, and deep alignment with the Workday ecosystem,” said Harry Taylor, Managing Director at TA. “Looking ahead, we see meaningful opportunity to continue to expand OSV’s product capabilities, including enhancements enabled by AI, and to introduce operational initiatives that further elevate the customer experience.” AdvisorsWeil, Gotshal & Manges LLP served as legal counsel to OSV. Goodwin Procter LLP served as legal counsel to TA. About OneSource VirtualOneSource Virtual delivers in-tenant technology and expert services to automate administrative and transactional tasks, including payroll, taxes, accounts payable, and benefits, within Workday. OSV has worked exclusively with Workday customers since 2008, with a services team that averages 10 years of Workday experience and 20 years of industry experience. With more than 1,400 customers, 95% retention, and over $200 billion in annual treasury movement, OSV helps organizations take their teams from transactional to transformational. To learn more, visit www.onesourcevirtual.com. About TATA is a leading global private equity firm focused on scaling growth in profitable companies. Since 1968, TA has invested in more than 560 companies across its core sectors, including technology, business services, financial services, and healthcare. Leveraging its deep industry expertise and strategic resources, TA collaborates with management teams worldwide to help high-quality companies deliver lasting value. The firm has raised $65 billion in capital to date and has more than 160 investment professionals across offices in Boston, Menlo Park, Austin, London, Mumbai, and Hong Kong. Learn more at www.ta.com. | About TATA is a leading global private equity firm focused on scaling growth in profitable companies. Since 1968, TA has invested in more than 560 companies across its core sectors, including technology, business services, financial services, and healthcare. Leveraging its deep industry expertise and strategic resources, TA collaborates with management teams worldwide to help high-quality companies deliver lasting value. The firm has raised $65 billion in capital to date and has more than 160 investment professionals across offices in Boston, Menlo Park, Austin, London, Mumbai, and Hong Kong. Learn more at www.ta.com. | “OSV’s proprietary technology, paired with our team’s deep Workday expertise and customer-first mindset, has enabled us to become a trusted partner for organizations managing complex, mission-critical processes within the Workday ecosystem,” said John Bax, CEO of OneSource Virtual. “We’re excited to partner with TA to build upon the strong foundation we’ve established. With access to TA’s experience and strategic resources, we intend to advance our technology platform, broaden the ways we support customers, and continue investing in the people and culture that define OSV.” | OneSource Virtual (OSV), a leading provider of HR and payments services for the Workday ecosystem, today announced a strategic, majority growth investment from TA Associates (TA), a leading global private equity firm. This investment will support the continuation of OSV’s organic growth, product innovation, and enhanced customer capabilities across the Workday ecosystem. | “OneSource Virtual has been a trusted Workday services and innovation partner for more than 17 years, providing scalable HCM and Financial Management services that allow Workday customers to focus on core business needs and not on administrative tasks,” said Matthew Brandt, Senior Vice President of Global Partners at Workday. “With OSV and TA working together, we welcome an expansion of OSV service and technology offerings purpose-built for Workday customers, further extending the value and possibilities of the Workday platform.”","https://www.ta.com, https://www.ta.com/approach, https://www.ta.com/news/onesource-virtual-announces-strategic-majority-growth-investment-from-ta"
www.franciscopartners.com,"Francisco Partners is a leading technology investment firm with deep sector focus and a track record of delivering outstanding returns. Through our private equity and credit funds, we provide flexible capital and partnership to growth-aspiring technology companies. | Francisco Partners is a leading technology investment firm with deep sector focus and a track record of delivering outstanding returns. Through our private equity and credit funds, we provide flexible capital and partnership to growth-aspiring technology companies. | News and AwardsFrancisco Partners Named to GrowthCap's Top Growth Equity Firms of 2025 ListRead More | News and AwardsFrancisco Partners Named to GrowthCap's Top Growth Equity Firms of 2025 ListRead More | Francisco Partners Named to GrowthCap's Top Growth Equity Firms of 2025 List",https://www.franciscopartners.com
www.lakecapital.com,,Failed to Connect
www.thomabravo.com,"Press ReleaseJune 24, 2026padoa Announces Strategic Growth Investment from Thoma Bravo’s Europe Fund Alongside Co-Founders and Existing Shareholders, Five Arrows and Kamet VenturesLearn More | June 24, 2026padoa Announces Strategic Growth Investment from Thoma Bravo’s Europe Fund Alongside Co-Founders and Existing Shareholders, Five Arrows and Kamet VenturesLearn More | padoa Announces Strategic Growth Investment from Thoma Bravo’s Europe Fund Alongside Co-Founders and Existing Shareholders, Five Arrows and Kamet Ventures | * As of 3/31/2026. The total number of transactions and aggregate enterprise value of the transactions include control and non-control investments, as well as add-on acquisitions. | Scaling Foundation Software into a multi-product platform for the construction industryLearn More | PARIS, France – padoa, the European leader in occupational health, safety and prevention software, today announced a strategic growth investment from Thoma Bravo, the world’s largest software-focused investment firm. The investment is being made through Thoma Bravo's Europe Fund, with significant participation from padoa's co-founders and existing shareholders Five Arrows, the alternative assets arm of Rothschild & Co, and Kamet Ventures.padoa is one of the leading next-generation prevention platforms dedicated to occupational health centres, employers, and employees. Its products enable more effective service delivery, health prevention, and compliance amid increasing structural and regulatory requirements.This investment is designed to accelerate padoa’s mission to improve the health of millions of people and enable padoa to further invest in AI capabilities, customer service, international expansion, particularly in the DACH region, and product innovation.Cédric Mathorel, Co-Founder, President and CEO of padoa, said: “We are excited to welcome Thoma Bravo as a new partner at a pivotal moment in padoa’s journey. As we accelerate our international expansion and navigate one of the most significant technological shifts our industry has ever experienced with the emergence of AI, we believe Thoma Bravo’s expertise will help us scale faster, innovate further, and continue delivering category-leading software to occupational health professionals across Europe. At the same time, this new chapter is built on continuity. I would like to sincerely thank Five Arrows and Kamet for their unwavering support over the years and for renewing their confidence in padoa by continuing this adventure alongside us. Their commitment, together with our founders and management team, reflects a shared conviction in the strength of our mission and our long-term vision.”Irina Hemmers, Partner, and David Tse, Principal at Thoma Bravo, said: “padoa is a compelling addition to our European partnerships, and we see a significant opportunity to support the company as demand for better care and supportive technology accelerates across Europe. This strategic growth investment reflects our continued commitment to backing the strongest software companies in the region and supporting them in becoming European champions.”Stéphane Guinet, Chairman of Kamet Ventures, said: “As venture builders, we are incredibly proud to have conceived, incubated, and helped scale padoa alongside its outstanding founding team from day one. Having established itself as a leading technology platform for occupational health, padoa is exceptionally well positioned for its next chapter. We are more excited than ever about the company’s future and delighted to partner with Thoma Bravo to support its continued growth and ambition.”Jean-Daniel Bertoncini, Partner at Five Arrows, added: “We are proud to have supported padoa’s talented founders and team through an exceptional growth journey over the past four years. We are strong believers in padoa’s mission to enable occupational health professionals to protect workers’ well-being through technology solutions that are both effective and easy to use. We are excited to partner with Thoma Bravo to fuel padoa’s ambition of bringing world-class AI into occupational health centres.”Thoma Bravo has been investing in Europe for 15 years, having deployed over €14 billion of equity across 17 transactions in the region. Its dedicated €1.8 billion Europe Fund, which closed in 2025, focuses on middle-market software businesses across core European markets, with the goal of supporting founders and management teams in scaling their businesses into European industry leaders. Since 2023, the European team has made four investments across the Netherlands, Germany and Sweden, including the €400m take-private of EQS Group and growth investments in USU, Hypergene and LOGEX.About padoaFounded in 2016, padoa is a leading occupational health technology platform in France, serving occupational health services, healthcare professionals, employers, and employees through a fully integrated digital ecosystem. The company’s mission is to equip occupational health professionals with the best technology, enabling better prevention, improved care pathways, and healthier workplaces. Today, padoa supports millions of employees and thousands of healthcare professionals, helping transform occupational health through innovation, efficiency, and collaboration. Guided by a strong purpose and values-driven culture, padoa is committed to shaping the future of occupational health in France and across Europe. Learn more at padoa.fr.About Thoma BravoThoma Bravo is the world’s largest software-focused investment firm, with more than $172 billion in assets under management as of March 31, 2026. Partnering with some of the world’s most sophisticated investors, Thoma Bravo’s private equity and private credit platforms reflect a focused investment strategy, supported by disciplined execution, deep sector expertise and leadership continuity. Over the past 20-plus years, Thoma Bravo has acquired or invested in approximately 590 software and technology companies, representing approximately $320 billion of aggregate enterprise value (including control and non-control investments, as well as add-on acquisitions). Learn more at thomabravo.com and on LinkedIn.About Five ArrowsFive Arrows is the alternative assets arm of Rothschild & Co and has €33 billion in assets under management1, with offices in Paris, London, New York, Los Angeles, San Francisco, and Luxembourg.With €13 billion of assets under management1, the corporate private equity business of Five Arrows is focused on investing in companies with strong management teams; business models with high visibility of organic unit volume growth and strong unit economics; and multiple operational levers that can be used to unlock latent value. Sectors are limited to healthcare, data and software, and technology-enabled business services.For more information, please visit https://www.rothschildandco.com/en/five-arrows/corporate-private-equity/Five Arrows Managers (USA) LLC is an independent investment adviser registered under the Investment Advisers Act of 1940, as amended. Registration does not imply a certain level of skill or training. More information about Five Arrows Managers (USA) LLC, including our investment strategies, fees and objectives is available upon request. | Thoma Bravo is the world’s largest software-focused investment firm, with more than $172 billion in assets under management as of March 31, 2026. Partnering with some of the world’s most sophisticated investors, Thoma Bravo’s private equity and private credit platforms reflect a focused investment strategy, supported by disciplined execution, deep sector expertise and leadership continuity. Over the past 20-plus years, Thoma Bravo has acquired or invested in approximately 590 software and technology companies, representing approximately $320 billion of aggregate enterprise value (including control and non-control investments, as well as add-on acquisitions). Learn more at thomabravo.com and on LinkedIn. | With €13 billion of assets under management1, the corporate private equity business of Five Arrows is focused on investing in companies with strong management teams; business models with high visibility of organic unit volume growth and strong unit economics; and multiple operational levers that can be used to unlock latent value. Sectors are limited to healthcare, data and software, and technology-enabled business services. | Stéphane Guinet, Chairman of Kamet Ventures, said: “As venture builders, we are incredibly proud to have conceived, incubated, and helped scale padoa alongside its outstanding founding team from day one. Having established itself as a leading technology platform for occupational health, padoa is exceptionally well positioned for its next chapter. We are more excited than ever about the company’s future and delighted to partner with Thoma Bravo to support its continued growth and ambition.” | Thoma Bravo has been investing in Europe for 15 years, having deployed over €14 billion of equity across 17 transactions in the region. Its dedicated €1.8 billion Europe Fund, which closed in 2025, focuses on middle-market software businesses across core European markets, with the goal of supporting founders and management teams in scaling their businesses into European industry leaders. Since 2023, the European team has made four investments across the Netherlands, Germany and Sweden, including the €400m take-private of EQS Group and growth investments in USU, Hypergene and LOGEX.","https://www.thomabravo.com, https://www.thomabravo.com/press-releases/padoa-announces-strategic-growth-investment-from-thoma-bravo"
www.calciumcapital.com,"Calcium Capital investit dans des PMEs non cotées en bourse pour les accompagner dans leur développement (private equity). Calcium Capital peut réaliser des investissements minoritaires ou majoritaires, en augmentation de capital (capital développement) ou en rachat des participations d’actionnaires cédants, avec ou sans effet de levier (transmission, LBO). | Calcium Capital investit dans des PMEs non cotées en bourse pour les accompagner dans leur développement (private equity). | L’équipe de management est, ou peut devenir, fortement présente au capital. | L’équipe de management est, ou peut devenir, fortement présente au capital. | Avec 14 investissements réalisés depuis 2013, dont 3 désormais cédés, Calcium Capital met au service des entrepreneurs son savoir-faire et son expertise sur des enjeux stratégiques et opérationnels.",https://www.calciumcapital.com
www.roundtablehp.com,"October 2025 RoundTable Healthcare Partners Completes Sale of Stake in Designs for Health Following a Successful Partnership LAKE FOREST, IL, OCTOBER 22, 2025 – RoundTable Healthcare Partners (“RoundTable”), an operating-oriented private equity firm focused exclusively on the healthcare industry, announced today that it has completed the sale of its minority stake in Designs for Health (“DFH” or the “Company”) back to the Company. In conjunction with this transaction, DFH announced a new minority investment from BDT & MSD Partners’ affiliated funds to support its continued growth. Terms of the transaction were not disclosed. more | October 2025 RoundTable Healthcare Partners Completes Sale of Stake in Designs for Health Following a Successful Partnership LAKE FOREST, IL, OCTOBER 22, 2025 – RoundTable Healthcare Partners (“RoundTable”), an operating-oriented private equity firm focused exclusively on the healthcare industry, announced today that it has completed the sale of its minority stake in Designs for Health (“DFH” or the “Company”) back to the Company. In conjunction with this transaction, DFH announced a new minority investment from BDT & MSD Partners’ affiliated funds to support its continued growth. Terms of the transaction were not disclosed. | LAKE FOREST, IL, OCTOBER 22, 2025 – RoundTable Healthcare Partners (“RoundTable”), an operating-oriented private equity firm focused exclusively on the healthcare industry, announced today that it has completed the sale of its minority stake in Designs for Health (“DFH” or the “Company”) back to the Company. In conjunction with this transaction, DFH announced a new minority investment from BDT & MSD Partners’ affiliated funds to support its continued growth. Terms of the transaction were not disclosed. | October 2025 RoundTable Healthcare Partners Announces Sale of Renaissance Lakewood, LLC LAKE FOREST, IL, October 13, 2025 – RoundTable Healthcare Partners (“RoundTable”), an operating-oriented private equity firm focused exclusively on the healthcare industry, announced today that its portfolio company Renaissance Lakewood (“Renaissance”) has entered into a definitive agreement to be acquired by LTS LOHMANN Therapie-Systeme AG (“LTS”). LTS is a pharmaceutical technology company developing and manufacturing innovative drug delivery systems and is located in Andernach, Germany. Terms of the transaction were not disclosed. more | October 2025 RoundTable Healthcare Partners Announces Sale of Renaissance Lakewood, LLC LAKE FOREST, IL, October 13, 2025 – RoundTable Healthcare Partners (“RoundTable”), an operating-oriented private equity firm focused exclusively on the healthcare industry, announced today that its portfolio company Renaissance Lakewood (“Renaissance”) has entered into a definitive agreement to be acquired by LTS LOHMANN Therapie-Systeme AG (“LTS”). LTS is a pharmaceutical technology company developing and manufacturing innovative drug delivery systems and is located in Andernach, Germany. Terms of the transaction were not disclosed. | RoundTable works collaboratively with our partners to build leading healthcare companies of lasting value. Our philosophy of value creation involves long-term investment in people, products, and pipeline, rather than financial engineering and structuring. We give our companies the balance sheet flexibility to execute on their growth initiatives. This growth-focused mindset enables our companies to invest to achieve their strategic objectives. | Transactional Expertise We have supported over 90 add-on transactions for our portfolio companies in partnerships with our management teams, and helped lead all aspects of the deal process. We have deep relationships with strategic buyers that help produce optimal results at exit. | We have supported over 90 add-on transactions for our portfolio companies in partnerships with our management teams, and helped lead all aspects of the deal process. We have deep relationships with strategic buyers that help produce optimal results at exit. | RoundTable’s investment strategy is built on the cornerstone of partnership. We have a long history and track record of partnering with owner/founders, family companies, entrepreneurs, and management teams. We also have a unique skillset in executing complex corporate carve-outs. Prior to any investment, RoundTable works with our partners to define a growth strategy, to identify and plan for current and future strategic challenges, and to create a roadmap to success. | We typically structure our investments such that RoundTable and our partners (including our management teams) own the exact same equity securities, with no preference or distinction between shareholders. | RoundTable Healthcare Partners, based in Lake Forest, IL, is an operating-oriented private equity firm focused exclusively on the healthcare industry. RoundTable partners with companies that can benefit from its extensive industry relationships and proven operating and transaction expertise. RoundTable has established a successful track record of working with owner/founders, family companies, management teams, entrepreneurs, and corporate partners who share a vision and believe in the value creation potential of its partnership model. RoundTable has raised $4.25 billion in committed capital, including six equity funds totaling $3.65 billion and three subordinated debt funds totaling $600 million. More information about RoundTable Healthcare Partners can be found at www.roundtablehp.com | Jawwad Akhtar, Partner at RoundTable, added, “Our partnership with Designs for Health reflects RoundTable’s approach to working closely with founders and management teams to help build leading healthcare businesses. By combining our deep experience in the consumer healthcare sector with our internal operating capabilities, we helped scale the organization and position it for long-term growth.” | LAKE FOREST, IL, October 22, 2025 — RoundTable Healthcare Partners (“RoundTable”), an operating-oriented private equity firm focused exclusively on the healthcare industry, announced today that it has completed the sale of its minority stake in Designs for Health (“DFH” or the “Company”) back to the Company. In conjunction with this transaction, DFH announced a new minority investment from BDT & MSD Partners’ affiliated funds to support its continued growth. Terms of the transaction were not disclosed. | RoundTable acquired an interest in Designs for Health in September 2020. In partnership with the Lizotte family, RoundTable supported key investments in the Company’s leadership team, operations, and commercial initiatives, helping DFH achieve significant growth in revenue and profitability while expanding its reach among healthcare practitioners and their patients. | Wellvest Capital, LLC served as financial advisor to the Lizotte family and to Designs for Health. Perella Weinberg Partners LP and Canaccord Genuity LLC served as financial advisors to Designs for Health. Sidley Austin LLP served as legal counsel to RoundTable, Lowenstein Sandler LLP served as legal counsel to Designs for Health, Davis Polk & Wardwell LLP served as legal counsel to BDT & MSD, and Sterlington PLLC served as legal counsel to management.","https://www.roundtablehp.com, https://www.roundtablehp.com/about.html, https://www.roundtablehp.com/news/2025/roundtablehealthcarepartnerscompletessaleofstakeindesignsforhealthfollowingasuccessfulpartnership.html"
www.jllpartners.com,"From the beginning, we’ve shared a bold vision for building a global leader in commercialization services and reshaping the bio pharmaceutical industry. JLL has been an unwavering supporter and partner to us, providing deep domain expertise, keen operational insights, and ability to execute multiple acquisitions. | Middle-Market Business Builders with a Vision for Transformation Engaged Partners Immersed in Your Sector Three Decades of Experience Elevating Best-in-Class Companies | Industry Expertise Thesis-Driven Sector Specialists, Investing in Businesses With Compelling Long-Term Growth Potential | Investment acumen, operational strategy, capital markets and platform expansion — it’s all in-house with JLL | Investment acumen, operational strategy, capital markets and platform expansion — it’s all in-house with JLL | We are deeply entrenched in the sectors that we target and have been actively investing in these areas for over 30 years. Our approach is thematically driven and proactive – we have an evolving set of core investment ideas and constantly pursue new opportunities in line with these themes. We partner with exceptional leaders with the goal of not just growing individual companies – but transforming broader industries. | We are deeply entrenched in the sectors that we target and have been actively investing in these areas for over 30 years. Our approach is thematically driven and proactive – we have an evolving set of core investment ideas and constantly pursue new opportunities in line with these themes. We partner with exceptional leaders with the goal of not just growing individual companies – but transforming broader industries.","https://www.jllpartners.com, https://www.jllpartners.com/industry-expertise"
www.eifgroup.com,,Failed to Connect
www.harvestpartners.com,"July 1, 2026 Harvest Partners Acquires Integra Testing Services, A National Provider of Commercial HVAC and Controlled Environment Testing Services Read More May 4, 2026 Power Home Remodeling Secures Investment from Bain Capital, Sixth Street, and Harvest Partners Structured Capital Read More April 1, 2026 Carlyle to Acquire Majority Stake in MAI Capital Management Read More January 20, 2026 Harvest Partners Announces Firmwide Promotions Read More July 1, 2025 Harvest Partners Announces Acquisition of The Learning Experience Read More | We partner with market-leading companies and contribute to their growth and success by establishing alignment with strong management teams. | We are energized by a commitment to meaningfully contribute to the growth and success of our partners. | We are energized by a commitment to meaningfully contribute to the growth and success of our partners. | The Firm’s multiple fund strategies and comprehensive network create value for portfolio companies and limited partners alike, making Harvest a partner of choice in the alternative investment landscape.",https://www.harvestpartners.com
www.investcorp.com,"Read the video transcript (includes descriptions of on-screen visuals) This transcript provides the full narration of the video along with descriptions of the important visual information shown on screen. [00:00] [Visual: The word INVESTCORP appears in white serif lettering over the stone facade of an office tower, followed by aerial views of a New York City avenue.] [00:02] Narrator: Investcorp is a leading alternative asset management firm with proven expertise across a diversified platform of asset classes and a reputation for delivering outstanding investment performance and a client-first mentality. [00:12] [Visual: A montage of city skylines splits into labelled panels showing Investcorp’s global locations: New York, London, Bahrain, Abu Dhabi, Riyadh, then Mumbai, Beijing, Singapore and Tokyo.] [00:19] [Visual: Mohammed Alardhi, Executive Chairman, speaks at a meeting table in a wood-panelled office. An on-screen statistic reads: US $62 billion Assets Under Management.] [00:19] Narrator: Investcorp is a steward of capital committed to enriching lives of future generations through its relentless quest to uncover the most compelling investment opportunities and its rigorous due diligence, risk management and governance structures. [00:34] [Visual: Colleagues collaborate in offices; views looking up at Manhattan skyscrapers; a glass skylight dome; staff descend a spiral staircase.] [00:36] Narrator: Private equity investing has been at the heart of what Investcorp has done for over 40 years. Building stronger, more profitable mid-sized businesses through partnership, not just ownership, is in our DNA. [00:38] [Visual: An executive speaks to camera. An on-screen statistic counts up to: Private Equity, 281 investments completed since inception, totaling over US $52 billion. A four-way split screen then shows four Investcorp executives speaking.] [00:52] Narrator: For more than two decades, our Real Assets team has invested across the US and Europe in high-quality assets, consistently delivering strong cash yields and attractive capital gains. [00:54] [Visual: Aerial footage of residential and logistics properties and an airport terminal. On-screen statistics read: Real Assets. Real Estate: US $11 billion Assets Under Management, over 1,500 investments completed since inception, totaling US $29 billion. Infrastructure: US $5 billion Assets Under Management.] [01:09] Narrator: Our credit platform is a leading global CLO manager with a team of highly experienced investment professionals who navigate market cycles and dislocations with expertise, discipline and confidence. [01:10] [Visual: Executives speak to camera and lead a team meeting in a boardroom. An on-screen statistic reads: Credit Management, US $22 billion Assets Under Management.] [01:23] Narrator: Investcorp provides liquid alternative products and solutions through Investcorp Insurance Investment Solutions and Investcorp TAGS. [01:24] [Visual: The Lower Manhattan skyline with One World Trade Center; analysts review data at a monitor. An on-screen statistic reads: Liquid Alternatives, US $9 billion Assets Under Management.] [01:32] Narrator: Entrusted by investors, Investcorp builds lasting partnerships to protect and grow capital with our global distribution team, connecting clients to carefully curated opportunities through global reach and local insight. [01:33] [Visual: Client meetings in Gulf offices, including a large boardroom presentation with the Investcorp Wealth app shown on screen, and colleagues in conversation.] [01:49] Narrator: Bigger than any one individual, Investcorp has been built on reliability, transparency, quality, integrity and professionalism, and is driven by the passion, energy and imagination of our people. [01:50] [Visual: A montage of Investcorp employees at work across its global offices: on calls, in meetings, at trading screens and welcoming colleagues.] [02:01] Narrator: Our people are one of our greatest assets. Together we continue to evolve, investing responsibly and generating sustainable value with a disciplined global approach. [02:14] Narrator: An institution represents an organization that endures, evolves, flourishes. That’s exactly what Investcorp has successfully done for more than four decades and is well positioned for continued success in the future. [02:15] [Visual: Aerial views of the London skyline at sunset and a New York avenue at dusk. The video closes on the Manhattan skyline with the Investcorp logo, the website address www.investcorp.com, and the social media handle @investcorp on LinkedIn, X, Instagram and YouTube.] | This transcript provides the full narration of the video along with descriptions of the important visual information shown on screen. [00:00] [Visual: The word INVESTCORP appears in white serif lettering over the stone facade of an office tower, followed by aerial views of a New York City avenue.] [00:02] Narrator: Investcorp is a leading alternative asset management firm with proven expertise across a diversified platform of asset classes and a reputation for delivering outstanding investment performance and a client-first mentality. [00:12] [Visual: A montage of city skylines splits into labelled panels showing Investcorp’s global locations: New York, London, Bahrain, Abu Dhabi, Riyadh, then Mumbai, Beijing, Singapore and Tokyo.] [00:19] [Visual: Mohammed Alardhi, Executive Chairman, speaks at a meeting table in a wood-panelled office. An on-screen statistic reads: US $62 billion Assets Under Management.] [00:19] Narrator: Investcorp is a steward of capital committed to enriching lives of future generations through its relentless quest to uncover the most compelling investment opportunities and its rigorous due diligence, risk management and governance structures. [00:34] [Visual: Colleagues collaborate in offices; views looking up at Manhattan skyscrapers; a glass skylight dome; staff descend a spiral staircase.] [00:36] Narrator: Private equity investing has been at the heart of what Investcorp has done for over 40 years. Building stronger, more profitable mid-sized businesses through partnership, not just ownership, is in our DNA. [00:38] [Visual: An executive speaks to camera. An on-screen statistic counts up to: Private Equity, 281 investments completed since inception, totaling over US $52 billion. A four-way split screen then shows four Investcorp executives speaking.] [00:52] Narrator: For more than two decades, our Real Assets team has invested across the US and Europe in high-quality assets, consistently delivering strong cash yields and attractive capital gains. [00:54] [Visual: Aerial footage of residential and logistics properties and an airport terminal. On-screen statistics read: Real Assets. Real Estate: US $11 billion Assets Under Management, over 1,500 investments completed since inception, totaling US $29 billion. Infrastructure: US $5 billion Assets Under Management.] [01:09] Narrator: Our credit platform is a leading global CLO manager with a team of highly experienced investment professionals who navigate market cycles and dislocations with expertise, discipline and confidence. [01:10] [Visual: Executives speak to camera and lead a team meeting in a boardroom. An on-screen statistic reads: Credit Management, US $22 billion Assets Under Management.] [01:23] Narrator: Investcorp provides liquid alternative products and solutions through Investcorp Insurance Investment Solutions and Investcorp TAGS. [01:24] [Visual: The Lower Manhattan skyline with One World Trade Center; analysts review data at a monitor. An on-screen statistic reads: Liquid Alternatives, US $9 billion Assets Under Management.] [01:32] Narrator: Entrusted by investors, Investcorp builds lasting partnerships to protect and grow capital with our global distribution team, connecting clients to carefully curated opportunities through global reach and local insight. [01:33] [Visual: Client meetings in Gulf offices, including a large boardroom presentation with the Investcorp Wealth app shown on screen, and colleagues in conversation.] [01:49] Narrator: Bigger than any one individual, Investcorp has been built on reliability, transparency, quality, integrity and professionalism, and is driven by the passion, energy and imagination of our people. [01:50] [Visual: A montage of Investcorp employees at work across its global offices: on calls, in meetings, at trading screens and welcoming colleagues.] [02:01] Narrator: Our people are one of our greatest assets. Together we continue to evolve, investing responsibly and generating sustainable value with a disciplined global approach. [02:14] Narrator: An institution represents an organization that endures, evolves, flourishes. That’s exactly what Investcorp has successfully done for more than four decades and is well positioned for continued success in the future. [02:15] [Visual: Aerial views of the London skyline at sunset and a New York avenue at dusk. The video closes on the Manhattan skyline with the Investcorp logo, the website address www.investcorp.com, and the social media handle @investcorp on LinkedIn, X, Instagram and YouTube.] | An Institution Built to Last 10 years of growth and $62 billion of AUM in scale – A future in motion. Our corporate film reflects the strength of Investcorp today and the ambition driving its next era.For over four decades, Investcorp has continued to evolve, expanding our global reach, deepening our capabilities, and remaining firmly focused on long-term value creation for our investors. The film captures the strength of our platform today: An alternative investment manager investing across Private Equity, Real Assets, Credit, and Liquid Strategies, with 14 offices worldwide and a truly global team of investment professionals.It tells the story of how we invest alongside our clients, navigate market cycles, and build sustainable value across markets and generations. Watch to discover the people and platform shaping Investcorp’s future. | 10 years of growth and $62 billion of AUM in scale – A future in motion. Our corporate film reflects the strength of Investcorp today and the ambition driving its next era.For over four decades, Investcorp has continued to evolve, expanding our global reach, deepening our capabilities, and remaining firmly focused on long-term value creation for our investors. The film captures the strength of our platform today: An alternative investment manager investing across Private Equity, Real Assets, Credit, and Liquid Strategies, with 14 offices worldwide and a truly global team of investment professionals.It tells the story of how we invest alongside our clients, navigate market cycles, and build sustainable value across markets and generations. Watch to discover the people and platform shaping Investcorp’s future. | Investcorp, a leading global alternative investment firm, through its technology investment arm Investcorp Technology Partners (“ITP”), today announced that it has founded a new growth platform with NetRom Software and Trivium eSolutions as founding members. The platform enables complementary software engineering firms to independently excel and as a group, collectively accelerate. | Back May 2026 In an evolving market environment, disciplined underwriting and global sourcing remain central to delivering resilient performance. Corey Geis, Global Co-Head of Investcorp Credit Management, highlights how a rigorous investment process, a focus on margin of safety, and diversified portfolio construction underpin our approach to credit investing, alongside rigorous bottom-up analysis and diversification across issuers and markets. He also highlights how Investcorp’s global credit platform navigates opportunities across the U.S. and Europe. A perspective on how scale, diversification and disciplined execution support consistent returns through market cycles. | May 2026 In an evolving market environment, disciplined underwriting and global sourcing remain central to delivering resilient performance. Corey Geis, Global Co-Head of Investcorp Credit Management, highlights how a rigorous investment process, a focus on margin of safety, and diversified portfolio construction underpin our approach to credit investing, alongside rigorous bottom-up analysis and diversification across issuers and markets. He also highlights how Investcorp’s global credit platform navigates opportunities across the U.S. and Europe. A perspective on how scale, diversification and disciplined execution support consistent returns through market cycles. | Corey Geis, Global Co-Head of Investcorp Credit Management, highlights how a rigorous investment process, a focus on margin of safety, and diversified portfolio construction underpin our approach to credit investing, alongside rigorous bottom-up analysis and diversification across issuers and markets. He also highlights how Investcorp’s global credit platform navigates opportunities across the U.S. and Europe. | Investcorp and SNB Capital Establish Strategic Partnership to Pursue KSA Investment Opportunities | What We DoOverview Private Equity Real Assets Credit Management Liquid Strategies | Back May 2026 Revenue growth, management quality and the deployment of AI at scale are becoming increasingly important drivers of performance across private equity. Daniel Lopez-Cruz, Global Head of Private Equity at Investcorp, shares perspectives on the firm’s investment approach across its global private equity platform, from identifying businesses with strong growth potential to supporting management teams and leveraging technology to enhance operational performance. A perspective on how operational improvement, technology and AI are shaping the next phase of private equity investing. | May 2026 Revenue growth, management quality and the deployment of AI at scale are becoming increasingly important drivers of performance across private equity. Daniel Lopez-Cruz, Global Head of Private Equity at Investcorp, shares perspectives on the firm’s investment approach across its global private equity platform, from identifying businesses with strong growth potential to supporting management teams and leveraging technology to enhance operational performance. A perspective on how operational improvement, technology and AI are shaping the next phase of private equity investing. | Daniel Lopez-Cruz, Global Head of Private Equity at Investcorp, shares perspectives on the firm’s investment approach across its global private equity platform, from identifying businesses with strong growth potential to supporting management teams and leveraging technology to enhance operational performance. | Revenue growth, management quality and the deployment of AI at scale are becoming increasingly important drivers of performance across private equity. | A perspective on how operational improvement, technology and AI are shaping the next phase of private equity investing.","https://www.investcorp.com, https://www.investcorp.com/corey-geis-on-a-disciplined-approach-to-credit-investing, https://www.investcorp.com/daniel-lopez-cruz-on-value-creation-in-private-equity"
www.versa.com,"Approach CREATIVE SOLUTIONS FOR COMPLEX SITUATIONSTransforming Businesses ThroughPrivate Equity InvestmentVersa Approach SCROLL DOWN Approach CREATIVE SOLUTIONS FOR COMPLEX SITUATIONSTransforming Businesses ThroughPrivate Equity InvestmentVersa Approach About Sections About Sections Who We Are An alternative investment manager focused on buyouts, tactical opportunities and other equity and credit investments in 'Special Situations' including: underperformers, carve-outs, turnarounds, restructurings, reorganizations and recapitalizations What We Look For Opportunities to create value through financial and operational transformations, and/or finding solutions in complex situations Broad sector and business model focus Headquartered in North America Enterprise Values, Revenues and Capital Needs of $100 million to $1 billion Our Team PUTTING MULTIDISCIPLINARY SKILLS TO WORKVERSA TEAM Our Team PUTTING MULTIDISCIPLINARY SKILLS TO WORKVERSA TEAM Portfolio DIVERSE STORIES WITH COMMON THREADS OF SUCCESSVersa Portfolio Portfolio DIVERSE STORIES WITH COMMON THREADS OF SUCCESSVersa Portfolio News THRIVING ON FORWARD MOMENTUMVERSA NEWS News THRIVING ON FORWARD MOMENTUMVERSA NEWS Contact Us WE’D LIKE TO HEAR FROM YOUCONTACT US Contact Us WE’D LIKE TO HEAR FROM YOUCONTACT US | What We Look For Opportunities to create value through financial and operational transformations, and/or finding solutions in complex situations Broad sector and business model focus Headquartered in North America Enterprise Values, Revenues and Capital Needs of $100 million to $1 billion | Who We Are An alternative investment manager focused on buyouts, tactical opportunities and other equity and credit investments in 'Special Situations' including: underperformers, carve-outs, turnarounds, restructurings, reorganizations and recapitalizations | An alternative investment manager focused on buyouts, tactical opportunities and other equity and credit investments in 'Special Situations' including: underperformers, carve-outs, turnarounds, restructurings, reorganizations and recapitalizations | Opportunities to create value through financial and operational transformations, and/or finding solutions in complex situations | OUR PARTNERING PHILOSOPHYOUR SUCCESS IS DRIVEN BY AN ALIGNMENT OF INTERESTS WITH OUR PARTNERS:For Management TeamsFor Management Teams seeking seasoned investment partners and operational specialists who bring both capital and expertise that empowers companies to become sustainable, market-leading enterprises. VERSA:Specializes in navigating the complex legal and operating aspects of turnaround investmentsBelieves that within every challenge lies a greater opportunity to maximize the potential of an enterpriseCommits to both speed and certainty of closingInvests with impact, collaborating with management teams and contributing extensive strategic, financial and industry expertise to the processEmbraces creativity, finding compelling solutions to familiar problems and new approaches to thrive in difficult markets | For Management Teams seeking seasoned investment partners and operational specialists who bring both capital and expertise that empowers companies to become sustainable, market-leading enterprises. | For InvestorsFor Investors who are seeking attractive and interesting opportunitiesVERSA:Serves as trusted stewards of investor capital with a commitment to transparency and timely delivery of informationSeeks value and performance growth that can be achieved through enhanced operational and financial management at our portfolio companiesBelieves there are compelling opportunities amidst structural, intrinsic and exogenous challenges across industries and circumstancesMaintains investment discipline, with a focus on areas in which we have operated for more than two decades | OUR INVESTMENT STRATEGYVERSA SPECIALIZES IN COMPLEX, DISTRESSED AND SPECIAL SITUATIONS:BuyoutsDivestitures & SpinoutsRecapitalizations, Restructurings & Reorganizations Turnarounds & TransformationsTARGETING NORTH AMERICA-BASED INVESTMENT OPPORTUNITIES WITH:Broad sector focus with a particular emphasis on Consumer, Industrials, Health Care, Financials, and Real EstateOrganizations engaged in Manufacturing, Distribution, Business Services, Retail and WholesaleEnterprise Values, Revenues, and Capital Needs of $100 million to $1 billion | Seeks value and performance growth that can be achieved through enhanced operational and financial management at our portfolio companies","https://www.versa.com, https://www.versa.com/approach"
summerstreetcapital.com,"Real People.Trusted Partners. "" What we do Summer Street invests equity capital alongside talented and committed leaders who share our values and entrepreneurial spirit. We ensure that key managers have a meaningful equity interest in the business, and share in its success. Our portfolio company managers would tell you that by leveraging our experience, networks, and operational resources, they were better prepared to achieve ambitious growth goals. Our equity capital typically supports buyout transactions, growth financing, recapitalizations, family transitions, and corporate divestitures. About Us Summer Street is a private investment firm located in Buffalo, New York — building great companies across the US and Canada. Our responsibility as your partner is to make sure that you have not only the capital, but the people, tools, and resources you need. What your company needs will be unique, but we often provide help with organizational development, customer satisfaction, lean manufacturing, and executive coaching for high performers. In many cases, our partners also benefit from our access to industry experts and thought leaders, talent recruiters, or even target customers. Investment Focus Representative Investments About Us Summer Street is a private investment firm located in Buffalo, New York — building great companies across the US and Canada. Our responsibility as your partner is to make sure that you not only have the capital, but the people, processes, and tools you need. What your company needs will be unique, but we often provide help with organizational development, customer satisfaction, lean manufacturing, and executive coaching for high performers. In many cases, our partners also benefit from our access to industry experts and thought leaders, target customers, and talent recruitment. Investment Focus Representative Investments Meet our team. Learn more Investment Focus Learn more Representative Investments View portfolio Let’s start a relationship. Contact Us Investment Focus Representative Investments Our Team Contact Investment Focus Representative Investments Our Team Contact © 2026 Summer Street Capital Partners Privacy Policy Terms and Conditions © 2026 Summer Street Capital Partners Privacy Policy Terms and Conditions | We ensure that key managers have a meaningful equity interest in the business, and share in its success. Our portfolio company managers would tell you that by leveraging our experience, networks, and operational resources, they were better prepared to achieve ambitious growth goals. Our equity capital typically supports buyout transactions, growth financing, recapitalizations, family transitions, and corporate divestitures. | We ensure that key managers have a meaningful equity interest in the business, and share in its success. Our portfolio company managers would tell you that by leveraging our experience, networks, and operational resources, they were better prepared to achieve ambitious growth goals. | Our equity capital typically supports buyout transactions, growth financing, recapitalizations, family transitions, and corporate divestitures. | Our responsibility as your partner is to make sure that you have not only the capital, but the people, tools, and resources you need. What your company needs will be unique, but we often provide help with organizational development, customer satisfaction, lean manufacturing, and executive coaching for high performers. In many cases, our partners also benefit from our access to industry experts and thought leaders, talent recruiters, or even target customers. | Investment Focus We have found that an equity partnership works best when we are able to bring more than just dollars to the table. We consider diverse industries, but have a particular interest in sectors where our years of operating experience enable us to serve as a source of ideas and connections. The environmental services sector is of particular focus and commitment. Nearly 25 years, we have successfully partnered with business owners and entrepreneurs to transform private waste companies into regional leaders across multiple geographic regions. PLATFORM INVESTMENT FOCUS PLATFORM INVESTMENT FOCUS industryEnvironmental Services Solid waste collection and post-collection Recycling Industrial waste Waste water treatment Medical Waste “Summer Street’s network and their understanding of what it takes to create value in this industry allowed us to build Coastal into one of the leading privately held waste services companies in the South Florida market in only 18 months.” Brendon Pantano Coastal Waste & Recycling industryNiche Manufacturing “Our team saw real opportunities to reduce inventory and get orders out the door more quickly, but we knew the implementation process might be tricky. Summer Street was a patient partner, and supported our team with ideas and capital throughout the transformation. The result was incredibly rewarding for both our people and the company.” Eric Armenat Multisorb industryBusiness Services “Dwellworks had a solid base of satisfied customers in the US, and we were just beginning to get traction in our international offices when we decided to bring in more capital to help us diversify our customer base and accelerate our growth. Just a few years later we had completely transformed the business, with new technology-based service offerings and major operations in Mexico, Ireland, Germany, Hong Kong, and the UK.” Bob Rosing Dwellworks Investment Preferences: We consider companies of many shapes and sizes, but are most excited to partner with companies that meet the following criteria. We also seek add-on acquisitions for our portfolio companies, where these criteria can be more flexible. Segments Solid waste collection and post-collection Recycling Industrial Waste Waste water treatment Medical waste Manufacture of products and equipment supporting environmental services sectors Route based business services Financial Revenue greater than $10 million annually No size requirements for add-on aquisitions Geography U.S. or Canada Typical Transaction Scenarios: We have come up with creative structures to fit many different scenarios, but typically our equity capital is used to support the following kinds of transactions: Buyouts / management buyouts Family business Corporate divestitures Growth Investments Non-control equity financing Acquisitions and market consolidations Organic expansion Recapitalization Personal liquidity / Estate planning Asset diversification Ownership transitions Generational transitions Public to private ““The opportunity to purchase Apple Valley Waste was exciting, but I needed a financial partner who could add real value. Summer Street understood my industry, and more importantly, they were prepared to commit to building a business that puts customers, communities, and employees first.” John Decker, Apple Valley Waste ““Summer Street Capital and its Managing Partner Brian D’Amico have been supporting the growth of Interstate Waste since their original investment in 2003. Summer Street’s industry knowledge and financial support aided our growth, and they have been great partners for many years now.” Mike DiBella, Interstate Waste Services ““My partners bring so much strength to the table through their waste experience, success in mergers and acquisitions and the strong ability to raise capital. They advise and coach in areas that complement and strengthen my operations and leadership skills without interfering in the day-to-day operations.” Brendon Pantano, Coastal Waste & Recycling ““Our partnership with Summer Street Capital has been incredibly rewarding, thanks to their support of our commitment to invest in developing and growing sustainable waste management solutions that generate the lowest possible carbon footprint. Through investments in both our facilities and our people, we were able to build a tremendous company focused on serving our healthcare providers and our community.” Mark Schifani, Curtis Bay Medical Waste Representative Investments View portfolio Let’s start a relationship. Contact Us Investment Focus Representative Investments Our Team Contact Investment Focus Representative Investments Our Team Contact © 2026 Summer Street Capital Partners Privacy Policy Terms and Conditions © 2026 Summer Street Capital Partners Privacy Policy Terms and Conditions | Buyouts / management buyouts Family business Corporate divestitures Growth Investments Non-control equity financing Acquisitions and market consolidations Organic expansion Recapitalization Personal liquidity / Estate planning Asset diversification Ownership transitions Generational transitions Public to private | We consider companies of many shapes and sizes, but are most excited to partner with companies that meet the following criteria. We also seek add-on acquisitions for our portfolio companies, where these criteria can be more flexible. | We consider companies of many shapes and sizes, but are most excited to partner with companies that meet the following criteria. We also seek add-on acquisitions for our portfolio companies, where these criteria can be more flexible. | “Our partnership with Summer Street Capital has been incredibly rewarding, thanks to their support of our commitment to invest in developing and growing sustainable waste management solutions that generate the lowest possible carbon footprint. Through investments in both our facilities and our people, we were able to build a tremendous company focused on serving our healthcare providers and our community.” Mark Schifani, Curtis Bay Medical Waste | Representative Investments These are some of the companies we’ve teamed up with. We’re proud of their stories, and we have many more we’d like to share. Just give us a call or send an email to hear more. Environmental Provider of solid waste disposal and recycling services to homeowners, contractors, and commercial properties across Southeast Florida. Pompano Beach, FL Realized Manufacturing Manufacturer and distributor of U.S. military medals, insignia, and uniform-related accessories, as well as other commercial products. Providence, Rhode Island Realized Environmental Provider of solid waste management services to residential and commercial customers throughout the state of Texas, including the Dallas-Fort Worth metroplex, Houston, San Antonio, and Austin. Dallas, TX Active Environmental Leading independent provider of solid waste management services in the New York City area. Teaneck, New Jersey Realized Manufacturing Designer and supplier of lamps (including LED, linear fluorescent, compact fluorescent, incandescent, halogen and HID), fixtures and ballasts for commercial, industrial, residential and specialty lighting markets in the U.S. Norcross, Georgia Active Environmental Provider of solid waste collection, transportation and disposal services for residential and commercial customers in the Northeast. Danbury, CT Realized Manufacturing Developer and manufacturer of sorbent and specialty products used in healthcare, food & beverage, electronics and industrial applications to protect the shelf or service life of a product. Buffalo, New York Realized Environmental Provider of regulatory compliant medical waste transportation, disposal, and consulting services to hospitals, medical offices, pharmacies and other healthcare providers. Baltimore, Maryland Realized Business Services Provider of global solutions for the relocation management companies who support the mobility needs of relocating employees and their families. Cleveland, Ohio Realized Manufacturing Developer and manufacturer of ophthalmic instruments for the global eye care industry. Depew, New York Realized Manufacturing Manufacturer of packaged swimming pools and swimming pool components. Latham, New York Realized Environmental Leading independent solid waste collection, disposal and recycling company in the Mid-Atlantic. Kearneysville, West Virginia Realized Manufacturing Leading manufacturer of recording supplies for commercial and industrial applications. Buffalo, New York Realized Environmental Leading independent solid waste and recycling company in New York and New Jersey. Teaneck, New Jersey Realized Manufacturing Leading manufacturer of fiberglass outboard-powered boats. Waycross, Georgia Realized Manufacturing Innovative manufacturer of high-quality coin-operated games. Clarence, New York Realized Manufacturing Manufacturer of gel-coat and acrylic bathtubs, and related products. Savannah, Tennessee Realized Let’s start a relationship. Contact Us Investment Focus Representative Investments Our Team Contact Investment Focus Representative Investments Our Team Contact © 2026 Summer Street Capital Partners Privacy Policy Terms and Conditions © 2026 Summer Street Capital Partners Privacy Policy Terms and Conditions | Provider of solid waste management services to residential and commercial customers throughout the state of Texas, including the Dallas-Fort Worth metroplex, Houston, San Antonio, and Austin. Dallas, TX Active | Provider of solid waste management services to residential and commercial customers throughout the state of Texas, including the Dallas-Fort Worth metroplex, Houston, San Antonio, and Austin. | Leading independent provider of solid waste management services in the New York City area. Teaneck, New Jersey Realized | Leading independent provider of solid waste management services in the New York City area.","https://summerstreetcapital.com, https://summerstreetcapital.com/investment-focus, https://summerstreetcapital.com/representative-investments"
www.J2Partners.com,"We are flexible in our approach to capital structure and are sensitive to the requirements and constraints of prospective sellers. Investments may take a range of forms across a company’s capital structure though we prefer to make control equity investments.J2 Partners is not just a source of capital, our principals and advisors have diverse operating backgrounds and experience. We build strong relationships with the management teams of our portfolio companies and pride ourselves on objectivity and straightforward communications. | J2 Partners is not just a source of capital, our principals and advisors have diverse operating backgrounds and experience. We build strong relationships with the management teams of our portfolio companies and pride ourselves on objectivity and straightforward communications. | Welcome to J2 PARTNERSJ2 Partners invest manufacturing, distribution, business services and mature technology companies that are leaders in their markets with $2 million to $10 million in operating cash flow or $10 million to $50 million in enterprise value. J2 seeks to invest in profitable well-run companies with superior management teams. We look for companies with a leadership position in stable niche markets or some competitive advantage in growth industries. | J2 Partners invest manufacturing, distribution, business services and mature technology companies that are leaders in their markets with $2 million to $10 million in operating cash flow or $10 million to $50 million in enterprise value. J2 seeks to invest in profitable well-run companies with superior management teams. We look for companies with a leadership position in stable niche markets or some competitive advantage in growth industries. | We are flexible in our approach to capital structure and are sensitive to the requirements and constraints of prospective sellers. Investments may take a range of forms across a company’s capital structure though we prefer to make control equity investments. | FinancialWe invest in companies with $2 million to $10 million in operating cash flow and $10 million to $50 million in enterprise value.GeographicWe believe that the basis for sound business relationships begins with face-to-face interactions. We focus our investments on companies with primary operations located in the Western United States but will consider investments elsewhere in the United States. | We invest in companies with $2 million to $10 million in operating cash flow and $10 million to $50 million in enterprise value. | We provide capital to companies that possess some leveragability. That is, companies that have, through their balance sheet, capital structure, operating capacity, business model, marketing platform, or corporate brand, some discernible points of leverage, with the consequent ability to drastically improve performance and create value through diligent execution of a coherent vision. We have a highly tailored, disciplined approach to investing where we create a unique investment structure and thesis for any given investment. | We provide capital to companies that possess some leveragability. That is, companies that have, through their balance sheet, capital structure, operating capacity, business model, marketing platform, or corporate brand, some discernible points of leverage, with the consequent ability to drastically improve performance and create value through diligent execution of a coherent vision. We have a highly tailored, disciplined approach to investing where we create a unique investment structure and thesis for any given investment.","https://www.J2Partners.com, https://www.J2Partners.com/investment-criteria, https://www.J2Partners.com/what-we-do"
www.goldengatecap.com,"Our philosophy is to invest in a select group of market-leading businesses and partner with their management teams to improve growth and increase strategic value. We execute this strategy across specialized industry verticals, which allows us to build deep sector expertise. | Our philosophy is to invest in a select group of market-leading businesses and partner with their management teams to improve growth and increase strategic value. We execute this strategy across specialized industry verticals, which allows us to build deep sector expertise. | Golden Gate Capital has assembled a premier team of private equity professionals. We are long-term, growth-oriented partners for our portfolio companies’ management teams. | Golden Gate Capital has assembled a premier team of private equity professionals. We are long-term, growth-oriented partners for our portfolio companies’ management teams. | We are long-term partners with deep domain expertise to help build exceptional platform companies.",https://www.goldengatecap.com
www.pelotonequity.com,"Scroll DEPLOYING CAPITAL AND EXPERIENCE TO TURN VISION INTO REALITY Peloton Equity (""Peloton"") is a growth capital investor with over 20 years of experience in healthcare. Founded in 2014 as the successor firm to Ferrer Freeman & Company, Peloton specializes in partnering with healthcare companies that have the right leadership, market potential, and business model to drive growth. By leveraging both our extensive healthcare network and disciplined investment approach, we aim to create lasting value for our portfolio companies. The name Peloton reflects our collaborative approach. Like a peloton of cyclists, we gain speed, strength, and efficiency by working closely with management teams to accelerate their company's growth and drive value creation. Pioneers In Healthcare Private Equity Investing 100+ years of combined healthcare private equity investing experience 35+ healthcare portfolio company investments $900+ million invested 26 healthcare portfolio exits, including 5 IPOs A journey with us builds from a strong foundation A journey with us builds from a strong foundation A journey with us builds from a strong foundation A journey with us builds from a strong foundation Our Approach see potential Peloton recognizes that the U.S. healthcare industry, valued at over $4 trillion, is highly fragmented, complex, and growing at an unsustainable pace. Major trends like payment model redesign, consumerism, advances in therapies and diagnostics, and technology integration are reshaping the landscape for all stakeholders. We believe that lower-middle-market growth companies will drive the industry’s transformation. support growth Having invested across major subsectors of the healthcare industry, Peloton understands how market evolution and inherent complexities impact businesses. Our competitive advantage lies in partnering with companies to achieve bold growth objectives and adding value in critical areas where the industry faces the greatest challenges, including talent availability, industry credibility, IT strategy, and scaling operations. deploy network Built over 20+ years of healthcare investing, Peloton Nation is our unique professional network of 200+ trusted healthcare leaders. We engage Peloton Nation members at every stage of the investment process, leveraging their expertise to generate and test investment themes, source proprietary deals, support portfolio companies, and drive value creation. On average, nine members contribute to due diligence for each portfolio company, and we’ve added over 50 board members and C-suite executives post-investment. We partner with companies that have established several of the following: Proven business modelMarket adoption, typically represented by $10-200 million in revenue and/or $(10)-10 million of EBITDA at investment. significant growth potentialWell‐positioned for transformational revenue and profit growth (3-5x+ over the life of the investment). Market-tested value propositionProducts and/or services that bring efficiency to the system, provide higher quality care, and/or lower overall healthcare costs. HIGH QUALITY MANAGEMENT AND BOARDResults‐oriented culture with accomplished and experienced management. Potential for meaningful value addThe Peloton team has successfully invested in similar businesses and/or has access to resources that can help the company achieve its growth objectives. A Playbook Focused On Growth A Playbook Focused On Growth A Playbook Focused On Growth A Playbook Focused On Growth Peloton partners with management teams to build the infrastructure needed for scaling and to identify and optimize strategies for sustainable, strategic revenue growth. Our value creation playbook is shaped by decades of growth capital investing in the lower–middle-market. At the post-venture, pre-buyout stage where we invest, we believe that focusing on portfolio company revenue growth offers the most consistent and repeatable path to attractive equity returns. While each company and situation is different, we believe our value creation playbook (described below) creates opportunities for multiple expansion and provides a clear pathway to long-term growth. *For All Peloton team investments, including active investments as of 6/30/24 Establish the foundationRefine the strategic vision and optimize the business modelBuild and recruit high quality management team and board of directorsProfessionalize governance with robust risk management and reporting processesImplement data-driven decision making and analytics to drive value and reduce costs Aggressively scaleAccelerate and expand the growth modelEnhance industry awareness and connectivityIntegrate and enhance the technology strategyPursue accretive M&ABuild brand with strategic partnerships and relationships INVESTMENTS We build segment leaders in healthcare Peloton leverages its growth company-building expertise, network and executive resources to transform lower-middle-market healthcare companies into industry leaders. Peloton Equity investments include: REALIZEDStrategic - Acquired by AdaptHealth (NASDAQ: AHCO) U.S. provider of home oxygen and sleep therapy services and equipment to patients in their homes. ACTIVEProvider of cold chain packaging and logistics to the pharmaceutical, biopharmaceutical and medical device industries. ACTIVEProvider of analytics software and technology-enabled services to large health care organizations. ACTIVEU.S. provider of post-acute care focused on intensive rehabilitation services. ACTIVE Provider of the only patented and scientifically proven green technology capable of washing and reusing plastic consumables to make labs sustainable, efficient, and resilient to supply chain disruptions. ACTIVE - Partially Realized(Private Equity)Tech-enabled digital marketing and consumer engagement platform specializing in Medicare insurance sales and distribution. REALIZED Strategic / SPAC – Acquired by ZeroFox and taken public via SPAC merger.Provider of software and services for cyber breach and identity fraud protection. ACTIVESupplier of premium, innovative products and services designed to help seniors live healthier, more comfortable, active and connected lives. ACTIVE Outsourced technology and workflow solutions for provider groups allowing clinicians to spend more time delivering patient care. The members of Peloton’s investment team have pursued and consummated investments on behalf of Ferrer Freeman & Company: Realized - Private Equity Active Realized - IPO Active Realized - Strategic & PE Realized - Strategic Realized - Private Equity Realized - Strategic Realized - Private Equity Realized - Strategic Realized - Strategic Realized - IPO Realized - Strategic Realized - Private Equity Realized - IPO Realized - Strategic Realized Realized - Strategic Realized - Public Markets Realized - IPO Realized - Strategic Realized - IPO Realized - Strategic Realized - Strategic We Combine Our Expertise With Your Capabilities We Combine Our Expertise With Your Capabilities We Combine Our Expertise With Your Capabilities We Combine Our Expertise With Your Capabilities We Combine Our Expertise With Your Capabilities Latest News December 1, 2025 Grenova Acquires PRI to Expand Engineering and Automation Capabilities December 1, 2025 Richmond, VA — November 18, 2025 — Grenova, a leading innovator in sustainable laboratory solutions, today announced the acquisition of Peak Robotics Inc. (PRI), a U.S.-based engineering company specializing in the design and manufacturing of robots and modular hardware for laboratory automation. This combination enhances Grenova’s ability to deliver automation-ready platforms and will accelerate PRI’s product development and commercial activity. Read more → December 1, 2025 October 27, 2025 Onpoint Healthcare Partners Launches Industry's First Practice Management as a Service (PMaaSTM) Model, Enhances Leadership Team to Accelerate Autonomous AI Market Leadership October 27, 2025 Dallas, TX – October 20, 2025 – Onpoint Healthcare Partners today announced the launch of its groundbreaking Practice Management as a Service (PMaaS) model, the industry's first fully autonomous AI-powered practice management solution—alongside a strategic leadership expansion and alignment that brings two proven healthcare operators and growth leaders to its executive team. Read more → October 27, 2025 July 21, 2025 Peloton Equity Announces Sale of Arcadia Solutions July 21, 2025 We are proud to share that Arcadia Solutions (“Arcadia”), a Peloton Equity (“Peloton”) portfolio company and a leader in healthcare data analytics, has entered into a strategic partnership with Nordic Capital, a leading global private equity investor. Nordic Capital will become the majority owner of Arcadia. The partnership marks a significant milestone for Arcadia and positions the company to continue scaling its capabilities and impact across the U.S. healthcare system. Read more → July 21, 2025 March 6, 2025 Ria Health Raises Growth Capital to Accelerate Access to Patient-Driven AUD Treatment March 6, 2025 Ria Health (“Ria” or the “Company”), a leading telehealth provider of evidence-based alcohol use disorder (AUD) treatment, today announced the closing of a Series B growth equity round led by Peloton Equity, LLC (“Peloton”), with participation from existing investors including SV Health Investors (“SV”), BPEA Private Equity, and SOSV. The Company will use the new capital to continue scaling its clinical model and payor coverage, accelerate investments in sales and marketing, and enhance Ria’s differentiated position as a value-add partner in the continuum of AUD care. Read more → March 6, 2025 June 28, 2024 Arcadia acquires CareJourney to enable high-performing networks and value-based care success June 28, 2024 Arcadia® (arcadia.io), a leading data platform for healthcare, announced today the acquisition of CareJourney®, a preeminent provider of clinically relevant healthcare data and AI-powered analytics and insights. This strategic acquisition blends Arcadia’s next-generation healthcare data platform, proprietary analytics, and workflow tools with CareJourney’s cost, quality, and benchmark data. CareJourney derives market-leading analytics from Medicare, Medicaid, Medicare Advantage, and Commercial claims data across more than 300 million beneficiaries and over 2 million providers nationwide. Payers, providers, and employers can use these actionable insights to accelerate growth and improve performance. Read more → June 28, 2024 January 25, 2024 Peloton Equity Leads Growth Investment in OnPoint Healthcare Partners January 25, 2024 Peloton Equity, LLC (“Peloton”), a Connecticut-based private equity firm that seeks to invest growth capital in innovative healthcare companies, announced today that it has closed an investment in OnPoint Healthcare Partners, Inc. (“OnPoint” or the “Company”), a fast-growing AI-enabled technology services provider that offers a suite of solutions to hospitals and medical groups designed to reduce physician burnout and improve administrative efficiencies. The investment is led by Peloton Equity, alongside participation from Fort Maitland Capital. The investment will be used to enable OnPoint to accelerate its product development roadmap, bolster its sales and marketing efforts, and strengthen the Company’s plauded customer service. Read more → January 25, 2024 August 29, 2023 AeroSafe Global Announces $43M Financing Round August 29, 2023 AeroSafe Global, the industry-leading cold chain solution provider, announced today the closure of a $43M funding round led by NewSpring, via NewSpring Healthcare, the Firm's dedicated, thesis-driven strategy focused on investing in companies that positively impact health outcomes across the care continuum. Existing blue chip healthcare investors, including Peloton Equity, Merck Global Health Innovation Fund, Hamilton Lane, Flexstone Partners, Wave Equity Partners, and Escalate Capital, also participated in the round. Read more → August 29, 2023 April 13, 2023 Arcadia raises $125 million in new financing from Vista Credit Partners April 13, 2023 Arcadia (Arcadia.io), a leading data analytics platform for healthcare, today announced $125 million in financing from Vista Credit Partners to accelerate platform innovation and company growth and further establish leadership position in healthcare data analytics. Read more → April 13, 2023 August 4, 2022 IDX, A Peloton Portfolio Company, Announces Closing Of Its Previously Announced Business Combination With L&F Acquisition Corp. and ZeroFox, Inc. August 4, 2022 ZeroFox, Inc., an enterprise software-as-a-service leader in external cybersecurity, today reported the closing of its previously announced business combination with L&F Acquisition Corp. (“L&F”), a special purpose acquisition company, and ID Experts Holdings, Inc. (“IDX”). Read more → August 4, 2022 March 21, 2022 Peloton Announces Growth Recapitalization of Grenova March 21, 2022 Peloton Equity is Partnering with Management and Other Investors to Recapitalize Grenova, a Leading Life Sciences Tools Company Focused on Creating More Sustainable Laboratory Operations. Read more → March 21, 2022 December 20, 2021 IDX, A Peloton Portfolio Company, Announces Plan to be Acquired by ZeroFox and Become Publicly Traded Company via Merger with L&F Acquisition Corp. December 20, 2021 Combination of ZeroFox and IDX will create the only public company solely focused on addressing the full lifecycle of external cyber threats and risks through the expansion of its industry-leading AI platform Read more → December 20, 2021 September 28, 2021 Peloton Equity Announces The Launch Of Journey Health & Lifestyle Brands September 28, 2021 Peloton Equity, LLC (“Peloton”) announced today that it recently entered into a partnership with a management team led by Harvey Diamond, Richard Kolodny, Mitchell Yoel and Charles Valentine to launch Journey Health & Lifestyle Brands (the “Company”). Read more → September 28, 2021 February 11, 2021 Peloton Equity Closes Fund II at $152.25 Million February 11, 2021 GREENWICH, Conn. -- Peloton Equity, LLC (“Peloton”), a healthcare-focused private equity firm, has closed its second fund Peloton Equity II, L.P. (“Fund II”) with $152.25 million in limited partner and general partner commitments. Read more → February 11, 2021 February 2, 2021 AeroCare Announces Completion of Acquisition by AdaptHealth February 2, 2021 Orlando, Florida — February 2, 2021 — AeroCare Holdings, Inc. (“AeroCare”) announced today that it has been acquired by AdaptHealth Corp. (NASDAQ: AHCO) (“AdaptHealth”). The acquisition was consummated for total consideration consisting of approximately $1.1 billion in cash and 31 million shares of AdaptHealth stock. Read more → February 2, 2021 January 21, 2021 Arcadia Congratulates Micky Tripathi on New Leadership Role as the National Coordinator for Health Information Technology with the Department of Health and Human Services January 21, 2021 BURLINGTON, Mass., Jan. 21, 2021 -- Arcadia, the leading population health management and healthcare intelligence platform company, congratulates Micky Tripathi, PhD, MPP, on his new leadership role as the National Coordinator for Health Information Technology (ONC) with the Department of Health and Human Services (HHS). Most recently, Tripathi served as Arcadia's Chief Alliance Officer and was responsible for developing strategic partnerships between Arcadia and other innovative companies to further accelerate the use of advanced technology to improve healthcare. Read more → January 21, 2021 January 19, 2021 HPOne Announces Addition of Key C-suite Executives, Builds on Strategic Objectives Following 2020 Growth Recapitalization January 19, 2021 TRUMBULL, Conn. -- HPOne, a leading sales and marketing organization operating across multiple segments of the Medicare and health insurance marketplaces, announces the addition of key executives including Chief Financial Officer Jon Pedersen and Chief Technology Officer Vineel Katipally. Both join the C-suite with Chief Marketing Officer Keira Krausz, who was named to the position in late 2020. All report to founder and Chief Executive Officer Bill Stapleton. Read more → January 19, 2021 December 1, 2020 AdaptHealth Corp. Announces Acquisition of National HME Provider AeroCare Holdings Inc. and Updates Financial Guidance For 2021 December 1, 2020 Plymouth Meeting, PA – December 1, 2020 – AdaptHealth Corp. (NASDAQ: AHCO) (“AdaptHealth” or the “Company”), a leading provider of home healthcare equipment, medical supplies to the home and related services in the United States, announced today that it has entered into a definitive agreement to acquire Orlando, Florida based AeroCare Holdings, Inc. (“AeroCare”). Read more → December 1, 2020 September 10, 2020 AeroSafe Global Announces Closing of Growth Financing Round September 10, 2020 Rochester, NY — September 10, 2020 — AeroSafe Global announced today the closing of a $47.5 million round of growth financing with participation from new investors Merck Global Health Innovation Fund (GHI) and Escalate Capital, along with existing investors Peloton Equity, LLC (Peloton), Hamilton Lane, Flexstone Partners and WAVE Equity Partners. Read more → September 10, 2020 August 18, 2020 ClearSky Health Announces New Inpatient Rehabilitation Hospital to Open in Flower Mound August 18, 2020 Austin, Texas — August 18, 2020 — ClearSky Health, a rehabilitative healthcare provider, today announced plans to open an inpatient rehabilitation hospital in Flower Mound, Texas. The opening of the facility is expected to create about 100 new, local healthcare-related jobs. Read more → August 18, 2020 June 22, 2020 HPOne Announces Growth Recapitalization June 22, 2020 Trumbull, Conn. — June 22, 2020 — HealthPlanOne, Inc. (“HPOne” or the “Company”), and Peloton Equity, LLC (“Peloton”) announced today that they have agreed to terms with Lightyear Capital LLC (“Lightyear”) for a recapitalization of the Company. Read more → June 22, 2020 May 20, 2020 ClearSky Health Announces New Inpatient Rehabilitation Hospital to Open in Rio Rancho May 20, 2020 Austin, Texas — May 20, 2020 — ClearSky Health, a rehabilitative healthcare provider, today announced plans to open an inpatient rehabilitation hospital in Rio Rancho, New Mexico. The opening of the facility is expected to create about 100 new, local healthcare-related jobs. Read more → May 20, 2020 May 14, 2020 Healthcare Executive and Investor COVID-19 Statement May 14, 2020 As senior executives of and investors in numerous growth oriented and entrepreneurial healthcare companies across the country dealing with hospitals, doctors, clinical services providers, device and pharma companies, insurers and most importantly patients, we are well aware of the pandemic’s impact on those most affected by COVID-19… Read more → May 14, 2020 December 13, 2019 Friday Health Plans Signs Agreements for $50 Million in Funding December 13, 2019 DENVER, Dec. 10, 2019 /PRNewswire/ -- Friday Health Plans, a Denver-based health insurance holding company, announced today that it has signed agreements that will provide up to $50 million of funding to the company. The funding from Peloton Equity and Leadenhall Capital… Read more → December 13, 2019 October 22, 2019 AeroCare Announces $100 Million New Investment October 22, 2019 Greenwich, Connecticut (October 22, 2019) – SkyKnight Capital (“SkyKnight”), a San Francisco based private equity firm, announced that it has made an investment into AeroCare Holdings, Inc. (“AeroCare” or the “Company”), a leading provider of home healthcare solutions focused on patients with chronic respiratory conditions… Read more → October 22, 2019 July 24, 2019 AeroSafe Global Announces $31.5 Million New Investment July 24, 2019 ROCHESTER, New York (July 24, 2019) – AeroSafe Global (AeroSafe) announced today that Peloton Equity, LLC (Peloton), accounts managed by Hamilton Lane, and certain existing investors including Flexstone Partners, have invested an aggregate of $31.5 million of growth capital in the company… Read more → July 24, 2019 April 29, 2019 Blue Wolf Capital and Peloton Equity Announce Launch of ClearSky Health April 29, 2019 New York, NY— April 29, 2019 — Blue Wolf Capital Partners, LLC (“Blue Wolf”) and Peloton Equity, LLC (“Peloton”) announced today that they have entered into a partnership with a management team led by Darby Brockette to launch ClearSky Health (“ClearSky”)… Read more → April 29, 2019 February 13, 2019 U.S. Office of Personnel Management Awards ID Experts® Identity Protection Services February 13, 2019 PORTLAND, Ore. – On December 21, 2018, the U.S. Office of Personnel Management (“OPM”) awarded a new Blanket Purchase Agreement (BPA) Call to ID Experts, to continue the provision of identity theft protection services to those individuals whose personal information may have been compromised in the 2015 cybersecurity incidents… Read more → February 13, 2019 January 5, 2017 Arcadia Healthcare Solutions Announces $30MM New Investment January 5, 2017 BURLINGTON, Massachusetts (January 5, 2017) – Arcadia Healthcare Solutions (""Arcadia"" or the ""Company"") announced today that the Merck Global Health Innovation Fund (""Merck GHI""), GE Ventures, and existing investors Peloton Equity, Zaffre Investments, and Morgan Stanley Alternative Investment Partners have invested $30 million of growth capital in the Company. Read more → January 5, 2017 August 18, 2016 Peloton Leads Investment in ID Experts August 18, 2016 PORTLAND, Ore.— August 18, 2016 — ID Experts, a leading provider of software and services for cyber breach and identity fraud protection, today announced that it has raised a $27.5 million round of equity funding. Healthcare private equity firm Peloton Equity… Read more → August 18, 2016 June 24, 2015 Arcadia Healthcare Solutions Acquires Leading Managed Care and ACO Implementation Provider Sage Technologies June 24, 2015 BURLINGTON, Massachusetts (June 24, 2015) -- Arcadia Healthcare Solutions, a leading Electronic Health Record (EHR) data aggregation and analytics technology company, today announced the acquisition of managed services and ACO implementation provider Sage Technologies. With 17 years of outsourced managed care operations, third party claims administration… Read more → June 24, 2015 Connect Get In Touch Peloton Equity66 Field Point Road2nd FloorGreenwich, CT 06830Telephone 203-532-8011Fax 203-532-8016ir@pelotonequity.com Our TeamPeloton’s investment team brings over 100 years of combined healthcare industry experience and more than 70 years in healthcare private equity. The firm’s founding partners have worked together for over 20 years, starting at Ferrer Freeman & Company, one of the pioneers in providing growth capital to healthcare companies. This deep experience forms the foundation of Peloton's expertise in building market-leading, strategically valuable healthcare businesses. Theodore (Ted) Lundberg Managing Partner Carlos Ferrer Founding Partner Justin Yang Partner Michael O'Rourke Partner Keith Longson Partner, Portfolio Value Creation Andrew Theiss Vice President Nicole Sansone Chief Financial Officer Michelle Larkins Accounting & Compliance Associate Lizzy Curland Vice President, Investor Relations Operating Partners Tom Bailey Kevin Hill Ted Hull II Albert Prast Advisory Board Leslie Norwalk Dr. Richard Bohmer Pat Ryan Scott Huennekens Eric Major | Peloton partners with management teams to build the infrastructure needed for scaling and to identify and optimize strategies for sustainable, strategic revenue growth. Our value creation playbook is shaped by decades of growth capital investing in the lower–middle-market. At the post-venture, pre-buyout stage where we invest, we believe that focusing on portfolio company revenue growth offers the most consistent and repeatable path to attractive equity returns. While each company and situation is different, we believe our value creation playbook (described below) creates opportunities for multiple expansion and provides a clear pathway to long-term growth. | Peloton partners with management teams to build the infrastructure needed for scaling and to identify and optimize strategies for sustainable, strategic revenue growth. Our value creation playbook is shaped by decades of growth capital investing in the lower–middle-market. At the post-venture, pre-buyout stage where we invest, we believe that focusing on portfolio company revenue growth offers the most consistent and repeatable path to attractive equity returns. | Peloton Equity (""Peloton"") is a growth capital investor with over 20 years of experience in healthcare. Founded in 2014 as the successor firm to Ferrer Freeman & Company, Peloton specializes in partnering with healthcare companies that have the right leadership, market potential, and business model to drive growth. By leveraging both our extensive healthcare network and disciplined investment approach, we aim to create lasting value for our portfolio companies. The name Peloton reflects our collaborative approach. Like a peloton of cyclists, we gain speed, strength, and efficiency by working closely with management teams to accelerate their company's growth and drive value creation. | Our TeamPeloton’s investment team brings over 100 years of combined healthcare industry experience and more than 70 years in healthcare private equity. The firm’s founding partners have worked together for over 20 years, starting at Ferrer Freeman & Company, one of the pioneers in providing growth capital to healthcare companies. This deep experience forms the foundation of Peloton's expertise in building market-leading, strategically valuable healthcare businesses. | Grenova Acquires PRI to Expand Engineering and Automation Capabilities Richmond, VA — November 18, 2025 — Grenova, a leading innovator in sustainable laboratory solutions, today announced the acquisition of Peak Robotics Inc. (PRI), a U.S.-based engineering company specializing in the design and manufacturing of robots and modular hardware for laboratory automation. This combination enhances Grenova’s ability to deliver automation-ready platforms and will accelerate PRI’s product development and commercial activity. “Becoming part of the Grenova family is an exciting opportunity for PRI and our team,” said Patrick Moreland, Vice President of Engineering at PRI. “Grenova’s vision for sustainable automation in the lab aligns perfectly with what we’ve built at PRI: precision-engineered hardware designed to make lab workflows more efficient and adaptable. Together, we’ll push the boundaries of what’s possible in laboratory automation and deliver real, measurable impact for our customers.” This collaboration allows both PRI and Grenova to offer customers a stronger foundation of automated systems and components that can be easily configured and adapted to meet diverse laboratory needs. PRI will support product development, hardware design, and the creation of configurable automation building blocks. Together, the combined organization will continue advancing Grenova’s mission to transform laboratory operations through innovation, sustainability, and intelligent design. “This acquisition underscores Grenova’s commitment to building a platform of complementary capabilities that enhance our automation strategy and expand our technical capacity,” said Ted Hull, Chairman of the Board at Grenova. “We are very excited about the growth opportunity created by bringing together PRI’s expertise in precision hardware and robotics and Grenova’s experience in providing efficient and sustainable laboratory solutions.” About Grenova Grenova® (grenova.com) is a sustainability company dedicated to revolutionizing the life sciences industry by drastically reducing waste through the washing and reuse of consumable plastics. Grenova empowers laboratories worldwide to adopt eco-friendly solutions that enhance operational efficiency and maximize sustainability impact. The company is committed to providing solutions that lower carbon footprints and reduce waste. About Peak Robotics (PRI) PRI specializes in the design and manufacturing of collaborative robots, instruments, and complementary hardware for laboratory automation systems. Its portfolio includes the KX2 collaborative robot, D-LID, and S-LAB plate stacker, offering cost-efficient, integration-ready solutions for labware handling. PRI’s mission is to empower engineers in life sciences with reliable, easy-to-use, and digitally integrated products that enhance productivity and simplify even the most complex manual workflows. Michael O'RourkeDecember 1, 2025 | Richmond, VA — November 18, 2025 — Grenova, a leading innovator in sustainable laboratory solutions, today announced the acquisition of Peak Robotics Inc. (PRI), a U.S.-based engineering company specializing in the design and manufacturing of robots and modular hardware for laboratory automation. This combination enhances Grenova’s ability to deliver automation-ready platforms and will accelerate PRI’s product development and commercial activity. “Becoming part of the Grenova family is an exciting opportunity for PRI and our team,” said Patrick Moreland, Vice President of Engineering at PRI. “Grenova’s vision for sustainable automation in the lab aligns perfectly with what we’ve built at PRI: precision-engineered hardware designed to make lab workflows more efficient and adaptable. Together, we’ll push the boundaries of what’s possible in laboratory automation and deliver real, measurable impact for our customers.” This collaboration allows both PRI and Grenova to offer customers a stronger foundation of automated systems and components that can be easily configured and adapted to meet diverse laboratory needs. PRI will support product development, hardware design, and the creation of configurable automation building blocks. Together, the combined organization will continue advancing Grenova’s mission to transform laboratory operations through innovation, sustainability, and intelligent design. “This acquisition underscores Grenova’s commitment to building a platform of complementary capabilities that enhance our automation strategy and expand our technical capacity,” said Ted Hull, Chairman of the Board at Grenova. “We are very excited about the growth opportunity created by bringing together PRI’s expertise in precision hardware and robotics and Grenova’s experience in providing efficient and sustainable laboratory solutions.” About Grenova Grenova® (grenova.com) is a sustainability company dedicated to revolutionizing the life sciences industry by drastically reducing waste through the washing and reuse of consumable plastics. Grenova empowers laboratories worldwide to adopt eco-friendly solutions that enhance operational efficiency and maximize sustainability impact. The company is committed to providing solutions that lower carbon footprints and reduce waste. About Peak Robotics (PRI) PRI specializes in the design and manufacturing of collaborative robots, instruments, and complementary hardware for laboratory automation systems. Its portfolio includes the KX2 collaborative robot, D-LID, and S-LAB plate stacker, offering cost-efficient, integration-ready solutions for labware handling. PRI’s mission is to empower engineers in life sciences with reliable, easy-to-use, and digitally integrated products that enhance productivity and simplify even the most complex manual workflows. | “This acquisition underscores Grenova’s commitment to building a platform of complementary capabilities that enhance our automation strategy and expand our technical capacity,” said Ted Hull, Chairman of the Board at Grenova. “We are very excited about the growth opportunity created by bringing together PRI’s expertise in precision hardware and robotics and Grenova’s experience in providing efficient and sustainable laboratory solutions.” | Richmond, VA — November 18, 2025 — Grenova, a leading innovator in sustainable laboratory solutions, today announced the acquisition of Peak Robotics Inc. (PRI), a U.S.-based engineering company specializing in the design and manufacturing of robots and modular hardware for laboratory automation. This combination enhances Grenova’s ability to deliver automation-ready platforms and will accelerate PRI’s product development and commercial activity. | Grenova® (grenova.com) is a sustainability company dedicated to revolutionizing the life sciences industry by drastically reducing waste through the washing and reuse of consumable plastics. Grenova empowers laboratories worldwide to adopt eco-friendly solutions that enhance operational efficiency and maximize sustainability impact. The company is committed to providing solutions that lower carbon footprints and reduce waste. | Peloton Equity Leads Growth Investment in OnPoint Healthcare Partners Growth Capital Proceeds to Fund Continued Technology Development and Accelerate the Company’s Sales and Marketing and Client Services EffortsPeloton Equity Led the Round and Is Joined by Fort Maitland CapitalDALLAS -- Peloton Equity, LLC (“Peloton”), a Connecticut-based private equity firm that seeks to invest growth capital in innovative healthcare companies, announced today that it has closed an investment in OnPoint Healthcare Partners, Inc. (“OnPoint” or the “Company”), a fast-growing AI-enabled technology services provider that offers a suite of solutions to hospitals and medical groups designed to reduce physician burnout and improve administrative efficiencies. The investment is led by Peloton Equity, alongside participation from Fort Maitland Capital. The investment will be used to enable OnPoint to accelerate its product development roadmap, bolster its sales and marketing efforts, and strengthen the Company’s plauded customer service.Founded in 2020 by Jim Boswell (CEO) and Rodney Haynes (COO), OnPoint leverages proprietary AI-enabled technology, a global team of physicians and change management guidance to deliver solutions that reduce the administrative burden of “desktop medicine” facing healthcare practitioners across the country. OnPoint equips providers with tools to maximize and optimize the time they spend caring for their patients.“We are thrilled to be partnering with Peloton to help OnPoint capitalize on the massive and unmet need to support providers in an increasingly complicated environment,” said CEO Jim Boswell. “Peloton’s expertise and network will help us expand our reach while maintaining the level of quality and partnership that we pride ourselves on.”“Peloton seeks to partner with innovative companies like OnPoint that make a business out of improving healthcare,” said Justin Yang, Partner at Peloton Equity. “We view the growth of the administrative burden on today’s doctors and their employers as an unsustainable trend and a primary driver of cost and provider burnout.”Sean Carroll, Operating Partner at Peloton added, “We believe OnPoint’s proprietary AI-enabled technology, unique service approach and operational 'know-how' position them to tackle this issue head-on. We are very excited to work with Jim, Rodney and the rest of the management team to support OnPoint’s next phase of growth.”With this funding round, Sean Carroll and Justin Yang with Peloton and Michael Clark, President of RAAPID.AI will join the board of directors.Goodwin Procter LLP acted as legal advisor to Peloton and Withers Bergman LLP acted as legal advisor to the Company. Hyde Park Capital Advisors, LLC served as the exclusive financial advisor to OnPoint with respect to this transaction.About OnPointFounded in 2020, OnPoint Healthcare Partners is a fast-growing tech-enabled services provider that offers a suite of solutions that address physician burnout and optimize the financial and operational efficiency of provider organizations. OnPoint’s mission is to improve the quality of care by allowing providers to focus on delivering care to their patients. OnPoint’s solutions include the preparation for and documentation of patient visits, follow-up management, coding and RCM, among others. The Company’s unique workforce is empowered by its proprietary cloud-based technology ecosystem (“IRIS Cloud”), which includes Remote Process Automation and Artificial Intelligence capabilities. This combination of technology and people enables OnPoint to partner with their customers at the point of highest-need, while managing the roll-out of new products and processes. For more information, visit OnPoint.About Peloton EquityPeloton Equity, LLC (pelotonequity.com) is a private equity firm focused exclusively on growth capital investments in the healthcare industry. Peloton was formed in 2014 as the successor firm to Ferrer Freeman & Company (“FFC”) and invests in companies with between $10 million and $200 million of revenue that have the management team, market opportunity and business model to grow revenues significantly over the life of its investment. Peloton seeks to be a significant investor in companies with high-growth potential, driven by a clear value proposition to the healthcare industry. Peloton’s investment team has invested in over 35 unique healthcare companies and has deployed over $800 million in capital. Recent investments include AeroSafe Global, ClearSky Health, Arcadia and AeroCare Holdings.About Fort Maitland CapitalFormed in 2022 by Stephen Griggs, Fort Maitland Capital is a private equity firm focused on making investments in healthcare companies, and Central Florida-based real estate. Steve Griggs is an accomplished entrepreneur and executive with 30+ years experience in the healthcare industry. He is the founder and former CEO of AeroCare Holdings, a home medical equipment and respiratory therapy services company that was sold to AdaptHealth (NASDAQ: AHCO) in 2021 for over $1.5Bn. Steve also served as CEO of AdaptHealth from 2021-2023. Michael O'RourkeJanuary 25, 2024 | Growth Capital Proceeds to Fund Continued Technology Development and Accelerate the Company’s Sales and Marketing and Client Services EffortsPeloton Equity Led the Round and Is Joined by Fort Maitland CapitalDALLAS -- Peloton Equity, LLC (“Peloton”), a Connecticut-based private equity firm that seeks to invest growth capital in innovative healthcare companies, announced today that it has closed an investment in OnPoint Healthcare Partners, Inc. (“OnPoint” or the “Company”), a fast-growing AI-enabled technology services provider that offers a suite of solutions to hospitals and medical groups designed to reduce physician burnout and improve administrative efficiencies. The investment is led by Peloton Equity, alongside participation from Fort Maitland Capital. The investment will be used to enable OnPoint to accelerate its product development roadmap, bolster its sales and marketing efforts, and strengthen the Company’s plauded customer service.Founded in 2020 by Jim Boswell (CEO) and Rodney Haynes (COO), OnPoint leverages proprietary AI-enabled technology, a global team of physicians and change management guidance to deliver solutions that reduce the administrative burden of “desktop medicine” facing healthcare practitioners across the country. OnPoint equips providers with tools to maximize and optimize the time they spend caring for their patients.“We are thrilled to be partnering with Peloton to help OnPoint capitalize on the massive and unmet need to support providers in an increasingly complicated environment,” said CEO Jim Boswell. “Peloton’s expertise and network will help us expand our reach while maintaining the level of quality and partnership that we pride ourselves on.”“Peloton seeks to partner with innovative companies like OnPoint that make a business out of improving healthcare,” said Justin Yang, Partner at Peloton Equity. “We view the growth of the administrative burden on today’s doctors and their employers as an unsustainable trend and a primary driver of cost and provider burnout.”Sean Carroll, Operating Partner at Peloton added, “We believe OnPoint’s proprietary AI-enabled technology, unique service approach and operational 'know-how' position them to tackle this issue head-on. We are very excited to work with Jim, Rodney and the rest of the management team to support OnPoint’s next phase of growth.”With this funding round, Sean Carroll and Justin Yang with Peloton and Michael Clark, President of RAAPID.AI will join the board of directors.Goodwin Procter LLP acted as legal advisor to Peloton and Withers Bergman LLP acted as legal advisor to the Company. Hyde Park Capital Advisors, LLC served as the exclusive financial advisor to OnPoint with respect to this transaction.About OnPointFounded in 2020, OnPoint Healthcare Partners is a fast-growing tech-enabled services provider that offers a suite of solutions that address physician burnout and optimize the financial and operational efficiency of provider organizations. OnPoint’s mission is to improve the quality of care by allowing providers to focus on delivering care to their patients. OnPoint’s solutions include the preparation for and documentation of patient visits, follow-up management, coding and RCM, among others. The Company’s unique workforce is empowered by its proprietary cloud-based technology ecosystem (“IRIS Cloud”), which includes Remote Process Automation and Artificial Intelligence capabilities. This combination of technology and people enables OnPoint to partner with their customers at the point of highest-need, while managing the roll-out of new products and processes. For more information, visit OnPoint.About Peloton EquityPeloton Equity, LLC (pelotonequity.com) is a private equity firm focused exclusively on growth capital investments in the healthcare industry. Peloton was formed in 2014 as the successor firm to Ferrer Freeman & Company (“FFC”) and invests in companies with between $10 million and $200 million of revenue that have the management team, market opportunity and business model to grow revenues significantly over the life of its investment. Peloton seeks to be a significant investor in companies with high-growth potential, driven by a clear value proposition to the healthcare industry. Peloton’s investment team has invested in over 35 unique healthcare companies and has deployed over $800 million in capital. Recent investments include AeroSafe Global, ClearSky Health, Arcadia and AeroCare Holdings.About Fort Maitland CapitalFormed in 2022 by Stephen Griggs, Fort Maitland Capital is a private equity firm focused on making investments in healthcare companies, and Central Florida-based real estate. Steve Griggs is an accomplished entrepreneur and executive with 30+ years experience in the healthcare industry. He is the founder and former CEO of AeroCare Holdings, a home medical equipment and respiratory therapy services company that was sold to AdaptHealth (NASDAQ: AHCO) in 2021 for over $1.5Bn. Steve also served as CEO of AdaptHealth from 2021-2023. | DALLAS -- Peloton Equity, LLC (“Peloton”), a Connecticut-based private equity firm that seeks to invest growth capital in innovative healthcare companies, announced today that it has closed an investment in OnPoint Healthcare Partners, Inc. (“OnPoint” or the “Company”), a fast-growing AI-enabled technology services provider that offers a suite of solutions to hospitals and medical groups designed to reduce physician burnout and improve administrative efficiencies. The investment is led by Peloton Equity, alongside participation from Fort Maitland Capital. The investment will be used to enable OnPoint to accelerate its product development roadmap, bolster its sales and marketing efforts, and strengthen the Company’s plauded customer service. | About OnPointFounded in 2020, OnPoint Healthcare Partners is a fast-growing tech-enabled services provider that offers a suite of solutions that address physician burnout and optimize the financial and operational efficiency of provider organizations. OnPoint’s mission is to improve the quality of care by allowing providers to focus on delivering care to their patients. OnPoint’s solutions include the preparation for and documentation of patient visits, follow-up management, coding and RCM, among others. The Company’s unique workforce is empowered by its proprietary cloud-based technology ecosystem (“IRIS Cloud”), which includes Remote Process Automation and Artificial Intelligence capabilities. This combination of technology and people enables OnPoint to partner with their customers at the point of highest-need, while managing the roll-out of new products and processes. For more information, visit OnPoint. | Sean Carroll, Operating Partner at Peloton added, “We believe OnPoint’s proprietary AI-enabled technology, unique service approach and operational 'know-how' position them to tackle this issue head-on. We are very excited to work with Jim, Rodney and the rest of the management team to support OnPoint’s next phase of growth.”","https://www.pelotonequity.com, https://www.pelotonequity.com/news/2025/12/1/grenova-acquires-pri-to-expand-engineering-and-automation-capabilities, https://www.pelotonequity.com/news/peloton-equity-leads-growth-investment-in-onpoint-healthcare-partners"
www.wcas.com,"News & Perspectives SEE MORE News News by WCAS February 20, 2026 WCAS Portfolio Company Absorb Software Named to G2’s 2026 Top 100 Global Software Companies New York, NY, February 20, 2026 – WCAS portfolio company Absorb Software has been named to G2’s 2026 Best Software Awards 01 News News by WCAS January 27, 2026 Lumexa Imaging Announces Pricing of Initial Public Offering RALEIGH, NORTH CAROLINA, (DECEMBER 10, 2025) - Lumexa Imaging Holdings, Inc. (“Lumexa Imaging”) announced today the pricing of its initial 02 News News by WCAS September 16, 2025 Welsh, Carson, Anderson & Stowe Welcomes Gene Lockhart as Operating Partner New York, NY – September 16th, 2025 – Welsh, Carson, Anderson & Stowe (WCAS), a leading private equity firm focused 03 News News by WCAS August 11, 2025 GovCIO, a Welsh, Carson, Anderson & Stowe Company, to Acquire SoldierPoint Digital Health, LLC Fairfax, VA – GovCIO, a leading provider of advanced technology solutions and services for the federal government with over 3,300 04 News News by WCAS July 31, 2025 TrueCommerce Names Bill Glass as CEO, Marking New Phase of Growth and Innovation Ray Greer Named Chairman of the Board; Kimberly Williams Joins Board of Directors PITTSBURGH (July 8, 2025) – TrueCommerce, a WCAS portfolio 05 News News by WCAS July 29, 2025 WCAS Portfolio Company EquiLend Acquires Trading Apps to Advance Front-Office Automation Trading Apps’ tools and trade messaging service strengthen EquiLend’s automation across the full trade lifecycle New York — [July 29, 06 | News News by WCAS February 20, 2026 WCAS Portfolio Company Absorb Software Named to G2’s 2026 Top 100 Global Software Companies New York, NY, February 20, 2026 – WCAS portfolio company Absorb Software has been named to G2’s 2026 Best Software Awards 01 News News by WCAS January 27, 2026 Lumexa Imaging Announces Pricing of Initial Public Offering RALEIGH, NORTH CAROLINA, (DECEMBER 10, 2025) - Lumexa Imaging Holdings, Inc. (“Lumexa Imaging”) announced today the pricing of its initial 02 News News by WCAS September 16, 2025 Welsh, Carson, Anderson & Stowe Welcomes Gene Lockhart as Operating Partner New York, NY – September 16th, 2025 – Welsh, Carson, Anderson & Stowe (WCAS), a leading private equity firm focused 03 News News by WCAS August 11, 2025 GovCIO, a Welsh, Carson, Anderson & Stowe Company, to Acquire SoldierPoint Digital Health, LLC Fairfax, VA – GovCIO, a leading provider of advanced technology solutions and services for the federal government with over 3,300 04 News News by WCAS July 31, 2025 TrueCommerce Names Bill Glass as CEO, Marking New Phase of Growth and Innovation Ray Greer Named Chairman of the Board; Kimberly Williams Joins Board of Directors PITTSBURGH (July 8, 2025) – TrueCommerce, a WCAS portfolio 05 News News by WCAS July 29, 2025 WCAS Portfolio Company EquiLend Acquires Trading Apps to Advance Front-Office Automation Trading Apps’ tools and trade messaging service strengthen EquiLend’s automation across the full trade lifecycle New York — [July 29, 06 | Forming ongoing partnerships with leading management teams in Technology and Healthcare | Forming ongoing partnerships with leading management teams in Technology and Healthcare | Over four decades and 18 funds strong, WCAS has relentlessly partnered with industry leaders in Healthcare and Technology, working to reshape landscapes and drive growth.",https://www.wcas.com
www.oneequity.com,"TransformationalCombinationsCombination StoriesSelect StoriesCombination StoryCarve-out of specialty HVAC equipment services businessWheeling, ILResoluteCombination StoryCreating a leading regional player in non-medical homecare and home health services Valley Stream, NYSimpluraCombination StoryBuilding a pan-European player in sustainable packaging and technical laminatesEspoo, FinlandWalkiCombination StorySimultaneous merger to create engineered automation equipment and solutions platform for wood processingWoodland, WAWood TechnologiesBuilding valuable relationships with successful business owners, since 2001.We invest in middle market businesses across the industrial, healthcare and technology sectors in North America and Europe.About UsA disciplined, thematic and proactive approach to building valuable relationships.$13.5B+Capital investedLasting relationships start with teamwork, moving together as one.125+Platform InvestmentsSuccess through a strong culture and shared mission.Our team is defined by commitment and integrity for the task. These values guide our decision-making throughout the investment lifecycle. Our TeamCommitted to positively impacting the community.We believe that nurturing future leaders starts with inspiring strength, commitment and patience. ResponsibilityBluWave 2026 Top PE Innovator Award(Link opens in new window)2025 Best Places to Work Award v2(Link opens in new window)Walki Deal of the Year v2(Link opens in new window)WebAward(Link opens in new window)Previous SlideNext SlideBluWave Top Private Equity Innovator Award: Winners were selected by a cross-functional committee that assessed candidates in consultation with a broad universe of limited partners, investment bankers, industry thought leaders, and service providers in the private equity ecosystem. OEP did not provide compensation for this award. Mergers & Acquisitions’ Best Places to Work Award: Winners selected after nominees were asked to detail how they set themselves apart from their competitors in areas such as work-life balance, training, career growth, retention and compensation/benefit packages. Nominees were also asked to share how their organization makes an impact at the firm and/or portfolio companies including ESG, diversity, gender equality and philanthropy initiatives. OEP did not provide compensation for this award. PE Hub Deal of the Year: Mid-Cap Europe: Winners selected after nominees were asked to detail how they set themselves apart from their competitors in areas such as deal origination, innovation, financing structure, operational improvements, exit strategy, and alignment with key dealmaking trends for the year. OEP did not provide compensation for this award. Best Investment Website: Winners selected after nominees were asked to detail how they set themselves apart from their competitors in areas such as design, innovation, content, technology, interactivity, copywriting, and ease of use. OEP did not provide compensation for this award. 07.16.26One Equity Partners Agrees to Acquire EPIC Piping06.01.26One Equity Partners Acquires Leviat04.23.26One Equity Partners Completes Sale of its Stake in Armis | BluWave Top Private Equity Innovator Award: Winners were selected by a cross-functional committee that assessed candidates in consultation with a broad universe of limited partners, investment bankers, industry thought leaders, and service providers in the private equity ecosystem. OEP did not provide compensation for this award. Mergers & Acquisitions’ Best Places to Work Award: Winners selected after nominees were asked to detail how they set themselves apart from their competitors in areas such as work-life balance, training, career growth, retention and compensation/benefit packages. Nominees were also asked to share how their organization makes an impact at the firm and/or portfolio companies including ESG, diversity, gender equality and philanthropy initiatives. OEP did not provide compensation for this award. PE Hub Deal of the Year: Mid-Cap Europe: Winners selected after nominees were asked to detail how they set themselves apart from their competitors in areas such as deal origination, innovation, financing structure, operational improvements, exit strategy, and alignment with key dealmaking trends for the year. OEP did not provide compensation for this award. Best Investment Website: Winners selected after nominees were asked to detail how they set themselves apart from their competitors in areas such as design, innovation, content, technology, interactivity, copywriting, and ease of use. OEP did not provide compensation for this award. | Mergers & Acquisitions’ Best Places to Work Award: Winners selected after nominees were asked to detail how they set themselves apart from their competitors in areas such as work-life balance, training, career growth, retention and compensation/benefit packages. Nominees were also asked to share how their organization makes an impact at the firm and/or portfolio companies including ESG, diversity, gender equality and philanthropy initiatives. OEP did not provide compensation for this award. | Combination StoryCarve-out of specialty HVAC equipment services businessWheeling, ILResoluteCombination StoryCreating a leading regional player in non-medical homecare and home health services Valley Stream, NYSimpluraCombination StoryBuilding a pan-European player in sustainable packaging and technical laminatesEspoo, FinlandWalkiCombination StorySimultaneous merger to create engineered automation equipment and solutions platform for wood processingWoodland, WAWood Technologies | We invest in middle market businesses across the industrial, healthcare and technology sectors in North America and Europe. | AboutThe team mindset is a core pillar of our culture and investment approach.Since our founding in 2001, One Equity has consistently applied a disciplined, thematic and proactive approach to building relationships with successful business owners and operators.We believe in the power of culture-driven success. Open Video Modal Watch how strength, determination and patience help us realize long-term goals.Perseverance No Matter the CircumstanceStay Open-MindedGreat Ideas Can Come From AnyoneLong Term Goal OrientationContinuous ImprovementMake Those Around You BetterShow Up Every DayWork, Play, and Win as a TeamWe aim to transform businesses into strategic market leaders.We believe in providing our management partners the freedom to be entrepreneurial, and in working together for shared outcomes. Our ApproachCommitted to positively impacting the community.One Equity is committed to conducting business in a safe, responsible and ethical manner. Together as a team, and as individuals, we aim to benefit all constituents while making a positive impact on communities. Responsibility2024Launched OEP IX fundraise, which closed at $3.25 billion2021Launched OEP VIII fundraise, which closed at $2.75 billion2018Launched OEP VII fundraise, which closed at $1.75 billion2015Launched OEP VI fundraise, OEP’s first independent fund, which closed at $1.65 billion2015OEP spun out from JP Morgan to become independent and completed Spinout Fund transaction2004Bank One merger with JP Morgan2001OEP FoundedPrevious SlideNext Slide | Since our founding in 2001, One Equity has consistently applied a disciplined, thematic and proactive approach to building relationships with successful business owners and operators. | Since our founding in 2001, One Equity has consistently applied a disciplined, thematic and proactive approach to building relationships with successful business owners and operators. | We believe in providing our management partners the freedom to be entrepreneurial, and in working together for shared outcomes. | We believe in providing our management partners the freedom to be entrepreneurial, and in working together for shared outcomes.","https://www.oneequity.com, https://www.oneequity.com/about-us"
www.arlingtoncap.com,"Washington, D.C-based private equity firm with over $14 billion of committed capital and extensive experience investing in industries that serve or are regulated by the government. Aerospace & DefenseLearn More Government Services & TechnologyLearn More HealthcareLearn More Business Services & SoftwareLearn More Key Investment Statistics~200Total Transactions 25Active Portfolio Companies $8B+Total Capital Invested $14BCommitted Capital Latest News Aerospace & DefenseGovernment Services & TechnologyHealthcareBusiness Services & Software July 08, 2026 Tyto Athene Names Andrew L. Boyd Chief Executive Officer Read More July 07, 2026 Arlington Capital Partners Launches Highwater, a Global Naval Services Platform, and Announces Add-On Acquisition of AMP United Read More June 22, 2026 Radius Aerospace, an Arlington Capital Partners Portfolio Company, Appoints Aerospace and Defense Executive Tyler Evans as CEO Read More June 10, 2026 Arlington Capital Partners to Sell Riverpoint Medical to Novanta Read More April 30, 2026 Arlington Capital Acquires Nuclear Engineering Firm Enercon Read More July 07, 2026 Arlington Capital Partners Launches Highwater, a Global Naval Services Platform, and Announces Add-On Acquisition of AMP United Read More June 22, 2026 Radius Aerospace, an Arlington Capital Partners Portfolio Company, Appoints Aerospace and Defense Executive Tyler Evans as CEO Read More March 23, 2026 Arlington Capital Partners To Acquire Eptec Defence Read More March 02, 2026 Arlington Capital Partners Completes Sale of Forged Solutions Group Read More January 02, 2026 Arlington Capital Partners Enters into Definitive Agreement to Sell Tex-Tech Industries to Michelin Read More April 30, 2026 Arlington Capital Acquires Nuclear Engineering Firm Enercon Read More April 29, 2026 Arlington Capital Partners Acquires ENERCON and Completes Merger With Its Portfolio Company POND Read More March 19, 2026 Neumo, an Arlington Capital Partners Portfolio Company, Appoints Matt Coury as CEO Read More January 15, 2026 TRP Infrastructure Services, an Arlington Capital Partners Portfolio Company, Announces Acquisition of Striping Technology Read More January 12, 2026 Arlington Capital Partners Acquires Pond & Company Read More June 10, 2026 Arlington Capital Partners to Sell Riverpoint Medical to Novanta Read More October 01, 2025 Arlington Capital Partners Announces Majority Growth Investment in CBSET Read More September 17, 2025 TEAM Technologies, an Arlington Capital Partners Portfolio Company, Acquires TAG3 Engineering to Expand Medical Device Design and Development Capabilities Read More September 02, 2025 Grand River Aseptic Manufacturing, an Arlington Capital Partners Portfolio Company, Appoints Denis Johnson as CEO Read More August 06, 2025 AVS Bio, an Arlington Capital Partners Portfolio Company, Expands Antibody Discovery and Protein Production Capabilities with Acquisition of ImmunoPrecise Antibodies Europe from ImmunoPrecise Antibodies Ltd. Read More November 18, 2019 Arlington Capital Partners Agrees to Sell Quantum Spatial to NV5 Global, Inc. for $303 Million Read More June 26, 2018 Arlington Capital Partners Has Sold Zemax, Global Leader in Optical and Illumination Design Software, to EQT Read More August 04, 2016 Arlington Capital Partners Closes Oversubscribed Fourth Fund at its Hard Cap of $700 Million Read More October 24, 2014 Arlington Capital Partners Announces the Acquisition of Zemax Read More August 11, 2014 Arlington Capital Partners Announces the Sale of Virgo Holdings to Informa, PLC Read More | Washington, D.C-based private equity firm with over $14 billion of committed capital and extensive experience investing in industries that serve or are regulated by the government. | Washington, D.C-based private equity firm with over $14 billion of committed capital and extensive experience investing in industries that serve or are regulated by the government. | An Investment Firm with Unrivaled Expertise in Regulated Industries | An Investment Firm with Unrivaled Expertise in Regulated Industries",https://www.arlingtoncap.com
www.kirtlandcapital.com,Experience Our team has the relevant experience to help businesses grow and navigate through varying economic cycles Partnership Our commitment to building strong partnerships is at the core of our investment philosophy Flexibility Our flexible approach allows us to creatively structure solutions for a variety of investment opportunities | Our commitment to building strong partnerships is at the core of our investment philosophy,https://www.kirtlandcapital.com
www.greathillpartners.com,"Jun 23, 2026Woof Gang Bakery & Grooming Secures Strategic Growth Investment from Great Hill Partners | Woof Gang Bakery & Grooming Secures Strategic Growth Investment from Great Hill Partners | We are currently investing a $4.65 billion fund targeting exceptional high-growth companies.About Us | Jun 12, 2026Great Hill Partners Names Lauren Reddy as Head of People | Partnering with exceptional teams who are transforming the way we live and work Providing deep domain expertise and strategic counsel across our five core sectors of focus Utilizing tested value creation strategies to accelerate company growth and enhance strategic value We are pragmatic, hard-working, humble, and collaborative partners | “Elevated Our Game”When you combine capital with expert guidance, extensive industry networks, and deep engagement from GHP Growth Partners, the results are transformational.- Hassan Rifaat, Former CEO, & Executive Chairman, Vatica | When you combine capital with expert guidance, extensive industry networks, and deep engagement from GHP Growth Partners, the results are transformational. | For the past five years, we have earned a top spot on the HEC Paris–Dow Jones Performance Rankings of approximately 600 private equity firms globally. We have also been named to Inc. Magazine’s Founder-Friendly Investors list for the second consecutive year, which highlights firms known for building lasting, collaborative partnerships with entrepreneurs. We are proud of these achievements, which are a testament to the strength of our approach and strategy, as well as the remarkable talent across both our firm and portfolio companies. | For the past five years, we have earned a top spot on the HEC Paris–Dow Jones Performance Rankings of approximately 600 private equity firms globally. We have also been named to Inc. Magazine’s Founder-Friendly Investors list for the second consecutive year, which highlights firms known for building lasting, collaborative partnerships with entrepreneurs. We are proud of these achievements, which are a testament to the strength of our approach and strategy, as well as the remarkable talent across both our firm and portfolio companies. | Joins Garnett Station Partners to Support the Next Phase of Growth for North America’s Leading Pet Services Franchise Woof Gang Bakery & Grooming (“Woof Gang” or the “Company”), a leading pet grooming and specialty retail franchise concept, today announced a growth investment from Great Hill Partners (“Great Hill”), a Boston-based investment firm with a long track record of partnering with category-defining businesses to accelerate their growth. Great Hill joins existing investor Garnett Station Partners who remains a significant and committed partner to Woof Gang’s continued growth. Financial terms of the transaction were not disclosed. Great Hill’s investment and partnership is designed to build on Woof Gang’s strong existing momentum by deepening franchisee support infrastructure, expanding into new markets, and investing in the digital marketing capabilities needed to drive national brand awareness. Founded in 2007, Woof Gang provides personalized, salon-style grooming experiences and a curated retail offering to pet owners nationwide. Woof Gang operates a national franchise network across 36 states, giving franchisees the tools, operational infrastructure, and training needed to build high-growth, resilient businesses in their local communities. Consistently recognized as a top-rated franchise by Entrepreneur and the Franchise Times, Woof Gang has more than doubled its footprint since 2022, expanding to more than 450 franchisee locations open or under development across the United States. “We believe we are still in the early innings of expanding Woof Gang to serve pet parents across North America,” said Ricardo Azevedo, Chief Executive Officer of Woof Gang Bakery & Grooming. “We are the largest brand of our kind in the country, and the whitespace ahead of us is tremendous. Partnering with Great Hill gives us additional resources and expertise to leverage the strength of our existing platform as we continue opening stores alongside passionate, well-trained franchisees who share our commitment to making every pet feel loved. We are in an even stronger position to bring the Woof Gang Way to more communities across North America.” “What attracted us to Woof Gang is the quality of what has already been built: a differentiated brand with a loyal customer following, a franchisee network generating some of the strongest unit-level returns in the industry, and a world class management team,” said David Roberts, Managing Director at Great Hill Partners. “We are excited to partner with Ricardo, the management team, and Garnett Station as Woof Gang continues to realize its full potential as a category-defining name in pet services.” “Garnett Station was the first outside capital partner for Woof Gang in 2022, committing to a long-term growth investment. We knew that a strong brand and offering in the pet category – with visionary founders and an experienced management team – had tremendous potential for growth. After doubling its footprint and expanding into 36 states, Woof Gang is on its way towards becoming a true national brand. We are pleased to partner with Great Hill and the management team to accelerate momentum and realize the full potential of this exceptional business,” said David Dragich, Managing Director at Garnett Station. In connection with the partnership, David Roberts, Managing Director at Great Hill, and Douglas Wigley, Vice President at Great Hill, will join Woof Gang’s Board of Directors. They will serve alongside CEO Ricardo Azevedo and Garnett Station Partners. Harris Williams served as exclusive financial advisor to Great Hill; Paul Hastings LLP acted as legal counsel to Great Hill; Willkie Farr & Gallagher LLP acted as legal counsel to Woof Gang. About Woof GangFounded in 2007, Woof Gang Bakery & Grooming is the leading pet grooming and specialty retail franchise in North America, with more than 450 locations open or under development across the United States. At its core, Woof Gang is redefining the grooming industry through a personalized, salon-style experience built on safety, care, and love. Beyond grooming, Woof Gang offers exclusive gourmet treats, premium pet food, and curated supplies that enhance the health, happiness, and well-being of pets. Woof Gang has been recognized as a Top 10 Retailer by Pet Business Media and one of the nation’s fastest-growing pet chains by Pet Insight Magazine. The franchise has received the Retailer of the Year Franchise Award from Pet Product News, the Best Overall Multi-Unit Retailer and Multiservice Excellence Award from Pet Business Media and was recently ranked on Entrepreneur’s 45th Annual Franchise 500® for the second consecutive year. In 2025, Woof Gang was also named to Entrepreneur’s Fastest-Growing Franchises list and secured a spot in the Franchise Times Top 400 for the fourth consecutive year. About Great Hill PartnersFounded in 1998, Great Hill Partners targets investments of $100 million to $750 million in high-growth companies across the software, financial services, healthcare, consumer, and business services sectors. With offices in Boston and London, Great Hill has raised funds with over $19 billion in commitments and invested in more than 100 companies since 1998, establishing an extensive track record of building long-term partnerships with entrepreneurs and providing flexible resources to help middle-market companies scale. Great Hill has been recognized for its industry leadership, ranking in the top 5 of HEC Paris-Dow Jones’ Mid-Market, Large Buyout, and Upper Mid-Market Performance Ranking lists for five consecutive years (2021–2025). For more information, including a list of all Great Hill investments, please visit www.greathillpartners.com. Disclaimer: An additional HEC ranking was awarded that is not presented herein. Further information is available upon request. Great Hill Partners did not provide any compensation to HEC Paris-Dow Jones to be considered for any of these rankings. About Garnett Station PartnersGarnett Station Partners is a principal investment firm founded in 2013 that manages approximately $4.5 billion of assets. Garnett Station partners with experienced and entrepreneurial management teams and strategic investors to build value for its portfolio of growth platforms. The firm draws on its global relationships, operational experience and rigorous diligence process to source, underwrite and manage investments. Core sectors include consumer and business services, health and wellness, automotive, and food and beverage. Garnett Station’s culture is based on the principles of entrepreneurship, collaboration, analytical rigor and accountability. For more information, please visit garnettstation.com. | About Garnett Station PartnersGarnett Station Partners is a principal investment firm founded in 2013 that manages approximately $4.5 billion of assets. Garnett Station partners with experienced and entrepreneurial management teams and strategic investors to build value for its portfolio of growth platforms. The firm draws on its global relationships, operational experience and rigorous diligence process to source, underwrite and manage investments. Core sectors include consumer and business services, health and wellness, automotive, and food and beverage. Garnett Station’s culture is based on the principles of entrepreneurship, collaboration, analytical rigor and accountability. For more information, please visit garnettstation.com. | About Great Hill PartnersFounded in 1998, Great Hill Partners targets investments of $100 million to $750 million in high-growth companies across the software, financial services, healthcare, consumer, and business services sectors. With offices in Boston and London, Great Hill has raised funds with over $19 billion in commitments and invested in more than 100 companies since 1998, establishing an extensive track record of building long-term partnerships with entrepreneurs and providing flexible resources to help middle-market companies scale. Great Hill has been recognized for its industry leadership, ranking in the top 5 of HEC Paris-Dow Jones’ Mid-Market, Large Buyout, and Upper Mid-Market Performance Ranking lists for five consecutive years (2021–2025). For more information, including a list of all Great Hill investments, please visit www.greathillpartners.com. | “We believe we are still in the early innings of expanding Woof Gang to serve pet parents across North America,” said Ricardo Azevedo, Chief Executive Officer of Woof Gang Bakery & Grooming. “We are the largest brand of our kind in the country, and the whitespace ahead of us is tremendous. Partnering with Great Hill gives us additional resources and expertise to leverage the strength of our existing platform as we continue opening stores alongside passionate, well-trained franchisees who share our commitment to making every pet feel loved. We are in an even stronger position to bring the Woof Gang Way to more communities across North America.” | “Garnett Station was the first outside capital partner for Woof Gang in 2022, committing to a long-term growth investment. We knew that a strong brand and offering in the pet category – with visionary founders and an experienced management team – had tremendous potential for growth. After doubling its footprint and expanding into 36 states, Woof Gang is on its way towards becoming a true national brand. We are pleased to partner with Great Hill and the management team to accelerate momentum and realize the full potential of this exceptional business,” said David Dragich, Managing Director at Garnett Station.","https://www.greathillpartners.com, https://www.greathillpartners.com/about, https://www.greathillpartners.com/media/woof-gang-bakery-grooming-secures-strategic-growth-investment-from-great-hill-partners"
www.wellspringcapital.com,"Skip to Content Uncovering ValueRevelar Capital is a private equity firm that partners with North America-based, middle-market businesses to unlock transformative growth. Learn more Experienced, Homegrown TeamRevelar Capital is a private equity firm that partners with North America-based, middle-market businesses to unlock transformative growth. Learn more Transforming Businesses in Defensive SectorsRevelar Capital is a private equity firm that partners with North America-based, middle-market businesses to unlock transformative growth. Learn more Track Record of Successful InvestingRevelar Capital is a private equity firm that partners with North America-based, middle-market businesses to unlock transformative growth. Learn more About UsRevealing True ValueWith a homegrown team specializing in the Healthcare, Essential Services, and Specialty Manufacturing sectors, Revelar identifies overlooked businesses and partners with management teams to realize their full potential. Derived from the Latin word revelare — meaning, to reveal — the name Revelar speaks to our focus on uncovering value beneath the surface.Revelar By The Numbers As of December 31, 2025 and adjusted for post-Q4 activity. $ 4.6 BAUM 16 YearsAverage Tenureof Partners 25 +Team Members Our ApproachSector FocusedThe Revelar team has honed its expertise in its focus sectors across two decades of investing. We believe our approach helps us better identify value creation opportunities in target businesses and thus partner with management teams to lay the foundation for long-term success. THE REVELAR DIFFERENCE Healthcare Essential Services Specialty Manufacturing Our TeamGrown Within, Leading AheadRevelar’s senior team has been working closely together for over a decade, combining deep institutional knowledge with a hands-on approach to every investment. Meet Our People John E. Morningstar Managing Partner Matthew G. Harrison Managing Partner Naishadh R. Lalwani Managing Partner Ryan D. Dowd Partner Meet Our People | Uncovering ValueRevelar Capital is a private equity firm that partners with North America-based, middle-market businesses to unlock transformative growth. Learn more Experienced, Homegrown TeamRevelar Capital is a private equity firm that partners with North America-based, middle-market businesses to unlock transformative growth. Learn more Transforming Businesses in Defensive SectorsRevelar Capital is a private equity firm that partners with North America-based, middle-market businesses to unlock transformative growth. Learn more Track Record of Successful InvestingRevelar Capital is a private equity firm that partners with North America-based, middle-market businesses to unlock transformative growth. Learn more About UsRevealing True ValueWith a homegrown team specializing in the Healthcare, Essential Services, and Specialty Manufacturing sectors, Revelar identifies overlooked businesses and partners with management teams to realize their full potential. Derived from the Latin word revelare — meaning, to reveal — the name Revelar speaks to our focus on uncovering value beneath the surface.Revelar By The Numbers As of December 31, 2025 and adjusted for post-Q4 activity. $ 4.6 BAUM 16 YearsAverage Tenureof Partners 25 +Team Members Our ApproachSector FocusedThe Revelar team has honed its expertise in its focus sectors across two decades of investing. We believe our approach helps us better identify value creation opportunities in target businesses and thus partner with management teams to lay the foundation for long-term success. THE REVELAR DIFFERENCE Healthcare Essential Services Specialty Manufacturing Our TeamGrown Within, Leading AheadRevelar’s senior team has been working closely together for over a decade, combining deep institutional knowledge with a hands-on approach to every investment. Meet Our People John E. Morningstar Managing Partner Matthew G. Harrison Managing Partner Naishadh R. Lalwani Managing Partner Ryan D. Dowd Partner Meet Our People | Transforming Businesses in Defensive SectorsRevelar Capital is a private equity firm that partners with North America-based, middle-market businesses to unlock transformative growth. Learn more | The Revelar team has honed its expertise in its focus sectors across two decades of investing. We believe our approach helps us better identify value creation opportunities in target businesses and thus partner with management teams to lay the foundation for long-term success. | The Revelar team has honed its expertise in its focus sectors across two decades of investing. We believe our approach helps us better identify value creation opportunities in target businesses and thus partner with management teams to lay the foundation for long-term success.",https://www.wellspringcapital.com
www.sterlinglp.com,30+ years of partnering with management teams to build great businesses | 30+ years of partnering with management teams to build great businesses | 30+ years of partnering with management teams to build great businesses | 30+ years of partnering with management teams to build great businesses | 30+ years of partnering with management teams to build great businesses,https://www.sterlinglp.com
www.leonardgreen.com,"We lead ESG/Sustainability working groups and summits for portfolio companies to share best practices and foster collaboration We conduct extensive ESG diligence on new investments as well as perform ongoing monitoring Signatory of Principles for Responsible Investment (PRI) and member of ESG Data Convergence Initiative Carbon neutral at the management company level over the past six years | Founded in 1989, LGP is a partner of choice for market-leading, growth companies | Founded in 1989, LGP is a partner of choice for market-leading, growth companies | Job Creation & Stakeholder Model Inherent in our philosophy of growing businesses is our commitment to accelerate job growth across our portfolio. | Inherent in our philosophy of growing businesses is our commitment to accelerate job growth across our portfolio. | With over 35 years of experience in private equity, we have maintained a consistent investment philosophy of partnering with market leaders across our sectors of focus. | With over 35 years of experience in private equity, we have maintained a consistent investment philosophy of partnering with market leaders across our sectors of focus. | We lead ESG/Sustainability working groups and summits for portfolio companies to share best practices and foster collaboration We conduct extensive ESG diligence on new investments as well as perform ongoing monitoring Signatory of Principles for Responsible Investment (PRI) and member of ESG Data Convergence Initiative Carbon neutral at the management company level over the past six years | LGP seeks to invest with exceptional management teams and founders to acquire market-leading companies with attractive growth prospects and defensible competitive positions. | LGP seeks to invest with exceptional management teams and founders to acquire market-leading companies with attractive growth prospects and defensible competitive positions. | LGP was founded by Leonard I. Green, a pioneer of the leveraged buyout industry, who established Gibbons, Green van Amerongen as one of the first New York-based merchant banking firms in 1969. Green founded LGP in 1989 and retired in 2001. Since inception, LGP has made over 150 investments in the form of traditional buyouts, going-private transactions, recapitalizations, growth equity, and selective public equity and debt positions. | LGP was founded by Leonard I. Green, a pioneer of the leveraged buyout industry, who established Gibbons, Green van Amerongen as one of the first New York-based merchant banking firms in 1969. Green founded LGP in 1989 and retired in 2001. Since inception, LGP has made over 150 investments in the form of traditional buyouts, going-private transactions, recapitalizations, growth equity, and selective public equity and debt positions. | LGP is a leading private equity investment firm based in Los Angeles. We are a partner of choice for market-leading, growth companies. | LGP is a leading private equity investment firm based in Los Angeles. We are a partner of choice for market-leading, growth companies. | Leonard Green & Partners, L.P. (“LGP”) is a leading private equity investment firm founded in 1989 and based in Los Angeles with approximately $85 billion of assets under management*. Our firm partners with experienced management teams and often with founders to invest in market-leading companies. We primarily focus on services, including consumer, healthcare, and business services, as well as distribution and industrials. LGP’s culture is grounded in a highly focused investment strategy and a team-oriented philosophy that promotes spirited dialogue and mutual respect without bureaucracy. This focus, combined with the significant continuity of our team, allows us to remain consistent and disciplined with our investment strategy.","https://www.leonardgreen.com, https://www.leonardgreen.com/our-approach, https://www.leonardgreen.com/about-lgp"
www.charlesbank.com,"Middle Market Private Equity, Experienced Partners for GrowthOur proven investment strategy focuses on the middle market, where we have a long history of helping companies unlock value and accelerate growth. 28Years since we spun out of Harvard University's endowment to form an independent private equity firmAbout Us~165Team members across our Boston and New York officesTEAM2Complementary strategies: Flagship Private Equity and CreditStrategies$24BTotal assetsInvestmentsFirm inception 1998. Other figures as of 3/31/26. See full footnote at bottom of page.StewardshipBefore establishing Charlesbank in 1998, we managed an investment portfolio directly for the Harvard University endowment, and we took our name from the nearby Charles River. Having an initial investor with such a long-term approach and a storied brand has informed the partnerships forged with all our investors and our approach as stewards of their capital. Across both of our strategies, we invest with conservatism and integrity, aiming to leave all our constituents better off than when we began. More About UsSector FocusWith a focused yet flexible strategy, we pursue high-quality businesses with compelling growth prospects. We have deep experience across several core verticals, investing in four primary sectors where we leverage pattern recognition, domain specialization and trusted relationships to scale high-potential opportunities. Our dedicated sector teams bring a collaborative style and strategic insight in support of management teams seeking to unlock long-term value, accelerate growth and build enduring, high-performing businesses. Business & Consumer Services Healthcare IndustrialsTechnology & Technology Infrastructure Business & Consumer Services +We seek to partner with service-oriented businesses that combine strong customer relationships with scalable, recurring models. Our experience spans a range of industries including white-collar outsourced services, office of the CFO, wealth management and alternative asset distribution, insurance distribution and services, multi-site consumer services, e-commerce enablement and youth enrichment. View Investments Healthcare +We seek opportunities to invest in healthcare companies where we can bring a strong focus on improving care delivery, access and patient outcomes, targeting differentiated companies that serve large, growing markets. Our experience includes multi-site and provider services, behavioral health, rural health, pharmacy services and post-acute care. View Investments Industrials+We target industrial businesses that play vital roles in growing, regulated sectors. Our strategy centers on acquiring and scaling differentiated companies in resilient markets, aiming to drive performance through operational improvements, organic growth and strategic acquisitions. Our track record spans aerospace & defense, engineered products, value-added distribution, and industrial technology and services. View Investments Technology & Technology Infrastructure+We invest across the technology and technology infrastructure landscape, focusing on businesses that underpin how data, systems and services operate at scale. Our experience spans cyber services, data center infrastructure, IT and cloud services, energy and technology services, and other tech-enabled platforms supporting mission-critical operations. We focus on resilient models with embedded customer relationships, recurring demand and clear operational levers for value creation. View InvestmentsNews & Insights2025 Year in ReviewOverbay Capital Partners Announces Completion of Strategic Investment from Charlesbank Capital PartnersCharlesbank Capital Partners Names New Managing DirectorsPolyconcept North America Appoints Josh Militello as Chief Executive OfficerSee All News | We target industrial businesses that play vital roles in growing, regulated sectors. Our strategy centers on acquiring and scaling differentiated companies in resilient markets, aiming to drive performance through operational improvements, organic growth and strategic acquisitions. Our track record spans aerospace & defense, engineered products, value-added distribution, and industrial technology and services. | We target industrial businesses that play vital roles in growing, regulated sectors. Our strategy centers on acquiring and scaling differentiated companies in resilient markets, aiming to drive performance through operational improvements, organic growth and strategic acquisitions. Our track record spans aerospace & defense, engineered products, value-added distribution, and industrial technology and services. | With a focused yet flexible strategy, we pursue high-quality businesses with compelling growth prospects. We have deep experience across several core verticals, investing in four primary sectors where we leverage pattern recognition, domain specialization and trusted relationships to scale high-potential opportunities. Our dedicated sector teams bring a collaborative style and strategic insight in support of management teams seeking to unlock long-term value, accelerate growth and build enduring, high-performing businesses. | With a focused yet flexible strategy, we pursue high-quality businesses with compelling growth prospects. We have deep experience across several core verticals, investing in four primary sectors where we leverage pattern recognition, domain specialization and trusted relationships to scale high-potential opportunities. Our dedicated sector teams bring a collaborative style and strategic insight in support of management teams seeking to unlock long-term value, accelerate growth and build enduring, high-performing businesses. | Our Firm and CultureWe are an experienced private equity investment firm with a disciplined investment strategy, tenured team and long-standing commitment to the middle market. Our HistorySince our spin-out from Harvard University, Charlesbank has greatly expanded its investor base and broadened its focus to include credit investments. We have a long history of working together, and over 28 years, we have retained our disciplined investment approach and dedication to the middle market. Importantly, we have also stayed true to our core values, forging a lasting culture that prizes collaboration, integrity and respect. FirmThenNowYearThen1998Now2026FundsThen1Now17Active LPsThen1Now300+Total AssetsThen$300MNow$24BStrategiesThen1Now2TeamThen29Now~165Firm inception 1998. Other figures as of 3/31/26. See full footnote at bottom of page.Our MissionOur mission, together with our values, is our roadmap for success as a firm. To consistently deliver superior returns with carefully controlled risk through a best-in-class team and culture.Our ValuesOur firm-wide values have been part of our culture since our founding, informing every aspect of how we manage the firm. It is incredibly important to us that our work reflects well on us all and that we prove ourselves deserving of the trust placed in us by our investors, management teams and colleagues. These four values guide us and ground us: RESPONSIBLE INVESTINGTeamworkWe are one team. Together we are better thinkers, decision-makers and problem-solvers than any one of us alone.ImpactWe partner to build sustainably better businesses across the middle market. As stewards of our investors’ capital, we act with integrity and dedication to further their long-term interests.ExcellenceWe are data-driven and continuously strive to improve. Our individual drive, accountability and contributions are crucial for collective success.RespectWe treat each other as we want to be treated. Empathy, caring and an appreciation for diversity bring out the best in each of us.Our CultureWe are bound together by a common dedication to our firm, our responsibility to our limited partners and portfolio companies, and our “one team” culture. We care about each other as individuals and about conducting our work consistently with our values. As we grow, we focus on retaining that special DNA that makes us Charlesbank – ensuring that our relentless pursuit of excellence is always tempered with humility and good humor. | Our MissionOur mission, together with our values, is our roadmap for success as a firm. To consistently deliver superior returns with carefully controlled risk through a best-in-class team and culture.Our ValuesOur firm-wide values have been part of our culture since our founding, informing every aspect of how we manage the firm. It is incredibly important to us that our work reflects well on us all and that we prove ourselves deserving of the trust placed in us by our investors, management teams and colleagues. These four values guide us and ground us: RESPONSIBLE INVESTINGTeamworkWe are one team. Together we are better thinkers, decision-makers and problem-solvers than any one of us alone.ImpactWe partner to build sustainably better businesses across the middle market. As stewards of our investors’ capital, we act with integrity and dedication to further their long-term interests.ExcellenceWe are data-driven and continuously strive to improve. Our individual drive, accountability and contributions are crucial for collective success.RespectWe treat each other as we want to be treated. Empathy, caring and an appreciation for diversity bring out the best in each of us. | ImpactWe partner to build sustainably better businesses across the middle market. As stewards of our investors’ capital, we act with integrity and dedication to further their long-term interests. | We partner to build sustainably better businesses across the middle market. As stewards of our investors’ capital, we act with integrity and dedication to further their long-term interests. | We are an experienced private equity investment firm with a disciplined investment strategy, tenured team and long-standing commitment to the middle market. | Access Medical ClinicRural healthcare platform CurrentRead MoreAccordionFinancial consulting and analyticsCurrentRead MoreAction Behavior CentersPersonalized autism therapyCurrentRead MoreAmerican Residential ServicesHVAC and plumbing servicesCurrentRead MoreAmerican Tire DistributorsWholesale tire distributionRealizedRead MoreAnimal Health InternationalAnimal health productsRealizedRead MoreAprioAccounting and advisory firmCurrentRead MoreApteanVertical-focused ERP solution providerCurrentRead MoreAurora Organic DairyProducer of organic milkRealizedRead MoreBankruptcy Management SolutionsBankruptcy ServicesRealizedRead MoreBell AutomotiveAutomotive convenience accessoriesRealizedRead MoreBell SportsSporting goodsRealizedRead MoreBlacksmith BrandsOTC consumer productsRealizedRead MoreBOX PartnersPackaging and shipping suppliesCurrentRead MoreCase StudyBridgepointe TechnologiesIT channel platformCurrentRead MoreBridges Consumer HealthcareOTC healthcare productsCurrentRead MoreCatlinProperty & casualty insuranceRealizedRead MoreCedar CreekWholesale building materials distributionRealizedRead MoreCentegixTech-enabled safety solutions CurrentRead MoreCIFCCredit asset managementRealizedRead MoreCitadel PlasticsPlastics composite compoundsRealizedRead MoreCSI LeasingComputer equipment leasingRealizedRead MoreDel TacoQuick service restaurantsRealizedRead MoreCase StudyEnsonoIT outsourcingRealizedRead MoreEverDrivenAlternative transportation servicesCurrentRead MoreFront Row GroupE-commerce enablement servicesCurrentRead MoreCase StudyFULLBEAUTY BrandsFashion retailer for plus-size consumersRealizedRead MoreGallsPublic safety uniforms and equipmentCurrentRead MoreGrayWolfServices to mechanical industriesRealizedRead MoreGSIAgricultural equipmentRealizedRead MoreHDT GlobalEngineered military solutionsRealizedRead MoreIvantiIT infrastructure automation solutionsCurrentRead MoreLido AdvisorsWealth management servicesCurrentRead MoreMB2 DentalDental partnership organizationCurrentRead MoreMDVIPMembership-based healthcareCurrentRead MoreMontpelier REProperty catastrophe insuranceRealizedRead MoreMyEyeDr.Optical retailerCurrentRead MoreNational Surgical HospitalsShort-stay surgical hospitalsRealizedRead MoreNeptune Retail SolutionsShopper marketing solutionsCurrentRead MoreOnCore ManufacturingElectronics manufacturing servicesRealizedRead MoreOverbay Capital PartnersAlternative asset manager CurrentRead MorePapa Murphy's""Take and bake"" pizza storesRealizedRead MoreCase StudyPark Place TechnologiesIT services and consultingRealizedRead MorePeacock FoodsFood industry packaging solutionsRealizedRead MorePerspective Financial GroupPersonal financial managementCurrentRead MorePetra Funds GroupFund administration servicesCurrentRead MoreCase StudyPlaskoliteAcrylic sheet manufacturerRealizedRead MorePolyconceptDistributor of custom-branded productsCurrentRead MorePrinceton ReviewTest preparation and college counselingRealizedRead MoreQC SupplyFarm and livestock suppliesRealizedRead MoreREEFBeach inspired footwearCurrentRead MoreRise Growth PartnersSynergistic partner to RIAsCurrentRead MoreSalus GRCCompliance consulting for fundsCurrentRead MoreShoppers Drug MartDrugstoresRealizedRead MoreSightpath Medical RealizedRead MoreSix DegreesIntegrated managed data servicesRealizedRead MoreSound UnitedAudio systems and vehicle securityRealizedRead MoreStoneCastle PartnersCash management servicesRealizedRead MoreSymplrHealthcare IT softwareCurrentRead MoreTechnisourceInformation technology staffingRealizedRead MoreTecometMedical device contract manufacturingCurrentRead MoreCase StudyTLC VisionEye-care servicesRealizedRead MoreTrojan Battery CompanyDeep-cycle battery manufacturingRealizedRead MoreUnited Road ServicesVehicle transport and logistics servicesRealizedRead MoreUniversal Technical InstituteAutomotive technician educationRealizedRead MoreVarsity BrandsAthletic and achievement brandsRealizedRead MoreVelocity OneAerospace and defense solutions CurrentRead MoreVentura Community PartnersCommunity management platformCurrentRead MoreVestcomShelf-edge marketing solutionsRealizedRead MoreWayfairOnline home goods retailerRealizedRead MoreCase StudyWorld Insurance AssociatesFull-service insurance brokerage CurrentRead MoreWorldStridesEducational student travelRealizedRead MoreZayo GroupTelecomRealizedRead MoreZenith ProductsBathroom storage productsRealizedRead More | Private Equity InvestmentsWe focus on core sectors where we have deep knowledge and relationships, forming genuine partnerships with management teams. We empower these teams to run and grow their companies, while offering the support they need to excel. | We focus on core sectors where we have deep knowledge and relationships, forming genuine partnerships with management teams. We empower these teams to run and grow their companies, while offering the support they need to excel. | Ventura Community PartnersCommunity management platformCurrentRead More | Overbay Capital PartnersAlternative asset manager CurrentRead More","https://www.charlesbank.com, https://www.charlesbank.com/about, https://www.charlesbank.com/investments"
www.lincolnshiremgmt.com,"The firm draws on its extensive sector and investment experience to build companies in partnership with management teams, and employs a collaborative, team approach. Lincolnshire Management makes control investments in private companies, recapitalizations, corporate divestitures, management buyouts and growth equity for public and private companies. The firm’s past and current portfolio spans a wide range of industries and includes more than 110 acquisitions in various economic environments over the last three decades. | Lincolnshire Management makes control investments in private companies, recapitalizations, corporate divestitures, management buyouts and growth equity for public and private companies. The firm’s past and current portfolio spans a wide range of industries and includes more than 110 acquisitions in various economic environments over the last three decades. | The firm draws on its extensive sector and investment experience to build companies in partnership with management teams, and employs a collaborative, team approach. | Lincolnshire Management is a private equity firm with a more than 30-year track record of successfully investing in companies across the lower middle market. | Lincolnshire Management is a private equity firm with a more than 30-year track record of successfully investing in companies across the lower middle market. | The firm has established a strong reputation as an investor who can identify and capitalize on unique opportunities, and whose team brings deep sector, market and operational knowledge to each investment. Key to the firm’s success is the belief that value is created at the intersection of identifying undervalued opportunities, strong business fundamentals, and tailored execution. The firm operates with a creative and flexible mindset to drive tangible changes across the operational, financial, and ESG functions of each of its portfolio companies. Lincolnshire Management’s distinctive approach is focused on: | With a dedicated originations team, Lincolnshire Management uses a strategic approach to recognize a company’s underlying value, while the team’s operational focus and expertise realizes it. | With a dedicated originations team, Lincolnshire Management uses a strategic approach to recognize a company’s underlying value, while the team’s operational focus and expertise realizes it. | Founded in 1986, Lincolnshire Management is an experienced private equity firm focused on investing in companies across the lower middle market. | Founded in 1986, Lincolnshire Management is an experienced private equity firm focused on investing in companies across the lower middle market.","https://www.lincolnshiremgmt.com, https://www.lincolnshiremgmt.com/about"
www.igpcapital.com,"Israel Growth Partners (IGP) empowers exceptional hi-tech companies at growth stage and supports strong management teams as they navigate to build large global companies and become category leaders. We provide our portfolio companies with growth capital, strategic guidance and, when needed, hands-on experience - all aimed towards accelerated growth and successful partnership. | We at Israel Growth Partners (IGP), in collaboration with Vertex Ventures, recently co-led the extension funding of Dot Compliance, the Quality Management System (QMS) platform for life sciences. The round marked a substantial up-round, taking place almost two years after we led the B Round in 2022. Such instances of... | DealHub’s recent $100 million growth round, led by Riverwood Capital, is aiming to provide a platform designed to simplify revenue orchestration, reduce friction, and put reps back in the driver’s seat. | CATEGORY LEADERSSTRONG MANAGEMENT TEAMSINNOVATION AT SCALEGrowth, FROM ISRAEL | As a small collaborative team of former technology executives and seasoned investors, our core strengths are in the value-added guidance we provide. We work hard to identify and empower outstanding teams, while ensuring alignment of interests between investors and management teams as we partner forward.",https://www.igpcapital.com
www.riversidecompany.com,"The Riverside Company is a global investment firm focused on being one of the leading private equity and flexible capital options for business owners and portfolio company employees at the smaller end of the middle market by seeking to fuel transformative growth and create lasting value. Since its founding in 1988, Riverside has made more than 1,100 investments. The firm's international private equity and flexible capital portfolios include more than 140 companies. | The Riverside Company is a global investment firm focused on being one of the leading private equity and flexible capital options for business owners and portfolio company employees at the smaller end of the middle market by seeking to fuel transformative growth and create lasting value. | Riverside Builds Cryptomathic with TrustSkills Add-on May 22, 2026 Firm announces Cryptomathic acquisition of TrustSkills, a software company specialising in certificate lifecycle management >> | Since its founding in 1988, Riverside has made more than 1,100 investments. The firm's international private equity and flexible capital portfolios include more than 140 companies. | Allure Security Raises $17M Series B to Scale AI-Native Defense Against Digital Impersonation and Disinformation March 19, 2026 Led by Riverside Acceleration Capital, with participation from existing investors Curql Collective, Glasswing Ventures, and Gutbrain Ventures, the round brings total funding to $43M and will accelerate platform expansion and go-to-market scale. | Share: The Riverside Company Acquires Workbench International, Marks 50th Investment in Australia and New Zealand News Release | May 28, 2026 The Riverside Company, a global investment firm focused on the smaller end of the middle market, has invested in Workbench International (Workbench). Workbench is a mission-critical, vertical SaaS platform purpose-built for project-based construction industries - primarily civil infrastructure contractors, with adjacencies across trade contractors, engineering firms and builders. The product is a modular, cloud-based project management and job-costing platform that supports financial control, project execution and reporting.This milestone transaction marks Riverside Australia’s 50th investment, after the local team recently celebrated 15 years of successful operations in the region.Founded in Auckland and now serving approximately 400 customers across ANZ, Workbench has grown to be a mid-market leader in the category. With Riverside’s investment, Workbench is expected to continue investing in product development, expand its commercial capabilities and pursue AI transformation that streamlines operational workflows and enhances customer project outcomes. We see significant opportunity to build on Workbench’s strong position within the construction and infrastructure sector,” said Riverside Partner Nicholas Pejnovic. “What attracted us to the business is how deeply embedded the platform is in clients’ day-to-day operations and the important role it plays in helping clients to achieve their commercial goals. Looking forward, we believe the platform is well-placed to benefit from AI in ways that will really enhance value for Workbench clients.”Workbench is another example of Riverside’s dedication to the Software & IT industry. The firm has completed more than 300 investments in this specialisation and has a team of global experts dedicated to growing these companies.“Workbench represents the type of platform Riverside looks to back: a mission-critical solution with strong value proposition, meaningful but underpenetrated market opportunity and an exciting growth plan,” said Riverside Partner Kevin Xu. “Construction businesses are navigating rising input costs and increasing project complexity, and Workbench gives them real-time visibility and financial control to maintain profitability."" Clive Gardner, Founder and CEO at Workbench, said: “After more than four decades building Workbench, finding the right partner to support the business on the next phase of its growth was important both personally and professionally. Riverside brings an impressive track record of growing software businesses globally, backed by genuine operational expertise. I'm thrilled about the benefits for both our clients and staff. This is an opportunity for Workbench to become a truly global, AI-enabled platform in an industry that is evolving faster than ever.” Working with Pejnovic and Xu on the transaction for Riverside were Principal James Elsom, Vice President Paul Tran, Associate Lucas Froude and Senior Operating Partner Ed McManus. Holly Mulroy* | Consultant, Global Marketing and Communications Cleveland +1 216 535 2236 * independent contractor and not an employee of the Riverside Company | The Riverside Company, a global investment firm focused on the smaller end of the middle market, has invested in Workbench International (Workbench). Workbench is a mission-critical, vertical SaaS platform purpose-built for project-based construction industries - primarily civil infrastructure contractors, with adjacencies across trade contractors, engineering firms and builders. The product is a modular, cloud-based project management and job-costing platform that supports financial control, project execution and reporting.This milestone transaction marks Riverside Australia’s 50th investment, after the local team recently celebrated 15 years of successful operations in the region.Founded in Auckland and now serving approximately 400 customers across ANZ, Workbench has grown to be a mid-market leader in the category. With Riverside’s investment, Workbench is expected to continue investing in product development, expand its commercial capabilities and pursue AI transformation that streamlines operational workflows and enhances customer project outcomes. We see significant opportunity to build on Workbench’s strong position within the construction and infrastructure sector,” said Riverside Partner Nicholas Pejnovic. “What attracted us to the business is how deeply embedded the platform is in clients’ day-to-day operations and the important role it plays in helping clients to achieve their commercial goals. Looking forward, we believe the platform is well-placed to benefit from AI in ways that will really enhance value for Workbench clients.”Workbench is another example of Riverside’s dedication to the Software & IT industry. The firm has completed more than 300 investments in this specialisation and has a team of global experts dedicated to growing these companies.“Workbench represents the type of platform Riverside looks to back: a mission-critical solution with strong value proposition, meaningful but underpenetrated market opportunity and an exciting growth plan,” said Riverside Partner Kevin Xu. “Construction businesses are navigating rising input costs and increasing project complexity, and Workbench gives them real-time visibility and financial control to maintain profitability."" Clive Gardner, Founder and CEO at Workbench, said: “After more than four decades building Workbench, finding the right partner to support the business on the next phase of its growth was important both personally and professionally. Riverside brings an impressive track record of growing software businesses globally, backed by genuine operational expertise. I'm thrilled about the benefits for both our clients and staff. This is an opportunity for Workbench to become a truly global, AI-enabled platform in an industry that is evolving faster than ever.” Working with Pejnovic and Xu on the transaction for Riverside were Principal James Elsom, Vice President Paul Tran, Associate Lucas Froude and Senior Operating Partner Ed McManus. | The Riverside Company, a global investment firm focused on the smaller end of the middle market, has invested in Workbench International (Workbench). Workbench is a mission-critical, vertical SaaS platform purpose-built for project-based construction industries - primarily civil infrastructure contractors, with adjacencies across trade contractors, engineering firms and builders. The product is a modular, cloud-based project management and job-costing platform that supports financial control, project execution and reporting.This milestone transaction marks Riverside Australia’s 50th investment, after the local team recently celebrated 15 years of successful operations in the region.Founded in Auckland and now serving approximately 400 customers across ANZ, Workbench has grown to be a mid-market leader in the category. With Riverside’s investment, Workbench is expected to continue investing in product development, expand its commercial capabilities and pursue AI transformation that streamlines operational workflows and enhances customer project outcomes. We see significant opportunity to build on Workbench’s strong position within the construction and infrastructure sector,” said Riverside Partner Nicholas Pejnovic. “What attracted us to the business is how deeply embedded the platform is in clients’ day-to-day operations and the important role it plays in helping clients to achieve their commercial goals. Looking forward, we believe the platform is well-placed to benefit from AI in ways that will really enhance value for Workbench clients.”Workbench is another example of Riverside’s dedication to the Software & IT industry. The firm has completed more than 300 investments in this specialisation and has a team of global experts dedicated to growing these companies.“Workbench represents the type of platform Riverside looks to back: a mission-critical solution with strong value proposition, meaningful but underpenetrated market opportunity and an exciting growth plan,” said Riverside Partner Kevin Xu. “Construction businesses are navigating rising input costs and increasing project complexity, and Workbench gives them real-time visibility and financial control to maintain profitability."" Clive Gardner, Founder and CEO at Workbench, said: “After more than four decades building Workbench, finding the right partner to support the business on the next phase of its growth was important both personally and professionally. Riverside brings an impressive track record of growing software businesses globally, backed by genuine operational expertise. I'm thrilled about the benefits for both our clients and staff. This is an opportunity for Workbench to become a truly global, AI-enabled platform in an industry that is evolving faster than ever.” Working with Pejnovic and Xu on the transaction for Riverside were Principal James Elsom, Vice President Paul Tran, Associate Lucas Froude and Senior Operating Partner Ed McManus. | Sweet Success: The Riverside Company Exits YumEarth News Release | June 30, 2026 Read More >> The Riverside Company Partners with AssetIntel to Bridge the Future of Infrastructure Tech News Release | June 16, 2026 Read More >> Riverside Builds Cryptomathic with TrustSkills Add-on News Release | May 22, 2026 Read More >> | Login Login Portfolio Login Investor Login LUX Investor Login Contact Us | × This Content is Password Protected To obtain a password, please Contact Us >> Password: SUBMIT","https://www.riversidecompany.com, https://www.riversidecompany.com/currents/workbench-investment?hsLang=en, https://www.riversidecompany.com/investment-portfolios?hsLang=en"
www.kelso.com,"The Kelso Difference Kelso is a North American-focused middle market private equity firm. Kelso was founded on the principles of partnership and alignment of interest espoused by Louis Kelso, the inventor of the Employee Stock Ownership Plan (or ESOP). Louis believed that businesses perform better when a strong alignment of interest exists between management, employees and shareholders through shared equity ownership. Kelso’s unique history has driven a culture and approach to investing that we believe make us an attractive partner to management teams, owners of businesses and corporations. Kelso's Rich History Photo by Baron Wolman Strong influence of our ESOP roots Alignment and partnership are at our core, and continue to drive our culture and approach. 40 years investing in private equity We have invested $15 billion of equity capital since 1980. 130+ investments across a range of industries We have developed deep sector expertise during our four decades of private equity investing. Unique Alignment of Interest We are the largest investor in our funds Kelso employees have committed to invest, on average, 15% of every dollar invested in our three most recent funds, representing one of the largest GP commitments in the private equity industry. 100% of the Kelso team invests Each Kelso employee invests in our transactions, so we all have skin in the game. We think like owners, not agents Our significant personal investment provides us with an owner’s mindset and focus on building businesses for the long-term. Barry Tanner, CEO of Physicians Endoscopy | Hank Mannix | Church Moore Culture of Partnership 20 year average active investment partner tenure at Kelso One of the most experienced teams in private equity, with strong investment partner continuity. Trusted approach built over four decades We do the right thing. Our core values are respect for others, integrity and pursuit of excellence. Partnership ethos We believe that the stability of our firm, the continuity of our team and our strong core values distinguish Kelso and position us as a partner of choice in the private equity market. Alec Hufnagel | Frank Loverro | Lynn Alexander | Sandy Osborne Good things happen when you partner with good people. | Strong influence of our ESOP roots Alignment and partnership are at our core, and continue to drive our culture and approach. 40 years investing in private equity We have invested $15 billion of equity capital since 1980. 130+ investments across a range of industries We have developed deep sector expertise during our four decades of private equity investing. | Kelso is a North American-focused middle market private equity firm. Kelso was founded on the principles of partnership and alignment of interest espoused by Louis Kelso, the inventor of the Employee Stock Ownership Plan (or ESOP). Louis believed that businesses perform better when a strong alignment of interest exists between management, employees and shareholders through shared equity ownership. Kelso’s unique history has driven a culture and approach to investing that we believe make us an attractive partner to management teams, owners of businesses and corporations. | Kelso is a North American-focused middle market private equity firm. Kelso was founded on the principles of partnership and alignment of interest espoused by Louis Kelso, the inventor of the Employee Stock Ownership Plan (or ESOP). Louis believed that businesses perform better when a strong alignment of interest exists between management, employees and shareholders through shared equity ownership. | Celebrating 40 Years of Alignment and Partnership A rich and differentiated history. It’s in our DNA. 40 Years Investing in Private Equity 130+ Investments Made $15 Billion of Capital Invested Frank Loverro | Phil Berney | Frank Nickell Deep commitment to alignment of interest. It’s in our DNA. ~15% GP Commitment on Average in Three Most Recent Kelso Funds 100% of Kelso Team Invests Majority of Net Worth in Kelso Investments Jim Whitley, Former CEO of Southern Carlson | L.T. Gibson, CEO of US LBM | Matt Edgerton | Sandy Osborne The strength and stability of a culture based on partnership.It’s in our DNA. 20 Year Average Active Investment Partner Tenure Focus on Long-Term Partnerships Trusted Approach Built Over 4 Decades Pat McLaughlin, KSN member | Steve Dutton | Chris Collins | ÿØÿà�JFIF��`�`��ÿþ�;CREATOR: gd-jpeg v1.0 (using IJG JPEG v80), quality = 75 ÿÛ�C�      $.' "",# (7),01444 '9=82<.342ÿÛ�C  2! !22222222222222222222222222222222222222222222222222ÿÀ�X ""�ÿÄ� ���������� ÿÄ�µ���}�!1AQa""q2¡#B±ÁRÑð$3br %&'()*456789:CDEFGHIJSTUVWXYZcdefghijstuvwxyz ¢£¤¥¦§¨©ª²³´µ¶·¸¹ºÂÃÄÅÆÇÈÉÊÒÓÔÕÖ×ØÙÚáâãäåæçèéêñòóôõö÷øùúÿÄ� ������� ÿÄ�µ��w�!1AQaq""2B¡±Á #3RðbrÑ $4á%ñ&'()*56789:CDEFGHIJSTUVWXYZcdefghijstuvwxyz ¢£¤¥¦§¨©ª²³´µ¶·¸¹ºÂÃÄÅÆÇÈÉÊÒÓÔÕÖ×ØÙÚâãäåæçèéêòóôõö÷øùúÿÚ� ��?�ëí®bR$p»kR6 £k ¬!¿ýÜÃ#<Ú£K¾Ó¾k+¶e Á'""ºZÔÁlt$ È¸Ïö¤j ZåÌ$-õ£¦xÞ£""÷ .­ 0GzLhØòåGaÇ¡¨®7©�ÆÙëWAÎ(e ÔEÅc+WY´çRC3Ö°ô(Êê#'µuSZcdV*¬Ûm1ío<ÜåhlhÌÔmæy+qT$Y�÷­«¹a¹ ÊQµöûQ õ¬ï+$¬g�Z0µ< ¬Ñ/}ÜÒ¬{b/½*K4 lmêÕb.j1ËÊÉbãë\xÄ¢ÌâcÒªÛ«¬F7¹bìß74Ü)R=ßZ®Ò#üê½Õý© Ú=z×Ë¥Ë-Ä-Ã ,p7R\i²&ÖYFÑ¿5>h÷e#Óá¿¶x8õ¥{û@¤´èÖ¼å *r8îiªK±ù­ó ³SE{wçT±Á?jzjjö ø[¨Éô¼Î=%R'V¹lÏ4Ûm-l®C]»`·4&zMÖ±§DuýMUÿ�I òÞFßyþ©§®¥± ¡Nr;Õá8,|ùL Í4Lõ85:HwÇr3Úý­e|áÅyÎb4Õkv.Ã9985¦,x^Z¡Ï]ìô;Õ¬× æéI&¯iå³ùÏ¸qæåÉ jEW±rÙØA�õ¦¦'Lè×]°!$u©±hc?çºs,QÊcRB÷~kK*-ã ´ùé·¦J³iÐÈ¿u""­æ²|8ê|;fùù|¼æøG¨AÛu_+{¶æ®h¬øI´_úÁÿ�}R èþb0þtrK°s.æÅ|Y¢ ý¡ =ùÅ!ñf3þ Óörì ë¹µEa/ôGmà$´æþ,Ñ£b¯v#{9öuÜÚ¢°4@qöÁÿ�|³aâ 7R¸ò-gß&3Å' .ÌJ(¤©QE�Pi(�¨nOú;ý*jçþ=¤úS[ØÉf>t?Sü¨~\Ò7úØÞþ­÷Í\RAN¬Ë Õ tVUj¯Ý J�))h¤RRÒPQKI@Ä¤¥¢�çýIªüÕ¡qþ¤Õ�9«Ä± pxªaÎF ^¸Õ&Güé®Ð)ÛÃ*¨P1ßÖ.FwWm?Õ­PCòÕ~ÏýYúÓ{·,ÑEQ@( ( aT5^5P¤jýfê½ª;lÄMDÔóLjÔkn¦yÑO½>ØF)·]CÜ¤BI,Sõ� T´ÐS;ÔÖüB¨""²õeÌ»Z¤Vv¨3îP3WM9Ómý3 Ê¬µVÒ¹Òí¿Üi @Ì>$üEhÜ§h¿1úÐsñ[=ÌÌjm ÁK[½J1½ TãÐÜ`ôªø'û´WXõkä1án Z^pKh ÑºVc2 ¥A=¬3ÈXÕõO ±Ê¡Ãèi\ ô®{V³M*=­vPr 7KÖîîhÁ�}áHf¬7O1æ£¸ðüOÌGiô4V£l^H>î¶Õ G­!}ÆulT ¶dwï]¦ «.°p»H9â¹Îk|N9íÒ©ÂÎ W¯¨Ù½ÍÃmÚ*áB@Ñ~LUË!Ç ªªr¸«Úzâá)UÔc i$qÏZ³kqwl.åþëTwë}êhm Ò½¾¬®14l× TóºHc(AíK§Æ�Ü ëU/!Ì<£°gð¡jânQn õm{0LÍ*?jôWÊ>F %Z gÒ©ÜÝRFí°g(ÈèjµÈýäZz0Áäèi· Ë Ö'hÒE!ÔïUÎH~kwãûÒ¯ôzS(\µ¨l`:UîgÜ8uc¸¦Ik$�´ÀçcPaa÷¡nÇ1Æz« ¡Ñ2ñÐÔÐ*¼�¤ § ¯òumÝÑóç}1XîàúVuâ;½°¥0±¦×Öw(w Ç¸¬ÝBæXb6Øâ©à¯jûooîÛÏ¥b{uÿ�?ßFµ\ÍÄ÷ÑªäRM; yÏü¶þú4ï6^ò¿ýôjÈ©4\,N%#27çS,]¿:® Õ2 ÄÅ ó¹¿:a×¹ÇÖ§Z.G""ÇIoÿ� Ñ¸?ILbÿ�ÝúÄ°¢ Z( ( Z(�¢(�¢(�¢(h¢�(¢�(¢�(¢�(¢�(¢�Ëýkýi£­:_õ¯õ¦²D5Ãx¢Ú'×ÃÊÈ�Èö®ä×â©~Ï«+°B$M«XÜ ¤#4¯uhÄ\uã$sj¾¡DIÜUhbó¯áC$3 $¸zVÅ 2íBÍ´s¸`Ü~5ÐHà[.5*õiËZ:&5Ø¡`6¹ fmý2¹Áë]o Ýnã$rèqPÊækb(ü;t :ôâ£ Ý/ Ý÷x®·ê)0Þ´ùP{Y ü#ì 8ÉïI|14ªÆï]YýáHUÿ�½G*k.ç |#1 ë;S&�)Ç~+³(ÿ�Þý)¥ ~$CÚÏ¹ÇËá)ßf$ÆÓhÂr¹ Òò;c­uÞTßóÐ~TÖ\ÿ�¬â« ÚÈä¿áOg#Ó¥*ø^Tf>fIíÔÎäÒU¡vÖ«]}Áõ«N* ¯õ&R �µ94ßîb¤=hBdMMî)ÍIÜU.*¤¹ ýÔÖ S¿¿Ý4 ·£é6ÿ�îÕÖªZ/:L Â¯Åf3PLªR5 ^áS®=E2Æ$ zÍXk3#¯µnÙJ1l=ÅTþBýÊµ#ËåÙ3î*¬,ªz}Ú­?J$ÿ�\µãâ=ã â×Q<À´ú�Îñ FáczT´[VÉ¥nÜÂ&(Ã¦°³äq©¾9Îî0qV¢Ôoì�Û)e ø)ºçÕ,¡¤\õÀ©-~)[Ê ï· õ½ÊªßC^xvÁÝ F+Î c®þ?¤«oÊC ×1q¨Ï§ßp/z×´×m¦�HLl{5!XYôHÜ )¶J¯mc%½Àó8� km$IQcD4ç1w×4ûtÛõ­8¬¢¸ Ì>lõ¢M9_Òî]Óî°;P| Z}+tÊ GCM¿ÿ�X>´Ä?L$«¡ä ³-.7(Øÿ�Þ^)zîæ® 2®Vhk·§§ Ôð\ÆÀ!ùXÅIt3$Zíâï ' i f¨g;67ph6³Â7C&åþëT\pT(À÷ Eñ&FNTR£ãê*Êº P Nâ?øù¯JÆPý*´ná²y""§qÏ?J�ç""5Ä ûÔpßMhÛ~òÐÕÐ/åÓ58FÇ­&Z7mu8.�íoCR¢$²HAÌF¹ckL^Ig9æ^àÐ ®tÀ=«;PFAn ^¸­«}F í­èk7[ Ï ÒæQ Nù{SqNÅ!ãð£)ª*ALDô©0*ëS äPÉÔë WhÐÅþ¥?Ýúl_êýÑN¬Ê (Å�QE-�%-PEPEPEPÑE�QE�QE�QE�QE�QE�QE/ú×úÓiÒ­­4U!®7SÓÄþ-åÁ""8�B[×Ù7JóOß\Øx­ÝÙCÛ}£9´§¹WDFú,ãpaØÖ¢ Ï ÝÎaÙ{[VBKnläý+~)XD?Ã³è+*Cá(ÌCn=;×SàÍÞEÞã¼g'ÌÈTN;g­u è÷Y Æ9ü*PÞÇMJZ1L¹Å&iØ¤+@ HzS±HE0[¥79=)ÛE@4ôª¦Ýw³äõ«Ì Ó bIèÁ6¶""TÂ(C(�ô ­@â \¨we}ªÓR  §¡GéAûµ'1EÀ© æ£#æ«2ÂzU¦CÜªTãñ¦;Ò¬ bqWÅxÒ9j²z cui�rMZ ã Õ¥ÎÑJhÆ¦÷ö¦úU; U[Ñû³ô5n«]§àhM *?bhÍÐ9Ó�ôsZf £Âhã.à1<zÖ`zÀþÍùÁpu<2I,u K³ þäÖÌÅì9¬`¡õfR)j÷:¥í¡þ4äSa¼ûdîp¹ ÍIHÙXtnA÷¨¦ÌÊòF GqVÕÃ�ATE WÊ»¯?tÔÓðÃ 3ÄÕAªÒ¦ÝÍt¡°8ÿ�øþþ*O>Fì�Æ+Rm{y¡óUä²;ã`}Å¢æ¯éÉþ 5LíÎ9 ZÐÓ¸Tv¤2Æ²ô¬±Ð V®ª}'Ò³p)-C,ö¸h¥eöíZ¶ZÜó?,yãï ÇðP@­ 1TÝä6ÐÅ ä ½<À ´ÁF9®""í6Ý¶ÒFOj·m}wlÊ«&ñèÔÇX@#8æ¨Ý!ig©ïPÃ«îùf ÷#S4É420""mTEV%Z¬«¶Áê*<´Hà P\ÿ�¬O­[SÖ¨ÌHefè ZWÉÊ}�JËU.cY.c « ù  E/ü}G@ k ¤´Púv¦¥xÎ?¼¼Ð + ã""3Eç*r1V6óÁªâÉ^y ±R:Nsql2àHøQ@KjË#Í»9ñNàFktÜÅ4£OXRXT2I ähDËQS^ÿ�ÇÁúVºP # â¨]ÄÆáZEÇQÚ§¼$²Iùj6ëR^pbãøiÆ:Q¹O£¨éH4�õ#Ò¥VcRªÐ""@ÃÒ§Vöªêµ: �[Ú¥Vç¥B¢¦ALGE ú¤ú u$êÓè)k1 -PRÑE�QE�RÑ@Q@Q@Q@Q@Q@×#]ÎÀSHf0Rê ´�ú*#qK#ûù8Å+\D³dÎÞzàgùPR+PÊrÈ>Ô´�QE'úÖúh¥ýcýiY""7JáüKe ëjwMÊ<¶ÏÏ]¹®GÄkÎ¥ ¨ebr ºR]´¢Ü#ÅÜ¬C± `j¢2Ù=~ÎBÛ¦C»#=t>I$­æ)8^«ÏCYÌÖ6Ç#¯jê| A¶ºÀþ1ü«mÂ<ó¸®¯ÁÒ·¹ÈÀÞüªPÙÓRRÒULÐh�¤¢@Ä4Òg4)Z Å4¶ �­!éFsHh§)§îq8¦~ÃFx ô dëLïO­3h¹éM4öÒA¦! ¦¦Tâ©É ÏjièiåOÒÅ0ÜUÍ+þ?ãúÕR­ÅZÓ[øóëCØ]NÀØJ(¢IKI@2Oõmô§Ódûô I¿åýt Î7ß Jlÿ�v?úè¿Î7ß¤C)i-@Âµ""ÿ�RJË­Hy > 4´%%-�ZJ�J)i(9GîéYNNêÖýS}+/«.jâL\zòj¬Ë9QÓ¥\ö }j¥ãÁÎsLD�CNÈÛ ÍBsÿ�­?qUÀèhâÅ¸=ª2)ÊÞ´5�4R@ C m)4ÜÐ1â£§=34\ÓM8sFÞh´iÄRq@FiÊ) ¥ @ÃÐriÌsQÍ�N£By¡OËQ³s@ óB Mýg pýÚÐ±ûíô¬èL}y­ y­J§± KôQEAAEPRÓsÈ¥$¦ E7zÿ�x~to_ïÎ U¯@0óëSyýáùÕkÙ#0cxÎ}jàR2(£%ÛØP1ÞÓÒ¬Á0sÞ¡¸ ºjr¾ç Ò\sRcE(Ïî{ÕÁÊ©öª ¬Pàu5| ""éB1ºSiíÒTI&*½Èù*ÅCr>A@ ðÿ�üx8ôÖ¡¬¯ÿ�Ç¬ÃÒCZÆ £³8p}êÕÇÝÍSµÉÇÖ®NsÝîbîèÊJ·»ÔfóS$/5¯8Â%CcÎ£?û´k¥ÝÛ³;Ç�ò*hõKûfÛsh\âµ# ~úãHw""Z³í2loî¸Á©§^(Aã±¬_ÇÅÞÝ9¬ýÌaw·Ê8æCGO¥ Û~5u¢I q\u§fÓØÅ<[=V·­|CasdòÛÑø¤î4;IÁ*»¨ªPhÒZÝ«© ÖòJ�Qèi[¡ OVÝö¦I½P�`W[mK,¡Ô0ÏzI´kiÚ»Oµ""®s»Ç¨À­--@¸ÿ�Ó§Ð&Cº& j}/ÁÞ¤q@ÊwJ¾c1êO±ó*éQÜö ¤~ýX 1ÞÍÍ9A²26÷¥{Eì(%;ü´i¼ÎØþí-Ã¸ :Ó'¨¨o""vU""U_^µOLô¿¹¯GÐ<{m¨ÜÃe$ó¤O¹¿nN¦AÄt Þ·Öo²èARN¥ *^mãD[GÊ#A9Ý}ëÒ yw@ÿ�ýJ #¦sÞ®- ÓØÆÞ à ÈÖü~dH¹<õ¬(&o�`Fåã¿=+~'UëÐcÊ{ÇaÎ ]üõÀô®£Á¤n¿Þ Ê¹ÄÂ³0Â¾@ïõÅu 9£¸1©P»A×HÑÒRÒS$JJZJ�) -! bi:S³M<ÓÖéL4öäSH4�ÒA¤M4ô4¦Çç­îÒgÖñ@ËÖ¦ ñÝP8©#dAqTãj?½M6£ÝJnðs´ÓMß v¨û É7ìw h7çm4Þ ·¥1j)³L·Ìx£ìk äóQÆÉ;zÐo[ òt }>oñRÁn°Þ@TMVûc|ß'ZÚäÍyÆ{Üß¢ ÇZÀèBëýáKh�¤¥¢ÿ�pý)Ô÷OÒ0çûþúÿ�:|ß|S.Õ÷×ùÔ}ñZHGKEZ¨O¥eÔþ=Óé@Ðú)i) JJZ())h ÑKI@ E-%�2Aû¶úVS WéZÒ«o¥d0¯ò«2$¶c×Þ©Ë-ØÝß¦zUÕ É=8ÀªSówùIÆ P7`Tw >TH8ô§ãæ¤ci­HÐNh3HMæÅ Ôl9§îÅ!õ¥`Ò})½êjQEA-Ôpô¬Ñdõ ²ª¼úU uØãØU7»r2=ÍR®_ë çhª\sóC bã$j5Uêx¦!VëùÓ|÷¨ÏÊÄ Ôó@É<æõ¤3>*2i â gz<æ5(é@-åc0­OÌmT­ïÖ¯MÊ5&Uÿ�T1VOEúUtÿ�UVÝ_¥Æ¦ö§57µY$ª¸*aÒ¢î~4E ÿ�«¹ ôÐÖ¹¬ ï]úiZæ¥äâgPíëÅZw¸LUa¢go°eËg­K%òJF; kvõ1A6J®j½ÿ�OÕ3Bªº z«dÀjeÏ­!q3sÞÉöªØÊÞ[©±¤kñk/úDeF>ðäP¡âPBFýª> ;â¹Î03WuÛÛk<¼R+Ú©ømqkpÞ´FMâþødC0Ë+kW·Xàp2 äV4ÄÎ0M&R'k«\¦uükgN×/f`+duéX¢]ÈëGKùïãã ¤;½¼7RG3ym¦¶á¸Q¹$VúáõUõñëUÄ³BTÄìàâ¬z6EG*àt®J×\½ª»,úÖ´:ÒÜG ,Ll æ ÏQD:`pÌ7ÇSØ\Äñ`H¤úf®ði^(¡·1 S¿}©¦ê¤r3Y÷0&EÎ)&RÅ iÿ�¬Øâò£ØËê*Ômò® ð4Iÿ�×Gõ«KÞªOþ½>µh3@Áª7 ? gÏlé:Ç ¼­A÷EVþ?RÆ ¤=WRÅ4r«8ÊÔÙÃ!ÎÝ­«Å�D¿ñöÃÚ¤62»¿:©\,®Ê 8äòjÂÝ(8Z3î(M¡xË1Tw5mÌÊÐ±Mû,RÄ¹Qu¤âý-""ýÅúRÔ (¢�)h¢ )i(�¢(�¢(�¢(�¢(�¬øÓÃzSÞ\Xñ yÁv­ñ©ÛÚ&Ð±Ä2Äô$úPÆ9×5¿ê³^^L[q%W<(ìR¶5Â¯lÔÄáV©ð¨ÇcÝã¯µC5HØ['6ÒF#Èq×>â²^ ß8!Q¶²ãíZûN$Ä»ÏO¡«÷zwÙï&yÞÇ(=¹$Öw±­F<.ó<²ecçéè* þñ$ü28«²�ùûÒ69GZÞÒ ÝH7ûH®zÕ¦CF,H¬ß0*Î:qM6¹:ó×ÚµN$£$¹ÈÅ^Ö+ 4ÈÊB }M ÂälåvbFqV¾©Elñ!·F Ñ¡Æóéíõ¦^ÛStË°¬0¯°Aç ª Xö x²êóZKI|«î""Nªèú ×ÌúV¯6r×6óìR¨ñQç­+ÊE 9¤À""Sæ""¢fâ¤p�¨ Í1 ,sNW< LQÐ�Ñ¶mªp3Z6'7#éYVÍÔVÅÒjoaõÎêR0Ô3 ö®¹­XÄÄûQ ÊdD­!rT.x¥6`8}(NüóL¥_ºh7\sm · þ4ÓÒCC g Ós@ QM¥dã@Aþ¹kB_¸ßJÍýrýkJOº~©ÌF¬¸¿J­ýÛU-(@ÄjgjsSjÉ$ *9¿ÕÔ÷EG7ú³@È4N./ûB¶Mch¼^Þ¡­PÆ`X°ô« û×SCA¬ØãËg_G ÖÏs$oIµd_Ij%ÔïQÄwV 3üjr*¾©[E¨J²Hç½K: ³ÆI >¢%«Ü pÆ0Â¦h¥\£«} J4\G%{¡\5]­ü""¬èÖïkmp²)Sï]!\ÕkÄ nç¾(¹Eëu¸Ñð:¨È®RPàr+´µ¶Y¬`vª3øi\f9}é\kCEÀ­m¥&Ñnb\Ü\TlMò© 9Ü©ªöç5áJT#íd÷ªî>U h|{wF}9­»%îJÿ� `ÊêC]ÃIþí f;)K*ÅNOCZ6××±*xôj£4° óOlU1µq@ÍËmVITï²½JóOûLr]Fw`c¡£FóMSÔ`Vºô>ÔnpGlµfiö4ÒáÁì""­»~ò1 õZ�|ÙB;»ÔÅ9eëÜU ®ÑöÊÜ­euH?JB$¸|ûcsx»sQHLsDÃ®hx 4¿áPòÀ¼õÈ4ä`¢­Þ=iÁ¬Âä,¡ý+7U^÷*r1IÜ® f¤ÞN*EH8% N=ªMÄâ¢^¼Ô§ÐP÷OSó S×­&Væ¥SjU?0úÓÒ¯Ý JZî¥-ABQKE (¢( �J)i(�¢(�¢(kçÏÜE«øölá ÒïF¡¤ÚÝ© ½[  +ñ>°&7)T� é­[ø|'-RÅ¤Ë àgYÞ'¼ y¢ö¡Iâ¶ ®c$ú­ÚE½>lõ®©pK 0¹$cï\Õ´[±('$ý1[ðUGaØsYÌÚ%C¾v(Å8 ³]' µ³ÜÉlUÔ2¯ ë7NÓ­® äË±ÏR+Zôp[I 5Á ´W]#¸Ã, ñµ©<^ÙÈáfP:8­: ­*f~{R Ü~,;EwlQàí5uµ{[û7x_ ç5©[¡Õ¤A>m ö}ÒãC:=2XÚÑvº¡«Ã¯<ì©k3£c'æ«0ëº®e_Fï¢x×´dwÅs°ø³�}¦ÙÝkJß\³»ðÄt4 ®\7²HîHlõ¨'ðÛbuié+ 0ÀÕ¤)ÎB]6ê&\Æx>¡có ®±¨g1 °P:Ó Setì[=+B$JÒETY¹æ£J[+ Ôî}Ó[;÷µ[xZòåJð1YÂ¢b õ­«ûì îSÝ¬>E¾Îâ¦¥Gæ  >´ðAWPÇ-äaÔOJû:1 ¼GÐ )%æö?­] .RÛy�É (öàÔÝ4aÔ¡Õ©ØUR÷Ë¸ÇzC'ÖAò°?CO�Ò¡{ÜFõSL1ÝB~WYÑ¸4�øò&TàTÀàä¯â+>°&È£8Î8«É,r «@¯a @~ðÆ+ÅÐnæº; <È¨ ÂT m>´ 8N{Óå^F'­_6 àYó,gà ÏZãj$µ ¿ÀT[_ÞïO½ÏÚ¾RcCC íÀÅW(&DÛpEIÁ  ã4ày xS¸$T@Ôy Dª@jÞ>µ\u©Püã×4Äu+÷GÒt J* ( (QE%�QE�QE�QE�rÿ�ïÅ¯Ò­|ë=Cq+Ú>.ê&g`IÞÎeo`?­xõFâôÂxÏj2â®uZbì�0¸çü+NíbX¶ÀÎ6¸ÉªVÑ<(¢GR )ëZ$1\ð+7#nS ­öL§©µ·kvå<¡ûµ#'ùS| rÛo²ó®`q4jÊÅ{n þ*(éô¤ò�tíb$9Q´õ¬]  h Úº4búV7ÔÝí¡Qôüf¹ sÃm""»¨É<×vdÇ¦j¼å\|ÀmG^é7vL@GÙ×X¤ÞY2)P;c½{½Å)Ê)?Jçµ}Ö[gýÚÕQ©`tT¶Bã5ÖxQvCp \¤ úT¡Èè©)i* J^Ô¥�%%-%�E!4 CIFi -�A`zRfi¹¥&L·ß4ÏZs}ïza ¦æ¤rm5 þfØ³ó´g!é %5®6u©ÞHÐ®qJ6É�b¨)Î\Õ-BS«ÁéWeÿ�XßZÌÖFÓg1¸R@¨fÈòO^¶p¿1Ü@ ¸§ÚÉô ë¡»âPÇi95ÍÌ6¶Õ¬ÍZ §: êâH¶é½þñéþB""9ëVyÍØ LhbîS&Ý¹îjtåöIê}*¼»7ÌBØS£,N:P2yÐ�qÓÖªñÚ­Ü0òÕyàdûÕB ©c°ªÄñV6« L§Ü Û²ÓÚò9Qz¢îÅ&ìTbå±FÚft*@ù³^ç§Jfògìñ¡Íx<CpWÓÖ½GÂZ¥ÜÚV´r4r©ôíWíudÆ¨ÚG«]ÿ�ÇJnUj¯øð Ý©äûÏJÙìr¢*ZJZ¬ÛÆÄýºVeßñ>}¨!'&M3¥©H­JMD .ê@I»¥¸¨KQºn¤/Í06MÓòÜSÍ E4P!ý Z¸ªf¬Bj,·§0ËÕ±Ò«M÷©À¢4 ""iàÃÖ4� iâe Ö«Ír�âÉ @*¸½TyË µbiØW.5Ç j£É¸ÔdfîiæbUØNR¨1ÍZái0DýM? ju©ùi@ëUú5YvÂ¨NZ$ ©Cb-Í?Èa@<Î)i»JÓM0%Þ sSeûgæµ,ØúÖ,ZruÏz®®w\½CþÍtC¥bêÐ.÷k8î[2Èâ³ �jâB£ TåéÇÒ¨EQnw|ÔF3´MApßº ÒÃ$c4 À tÓì>3Ôùç3 mU Õ:A¿ÐRoö¥ y¤ÙLBï>ÀÆ(ÛÇZy #|èqÞµ[îçÚ²P`¯= k J@T£î A Þ¦ýX¡Ó)æTHõû´Ù9CJ) îSÓ¸Ö¤÷JÝ5cÆ·õ·ª^ã9{6ºÂR1÷M]ûDÆXÖhýàj¥¼ å¬X1î X1LJ°89Ã ÙîbM{Õj #g?íRNò¹Ô�ZH»Vec¸Ò¯ü§ëP0""á±éUBÒ9ä©ÏJjKtnXnG�S°®ckvÁpn¸n1SiÈÃHrÃ5zú /ÊDÉ³&sÁa2.�TÅM¹Ã#sÉÍ< 1<UF|óõ©¥?-""ÍyJ< pjÖlmáG+\êI'MÆºÈò]¾ó-e{¥æI è XYÔ­1q""QS_*ù26Fwt¬©$q OÝ¨R¸í¡¿oâÕS�ÿ�N JèØ¨Ä]©mÈ4?%#w>Õ òGHÍ?¹c�Ø ¯ÇñSÎ ;vUâÛ£ÿ�½VGÐ3&üKmUË¯£TpkPPúÕ[þ=MròCZWPL3 -Õ^6È,k´Sö¤ÉíWR¸´[rÐÐ7¤Óáä §Ú°õÙ~Ë×Zúê>XÊQYÚïÙöâCG&13dsRî>´% Ó­Ic18æ\(Lr8§µ óO,2i}ê8~¢¡ÎRÂG¹õÕµ-@Â( AKIE�-Q@ E´�RÒPÒQE�QX>&ñvák_2òMó°ýÝº ¿À{ÐxÞ+¿øâ{[m¿º]ácP9&§Ò> è¥]u¥¹îSsôëQx~ðø_Õ&qå·c®G®Úm>Ö;±ÇÙ[ÅrÔ¬z4)CIîqWºdºu÷Ù®bÜ½QÐpãÛÞ£Hp0¾¸""ºaiìZÒ{ QÌr©É¶k6òR!ÊNx©R.tÒz-% Ël.1»­($`3~µVÊÈÍS¸ô=kz×DáòÅD¨læ@0­ùÇ~Aâ T\¥X28²ôCL Á UVówrh$I8âb³|¬32zË¼YdR ðk¡$éTÄJîOjV4RG1% ]¥l³ }V=â¢:ñZ|é5¢`Y�VÇc]mÙÉwe³\?`oFÊêêæ3Üús]¹®;Äl]h43£""ãrsjî×SÌihg¬¾z""JÎÖçý+ vý°¬ýÆWn®=+v-¾H8ÁÏ>Íã°àªáÈCÇR;WYá¬·eFåãð®däÍ°òõýk¤ðn½Î;*½¢ò3Mª (4ÑHh�À¦Isò�ÇéQjGéQ@SÅOµM7'¦ºÿ�·a·+èEVÀ·aÈÄaO$ý^wØÆZå³/ÛM1È°²ÉJô­ÂðY Yv;[²h ²@>Õ¨mõ}7Ôñ(fBdúâ½ÁZ ÐÛ=åÒieõ5ÓCá.Þ@ñÚÆ9äf´ü° Îú#JTyulò_hZêÍ ,a'%àV¯.'·³S©O? swòÚEuÃ*W ÕÊhCè^'{Y#/Z7ì¸£ñ³ ^cÖ_;EzÇÍ\sû¤ü?Pµ]¾ �,WÛýLAü«¹ky3V°ÊZ�£Ò¬I¶Î?Ý­jÆÕN.ýßë@ÑX·4Òi¬à±9ç4ìúPP¤ÝÍ3p¤Ü3HdÑQïæº»ª,äÓ³L âT{¸ =1æ ÝRD~jx *´ç²«sÃU/Jkf¯ÅÄQHçÕ "".%!ºÕY$ÈëNºûÕQÅhcÃsRnÀªÊy© â-@Á¨ PÒ#°SW `ÉYNß5^¶? Å&4] Ìâ«JMICÝ¸ª¾zÏËUs¦ËñÌSäb³¤ó3NÄÙ4àjª jbx w O4§­�\óZVXûTï É °EiÙ87ÿ�¼*úuc¥gê|ôÜxÅh/AYúð9KIÕí`A1eùºâ¤hé¼ÉÉAIö8³¹AV>¡T²î\!üjêº¾ °#ÚX¨må@ë.p:U¯Ã)·c,01Z¤ ÏÔø·üh¸Î(è×âO(=Å6X%÷èv }µHðE ÃÆ¬=Å¹æAF ç5·á±þ'²WO.e0 Ä>Z  >I&C¹ÈßÊÇRrq¢SûkIô©Zâ""OBj .öÌ,G·56)= Õ)Æ+¡Ñäi-®7 àqXÏo""¯1°9ô­mmµ»Ò2Ì©WmÀ~A%äP$u9éWáeóFýGò¯M×->Ú°FìÞA~ßå^¥êÃRµ¾ó ÿ�#_IAäKl)u ê0yÍpâiû×= -^Xú ö¤Â²¤VÏ yÜò7CW§Ñ¡yË¹ÁÇ8ïZrU6Âá9Å?}ßsÙ#YÉ·vAka ¾ ÜUÐ¹éÍû~SÓ·æõ S3Ôö¡Ëc­Q]µW ÝÀ4ÍFÎ{µ*²qç'ðU£¶ûgcßåSÌÍc½Ùzÿ�ÅÆÄûÜÁ?Z+8,;mïY´µi6pvï~Erõfc®åòÛh ­nÆT ZÐþØ[6ççtÿ�¥'»a«>1Ð¾Å£7ÙC. ç*u*\»Å«^ë×2[iQo Ä0¿×é]®¦¦f!Wi üÏ#ucý+ø´o 8$û×¡ î¡Ñæb¥.nV-q(´¼Xm#¢aÔß vuÌëÿ�¾Ô""¶T #co8ëÚº¶Ç ¯¹Í¬Ò,ÛÝË±]¤·$èÊ+ÃµÑP và©¾y¥ÒBÓ:3É4ìaAª¶ú ½Öé!'ÿ�dä �·5¬RÔx8£vj ÔÍ�KLÓIâsL A©£l5W§#|Â3V3ª·G­AÊU[ÞµD§""É­1 íH¢@ÜRÁ¨ÔÒ¿Ý Ë£óâ«7¥»l1ªM.kTfÅ-Jd¨KsA1'·=Ç4GLöÐÊ¤½yÇ¼g¨øä $á}?­sL]8¶>äÜèuo kÚ³7(ÿ�Ë4bª?XOy+YÉ=òj¯ß4ÆØ­R°i÷ ; zDsççRAÅ *M 0i¸a±ºZ¶ç""³§o*à0ïPô)6c^ÑðÛÆv·:lZ-ãìº·±ÿ�Xâ+ÅÕ¨5=½ÌpÝD~hwÔw MHsDºsåôÍæ¡cEt3LÛQGSÜÒC ÎìðN+Ò¬R=U5Ü´@ÇÈxü uv³ÎEyêzN*ÚJr:qÎ85V)F3Æjecüi\ gûüJ&Yv�ö¨~Òªq¸~tÆ¾pXfÐ$îeÞiisåÈTg®iÚf ´Ë ¼äTºÍµ¬e¥¤j7Ö¢ÑG/k¹9oLT¨«Þ\¾GU ª*ü3ëXÞ&µ2é²3Ù&`HÇëPj¨^ÑÔã­ÐæjG¤HßC° �Ç|×mÞ¹/ é¥Ä·Wc""O\uº(E¨êsâçÏN×!âgjØX÷d)9|ñ]y®_Ä3ÎÚ¤vÊ»¢ÎX{éÿ�×®Mµ±Í´¯%Ïåcw9%F�>ÀVÄ/³ËÍÇRxæ²gK/ñ È�è­n#H`@8¥e3xÂµÁ²ÜH^?NÒøAë`!C(9í\²JÉ¬B¾2¸ëõ®Áÿ�rìñ÷1±ÔÑÈ¤-Å 5dSHrZBØ4ÒÇ�úCÞ4ñHbc#©¦94ÝçÖäZbXäª.Ü×KqwûÜËÖµ í>×Ì²´óQxc»úWÕ1G ¤KTQÊÕõH[ÊÃ° =k¹ñFªxkM§ µNÓR¿¹Ô&@x9¤Ö¢ºxÑïÃqÌ8Ù l}x¯>Gô w>)cðÃGL pØÆ+¯ýÓÍÆ$ª|9, DNG¸§ ÍC¸y {WAÆYÁ ÔëÓ9Àª*Ãp)ýÙ<}Úxltâ«98ÆH¬z÷ EøïR¬¤ 5T0ÆM9[öô¢àlZj[È ;Á®ËIñX¬Wc¯ü´ÿ�ó¥b9^=E:;¹<Ìò÷\É«HV¶¨öØfG êÊËÔ ä¸ëgµyâ9ìdT,^ òõ Õè¶r­õ\Àá£nG¨úÖr¶-Jå¢N3(VæA9æÈ5%qJ­óT4áÐ#^ÚOç<Ó-XñO»ûµDu)©¤jh¦Í""­9¾åF­Ns ¦5ûaf9«Úb@;ÏVäÒ´[½Çç~ìòN;P[å D )²ip î=ª-ø ðEiY6S5ìJç Ó°|ÅÖ¥üRn¦dRçÁå5I/V\áMR'÷Ð)ÒqOþ ÔDäÕ=[tªÉÖ¬»@ÔÑÁ¤ç4ìP¨ iÛæ)÷iÛçrwª[ÎÒ/¸>ORRÞX½\ýRý*¦¤ûÞ±[=B< s(QÀ¨ç4­ÔÕ;x ¸y.=ªMµ È¾Sgaä¤àÒ»ÈÀrsïQM0âÅ¸öâDÁ±À84'¹üê,#¨©H;s´�íÇn8¤ zÔx9¤4/ÔÖÄ'ý 1éX88­ËnmSéHD òôÕ,]ëQ³RÆ~õö¦w§fy«$rw¥4y4¦2å8ÔìÏûuÒ×3uÅý¡ÿ�¦ÓT=ÊG ·jïåíÀíYõ;r­$|úÖ:T, wVaÍA{¢Ô?OQ[¶`ê2P»WµSÿ�ÌiÖÍh!s""±ÚÙâ®Øé/§<Ò< æ®<9yypóD¡±àÊqæ4±ÔÛüFQd´rC §ñ�\Û¼vÖ®ÍÌÙÀ®jëGÕ(ùGZ¨-®£ Inëë¨TwF÷DÓ^=ÕËÍ ®+«±eÿ�]ì+(FxÅug '5he YPã§ZK¤eOåY~hÜpã'­:èIÍMÙvFÿ�1(=j÷òÍq³/\4k=«OÃXÿ�I=öU"" Æd×H&deÎ®,áQ£ÅcÎÊ×§ûÕ½dÑ¤Qã¯­e{» ¹1³§Ú""é÷@>ªÆ¢ÑJ#ÆsÇ4¶cÓîØ Óô2í$½åbê@½kf=KUöï@ñ Ã³¸^¡QÈ­µVvÜpq@cñT« I­yÎ2¦§Ý¼i÷ aXhÎOËËñVu8Hß.@QHv:u[)ÇÉpÛ5lH>VèkÏ¤¶j0N:SÄsÅ \Ê£Ð5ÊvÓô¨E>xÆì5ÍÜOw0J³ÀgæïTn|W©Bê>Ë ©Üç& ·;-a`s àûT76QKpr«ÕCJñ Ýf9,äW^»NEZ}Nßí±m ÅÅ6+QFbcYW¥N®0ØR2*î úÔêsÏZ@Ek XØóïV|Ö(ÿ�(õXòÁã×­�s®sÇ§ÏUÔü£ë[Q° ®ææ«6ÐÇ/çH¢ ·7ëDë%Ï­\K¸äHyQTA0.Åµ $P7 úT§ÏÇõ,%Ôu¨5Mô hMÀyj5ÛNqRí8#>¤2dnEMÕ U£i 0íi~ÕnË¥Af[ãxÍ*ýîj»Ý@ lbäògÝøÞÐãÉÏª)s åfàÀjòÞÚö,¦IP äÂÄ¶R¨2=ÿ�:hìï/ìgdýÔªêÛÆ ;¦+4zmÈæe êz9§Ô(¢QY^ ×-ü?¤K}9#8.Ý >-ñm· ìw Iy(>L_ÔûWëÍÞ³}%ÕÜ¥ÞCÏjÄÍÖ±¨Ksw!yd9<ð£° Õ+¦±;´Å ½éM§$©­>Z®nv `Ô«(#¨ 2¨ô©7~ÆoCI ¹öäU ÄùrJ¸ß/Ò¡w!E8$*1WoCYÃåb*Ül {QJ,ì^µEqÍs¥""`:Ç*ÇáZv{#á>ëçFñjZJØµÔq 7 üøük»ñwßH½7¶`ýVÎÑü éô®¼²Q%¾©6óÎÙ9NêmrÒúõ|Õ@ì@Ú¤÷o xjÓÃ%bùîe�Í1 è=�­c c´.íÖD·%.ëRWÿ�XßSHµØ-»»®GÄÈbÔÒtä-Æ°§áÖºì×9­#Ëª"" v@Qð?¤Mt\D¶±DÈIL¼g#¡õíWd(¤E82ÛÄßQ©­ÙÏQ°(ó# Æ­`ÂTÆ Îv gÇ8¸³ÔÃÍMnu×Zm³É#""*²ôû¹5+qw >Zòó\6¥«>­ræ©É$ðk^ rm:ËË³òåR>îz 7]I´íß¼�:ñYZî· ¤änQµWú×-X[üöæ9@äv5@Ïs«\>£r|¸#s°áG·­&-¥î ËÁe ü|J3þê¤ÕiÒÜÝMA£Bs6¤@Ý7ÉõAÐûf¬êeZÔdõ9$Ò}³JçâÛøÛÀO,üÔÿ�JåQ«kÅE¼û]ßÄ¬à{Åa¨=s]ÔcËx¸óTl±É'NJ:=i 8­ PåúÔÌÙb*M>Uåã@ 9§6þ4Àr¦ü�?;¯§5!<*Ûôõo�Ü""nÉ?xÔNÛ¤ : pù HË0BG5Öø[_:}âÅ+ÿ�¢ÍÁÿ�dú×°_J°ápCUÐMu=Í¤mªH¦\ï 5¥Ô´´I ¹à©=W±®»$ÖmX´X Qô¨§+g¿v×;ª[ÃòTHv©ïÆØªD½Ê©¹ÏAH:R a¸6AVÜqU f¤a<ã4­2¤éò²©Ï­fý ²®áòç·»{¤Þê-) e¸P*KoÝV¸ ä)ä~5\ñKRy$Þ:ïó tíNbÞX8âº¡áhmáÎì*à =ON lÞÌj x""Õ 3C'¿gËn#¿¥$ùPÇ°íïßÞ»oìm<ÆPÅ '8ÝP]ørÖè Ñ° é,DÐÅö·Ôô­=0o·bJPÐ®ì£`¢ZMH¬©:ºÈ� ïÞ¯KTO+[ NÝQpÅTéqF0äæ¤bHß-RÜ<Ê¸Ùa ãl¤wªD²ÛHb¡½;oËÍ0Ò ¬wTáøªëÖ¦(æ§�O ´-Üäsß¥fÆÙ«¶ÿ�xsVgwns ý* õW=3SZ Û§ÐT�psX­Í:h< R¤^§4òD#­A+1¸=*Ù j)Jì`=(¾r1HJ¨ )'ÊqMÛÅ""ÅóaKæp0)èhÛé@ AMÚ}i6úÐüÁé[­ºÕkelYÇ¢Ðoÿ� u,<3T2ö±RÇþ±©  ÃÖÚzÕ9zRiª~cN&2¯xº¶>é»W/¨I ôWN9Qô©Ñÿ�GéNl ×¿5K[bB¬Ä(""¥Ç· þòÙÒ´mÊÎæìm·cíPhx6ì}MaÙxµkyG³`äIñ] ²ç,­¸¤;]£¥0ÅõE#éYQxI ](>üUØµ[Fcºþ4®tË)³ºÙ3ì* Õ¬qXý1¶6=l¡~VE?f_vàñº(¯,æE! Ï­E'6""?Zê­ÿ�Õ'Ò¦Ï4¬vpÒxRþ  ¸ ®èKpf®åâºãUnð-¤9íEìó7²êd´n·\UémãU !-é]Í«Y©e>¢¤ÊÚS õÅcÏî&ºï##+OOeÑ¯ zè¦Ð4éÎZ Pj¼ÚD62C!$ëasÑf u&â£< èä9_!qÚ£·ð§ %§®&Xß+íÇcHm ¦È.ÈÜ+NâÕ®% � M ´ÛR)eqæ}Æ*BqUòMÊ¯|UÛ»Ë³hÙT(èGZÆ·­¼ûÒe&lêD Hs×Ë?×M·].°?Ð-ñé\ÌÉFbçq<ÒcÕè:(s Çjö4yÈ+ç´Äyu÷í]Ã³ò)¡=Í=2Â-Õ!Ïz¹& jZ' ô¸§ØFñÚ sÉ«è%v÷[ ¤êw7Fë«Ùì|ñLõCVìÔ/ÔÕ JÐ/«PRë6ÓÂ¯ó( 3ZßÚÌÉþ5ÍÆªÚ{dV© @ÆOjEXíË)BAÕ²È®^ÈJ·;Õ«[È l É¢è,t oåÕxï\¥ãÕ%§Ï\à Ò¹º0id8å^5 ªÞÇ §«çÛÚ±NÆ°§Ü}ÝÜÐBÅÃ1ÇãëX wpÛÖxX¢ð qÏ½h§y""e# ³1ùØz}jÆ¡-­¶ ö¬( sÁ#Ðw¬®ÙvHÇ´kãpP$`æÎzàZÑÞ°¾h%ÚYá ³r¢òÉ&Y'_!Äcñ$V-Ò,³Æ ^ÛÆ ¿ºþËÜZüM$§�Æ+]2e³¾v@ùGãR\iãí7±3 ì<Y7+mlËY@è}J,2xï­7Ë+>9bAè*çö7!wÜÎ¦Ý¢³-%ÆWpúÖº[Ëgò­áØ9úäT¹XµÕËðj¢ ·@;þUÓxkâÔ·g¿¸%á:ÿ�ZóÉâºq´£&îH$Z:&5øm|×F'o_j¨ÈCÈú Öu¹·IPðÃ""§¬mML±H%¸yÆ«b¶9Øë3»E³ WxÛÅ/â-aÝ ¾Võ Øûï~(øØi©¤[¾'ºÓñ5â·²,zÖÔãÕeî>¼ÓDÃ®)à1Ö¡#pIÔVÃdpß2ÔA""Y~dôî*¿ïbû=.ÿ�Y_uéEÄYýÜë;õ]át;ã$JM«'ï-Ünî*XçÞÛ$$÷ïOp""ûA ië&î­÷sÐÿ�:­åÉ|§JNè NC.*�r9¤á¸4ÜüøÏ¥UmqÖÁÅI2üÁºÔ] GP.G#A4sDpñ°u> ú«GÛÅ~µ¹nî�[Ùº Äkå9J÷_úÑ¹Ðï4lµ¤bö[¯ëüèº×¬ÛGÕd²¹ùd^U±Ã¯b+*êoÝÉ>¯añÏ SÄZYxÖà´MýáÝñ á ¶B¥N± k¤yYèÑ:ó'öFUíÏ5èºÄ°£;¹ÍyÌà ÑþU©¥ø]-Àdò3Ô/cnmO¹¿¸â¹GAáÌªÙyæmã]>|2} ªZ×ì!M¨èO©4$ö-JËq.£ÄV0ó¥ñØr{UyßÃ´Ömî5I%Ö» ÄOºÆ,òH¦­ÔZô*Éµèe¶bÒm ;:}�©¤ o Ñýä?&Üg8í-)á¹b;KGlæ©>ùR8Q%á±É'ëXÖ7&vwÆ3pu Yaº""# (â¹S ¤BK2¡×-]/à-çÊ~eÚGÒ¦,rG^Y\Wâ/Ek,Ö6¥ÄHóänì·½_ñ¦©=ÑZJu?Ê»AÜ×jO<×¶ò¡ òWxÆv°þÔÛDÅ;·Þ-ÕmïådÕFs É«:v±ªÝÜDñßAn»K36>CÏÛ¥G¨h­rÂU+ §ïî^¢¨7§y8ä·F~éz|ñµQ{ ¦ãë« E¤n8ßèþ!´ÖU/Pe¼Vm.ø;¨FÐ""öëÕÒZïEÖ[° ¯ÌðXT)k¹vÓcÙ÷¹¤å5OJÔ#Õtøîba0Àv5s » Åy¨Ì®iÌ3Þ´w f#¦yÍëS2}*3 lâ »rf¢cÉ©Ê s#<Ò ?55#ëS2©íQ2Ü(¨ädÕ©Ô""­Ra<¤K&ßÉ¶Bß=«Ëâò^RËëðßøHêæYnâL3ç¶+Ôþ"";Áà»Ã7²'ækÃñIÁIj©(;£¸³ÕôB?pzØKM""ú y!O÷ãb?yqëWluk=÷FÛº·CXÊò³®3¤ÑÙ¶äËï& ÏS~ue` -Äó>ë¶aMÑïl5È42 ¶@³é¥Qü9À¬}OFW Ó$P¹X¡C2GE§ªÛ-ÅÌq2rävQQÿ�lYéÑù¹ìrjÆÎïwp14�? }*éSæ*¿,wÔó 2ÿ�ÂHbQòÇ¨ Ï¯â÷/âÛìö`¿Nvõµe U»;%qóÐ÷¤ä£Q¾ ,¦¹ ª Oï5iAk±ÀO1Çñ5^ÛÆÕÒaPskU[Øê$·# #ðxô¥XòsR¥8c½e©¥MG%¨ô«""ý)X Ù! *·ÁÎ3ÓIàz¬cêvZ,+ óÁ^Ýêö6·$A © ëTF6ú÷ªó@ÈëM9EÝ ¥-ÎO ÅêBg Æj&Å äs[R pRNA¬)Ùzñ]têso¹ÏR/ øåkªó ñYn[ëWÃ)r7=3Ö³$?é®§ ç¥lm }é£¨¥:d4Øtu©W¥Tê}ã8Å.ÜÕa&Z9F9 ¿o÷ f«jý»*Ñ îìmcúS5Û}étã8ÿ�Ý·Ê úÖ?h¾PbÇJ ½ ¸ÅP|¶>Ô×Û,zTÞ`Ëò ÔÍK! õ â~P)÷y­õ¨ÉG@}}i#3J¤Á¦zPÊ�JÃiÉ¡lÈ<Ó ÷£xÇZ@'Íë[?ñè+ põ­kÍ¯ã@ µ©ýcTSqtõ""LÔµ4õ§ ÃÖ¬Wïq¦½Jh'U8}$Ô!Ìkô®[Wâ ÛÓÂsgýS-Æ¸Ünîç.jÈúÕe_µMó`ï5QÉ2 7åGQ­»Â¦""¹{ÆÝ;)��{WYá!ÿ�«¢} r Å9l%¸Ï`æ Ãô5nµ,j©¹V/D÷/YUW½]LÉ8ðär Ìë¸âÒG; »¦#Áñ¿}ªNäÈÊ·×õA6ïLÕÕñ© -º?¿JåæA&wcÞ¦êSÌd'9íEÃë×Çn8Èê ]ÄÑj6 ×hæ¸$ÝÐHxÔhÊðt¦4};Åp¶XÞB½A© »§J£mäCêÕç �u8§ÍcÎ4\\§§¥í³¬ñ·Ñ VÕ%Skò°ê9¸xìâYQw`kE-ö|&|nÆIÍÂ×ýRóÚ¦ 7C\úm´7ïÎÍ[ïVW`³Fàyy fsU!Ã_L0¬¨õ}Hs%¼l àj$Ö¤òWkWeîWµ�í¡qHúUvÒlÉÏöªIâ{N<ÈæOªÔñøM´ªö¸ dz¯%P+o M±Î:÷·u¨[5äL&M»zæ¦IálOÐÓJáv]?C¹µû®¿­ È&i""@2ÁyÅi. H$Ô}ýX7h²3ew|%)võ""µG%úUIbt$qR[üÑóJÁrk6Ûn¼gÒ²|HÞd F½^¶?|FQwf·²Fb:ÒÏÛø ÷écFhà jüÚb[ZùhçiläÔpDÞQägõv4¸X[O,Í&F§æsLÖ/ XÑ1ãz×ÊD!v*®ö>ëXæÛ4¤ÃäÏ$g©ú×<ÛfÑIñ¶Ôû[ubJ©Î=,Ç!iA±îÇ¿ÐU·+¾Z.xÂ tÏsMmÑÈÈ]@$õOAõ¨H¦ÊñÙ S&âÒ·xç¾;}+'Q±n£¼¹¥ C Ïa]$-¶Å4Ó7Íç R{TS¼³¬m¡v{¥ZDÜÆº¿ÔÆÚ´Ï%Ë.´x;=?±óÜÛmkY#,7È}òjZÚZÞ°1 »×þÙõ>µxY]]@w²ZE' \G,~¦ÌêklÒ]÷óó3u=ÿ�­bÅe#*¼±C'åQ×ß&ºÛ»84à µµgnKçëT®-¶ëÙcG#%P`(ô j-u%·7M§·½vÖ:<7(""0\× >}Ã4KCcv{ ôo/oFy®zÔ ºUºð³Èá¼ÌãøGJÇD²d {WH Ls·n3Íf\®¬hX_¼(xýú×ê­$ºgÐ»7 &¹##F ¯ Z¯ª4Úwaæ/´&ÒEuBªz3® ïÉ¼A¬Ë®ëwZ¤þõ¾@ G�~Urß0�ôvò,çÞeÛ$GV[>XÞ½ CH'Ôy`õ¤.CHõ�¦}i $tæ²Ö¥^MRHECnyO¨â"": IûÄìÝÅ] Î)ê)Ø"" ¶åìÆ¤e«È >eèzÔ_hd9?wùR½·Ò:woÈ«[ÖEçRl§#¨Ñ+ è:®*hÜ2ñQ8ÃHcÞü$Õÿ�²¼wo6#¼F·o©ä~ W�:æ¬ÙÝ½ôQ WR;sH²ºòo xâëW[í)M£[ûßCÞ½""ÓX¶¸ÑàÔ·þêhÕÆ:ÉêZËÝj æà<ÂilË¦ÚwG/aà¯#¢ä c9çëF­gk¡èvó`ðIæ3 »|â¨jÞ °ðâ4Ú¥ì²\¾Y-""r[lð>µç§ï¼I9âUå CÀ÷'¹¥]:«1á$|¤  lÞ(àé¶'¨|Ô=vûN-û¹ ÞÝOø÷³Ò¾nø&Hø·ÙåþUôéY09Æÿ�XßSBÒ?ßo©¥Z¤@êçuø$kDf0cÝ½}ÏCüë¢ëXÔO=Ìq""ÄpÄà ¦ºâXCvbTð}0zñM""FåDX°ûÇ¨ÅC Q 3¡$Èôô¨'vrIf ¡WwlTLÖ#íçÚàI¤óÒºß 2î.á\¬J±í-YÍ]·ÖWGÑo0¬eqµ ôÏ­JÜ©lfx¦üê>!Ë9/yãµ¨ÇºK}y ºÎóýïo¥%ºo¤T.åÎ2p)ó$EîbGéÅCÜ¥±<3Ó£YB»Ävmà×Ó5NWFæ2Ï\z Ëdùð}sHÉæZ¹dÈ<)ÏOñ¤ÕÆU´+2íË A^õrâ/¶m;J¤¶´0û7î^Å\¶ËS$éJÖÓx ÏK{ÉýÊã ZìIâ©iÖ1iÖk C¯,}M['+Ù7¨Ò7Rç@qMÔÀ\Ó ð3RiÊÐÝÚÊ\ñNíMRwP�iæÞ �GvqúÕ?0«ùcëTÃU-{Êb¼»Çz[Úß­ÐÇ/­zvþ*¥cm©Ú½½ÊnF ãÞIØò l µÜ""FPb´õ}&]ñ¢`Æ#÷_ 0¬Á$óA¨od PÏ¾T¡lç¥H. 7A@Ù3Î)Ú]Ô¶w""xNÙ÷¨-ËlµNûÌG5@Zñ¶½y©h^DÅ~jw¯:¥vzä f) ¸© k3ÔZOZpõ¤ÇJ 'Ó5It}A.cÓ¤7G^à×¨5{+K.ìÇÁ C¹àt\ñ^G*ð}+Ò~ ÜÈbXFØ#hîëùTÊ7LÖÜek®,f+9P9i!;Tznîi ñ Ñh""ÓãÊlné]¥·³YPÎXãüGØV ¦Cw¥rYäç½*5¯cÇ5ÙÞçÄ7óÉ í)%3µEx´|H¥ãJ@pçéLå,ç!}ñMr¦ÄjI¨·I÷E,³ü¡W©ëS'Ü°â©9ç«~§Y ]£§z�¶@4 ¾aêj=ß)ìâ?|Òð!W ëïNfÀ ÓPmÚz2Oz@J""ri¥¶·Ör[4Ùq¼SÐ¼ ¯äÿ�eÜ8ÇXI=û­w¹ë^ oq%´É,nUÔäØ×³hz¤z¾È >6È=½D»ÐÙð2 ãÌq×$bVHÈÅE4hqrTv¤Q¯m Úxzv® (FpQÓWeª9<¼+¤ï¢:)ÂÚÀêj©=êU_ZÉ#G Ð¹¥ÛRàR «Ì3éJx ôà8ÍFã)ØM¹ÊúóUÜ6IÏJ°ÿ�*ñP3üûsâ@Ùä Èèi AÇ^8íLo­¦1hXûÐ§âá*Eÿ�\~ÑÄÈiàþ÷>ÔOÚzÓ³L'²Eæ¥4Á÷©Æ2µø÷'ÜWIjsiÿ�`W7¬Ç«þÐØØ@Ø2<""xAºügùÒ"".Iß·læ%® rjàhÔ$qUÊ.dAá.tG½rW,ç¹5ßC¥ K }ÜÂ ½»I!Ö´õ9boJ%#ü«¢ê§ @íøOWCþ¤Tò²ùÍ,Ä�{ ìuÿ�z""~ZÂþÄÔ""S¾ÞMßJßÔc|/ [[~ÜmïM#UÉ=kR8D#r¶W' ½ª°²¸Ñ>û&¯$N¥W ô¥b®GuP¸ã5ÑøevéWb°î^õ½áá&ïæØæ§à¸ÞF@5Q¹HúÐHØ@ò\3dîâ«y±¤Ó«Ôv©]ÌÙÀ¸¨RXÄóK PÖíÎk½#y&� ñ[×ó Ô|¢¹{é]p§E""â;ÄQ¤zd,>Zå¼ÇÜõèÒjví W%wµåÚY¡ýkÑµ V4( 5±2Ü}ç¯c'°�ZúuÖ¡ö]×È=v5qóH,Eà¸é]Í£$DÇ÷qÒ±(ÒñÂ±ki0XàûZÕ$Û#>1SÙ¨©Ôõ®ÄwVÐÃæ9ËyùFMM5o¯àò©""9ãÖ±t÷eÅÄ¯½ g¹ª0Í Þ!D§*F7{Tèw9TüÄw®j¯SzjÈ×õr4òg÷§Ò§ee°îA#ûªaX[îa¹ÙÂ¢Î¯ý¯Ê¤rdU-!<ÿ�ê©E2YY¼ÒB v8}¿¼jºÚÇ Ê~÷4Áx³Jª£22å¿Ù mCm ôè)Úâ¸ªLÛæEÔD-þ÷øSnÜhmdÇ§ø Y 7$É$Â³õ]yl­+T\cSòêirô1Ûi°yh¨ea¹ß¹õü?f\ê±\8&Uô d >¡5ÜÎP|Î íSè=M6Ú!Ë^<ÃÚÅãu ÂCi v!w3õö¨d°°ó_{¼Vúz Ìt1ÆÉÂä�ÔÚkt·³ù®0¤÷8ÿ�=~Ú×Í¬h±ÚÆ0«§ú×]bLNr g¥fÁ§Go,137÷»{Ö¿$¶ñ®B/ZÎKCjrÔ× w Êp�g¥EîùIäwÍ9q·8*k¨'ÁùJ¨Ù$ þÕaí`:vªòp7´ÑÅxïJóôï·À.$÷_þµyaöû²P G®kÅõ _±ê7§¬NT Q]Øj®WÐâÅSå2êWd :Ô@?+ZvJý)=ñ]G!*Ü8ëÜTË¹Nzå4ë¹O¸¨aÿ�Rã«ÜGkðno#â5²ùk©ÿ�ý+é3Ò¾?ÐµI4}rÛP¼+=çô¯¯cf %_»"" B3XÈg<ßëëJ½iï·ÖhD¬}h~æB3» Øõ­zÍÕ$¨P0 Æjm B#§å]£~ úýk*ÞÛU¿q × 8ÎäÅmZßgÚYØà³rZåÛË¡)¹hã ±ùLYHÎ�¬Ñl]<È6E }Üzýk^É} LJªâåï?+1ç õ ¶ém pË È±²±ÄLXú ù8¬bùYØ×2³<Ç|m¨ªôg ? `_ «¨ø[øÚèBB¹î6×)¦¶½ÎF¬ìKÇ4ÃÉ&N! /ÔÐ""5ÇßJýiAÛr~Æù%#±¤1ó7ÈE5ÏsMî\ThIõ4°¬]³Üþ:ð0*$ààu©ã?Î)ÂZz 1zÚ¹b:zÐã~zpiª»={Óó"" ¦1àf7éLü¿4�ªßtÕÿ�³ï¼ &àû Æ¹ 8,müª@öØìc#m*§o¹¦ÀY¥ÉèkÁÚ±Õ,Ì2Ê{té!ûëÜ±/uw;(ãµCV-;¥£~ìU¥nj¬i³¬�kè6)áóP®jOáâÉhsIÙh@IËS)I¢bØàT,ýóÍFÒ*³Hz|Är³Ç'ó¦MóG×«Þy= 8¶ä9è:ab/0ää}Ó×Ö«3Áöô§»óåMU¸-±(nÅ!Mr¾nÎp*¤² "">X'ñÍBê74Î:ahÁÏ#<ý)Fð'�(ãY÷Ø$jÝJ· Ê8ÁÍdÞî[à»pØí] C²êX]ayPIêj8Ël`¸ÇSLº¸y~Jc y¦%Æäû `WK0%V;ªáªK?ÍV-$Þ¥LÔ>`ÍH¯Å�[Ö ³áúõ¬¨Û&¯[}ñZD ¢6í:""}*ÅùÑ·tª~ 9Ó#üO¬ º\çÑkñ¶3Ì°""çÒ¤2&8=k·¹}ÁJòzfµ`ù%Æ}ªhæð)¦P¨ü¼ÿ�£Ê^i å¯þkúÕ}¿ YÔKÛÇ5UNá×2Å+O :ÔGÆi ðiaà3hÆ* ÇÖ'Ö'5©¦Ý¿Ö±2k[H9Wç½�Mxq$dzÓýðúTw¿}>´àI~Y¦7<Ó[­Z$3ó SMþ!JM03µnlä­Ý4çL·?ì ÂÕãÒO¥lé:E±ÿ�b¢CEX})HÉµyðøpCZ¡�ã­H¿ 5äkK¢9YÕëGDÔúF pkÄ ªhòNUíQXxâÖÞÙ#z .gx¤ pq\¢xïKþ?1à5f?é ÿ�- }V ³7e ÖMØÛ<+ÛwzOé,0.9úUkíRØyÀwRÒb`3 ¨¦ýÙÏÍm ~V-oNd]ÅÓÖ¦ Âæ<½L K±a­c? U¸±·³³a""·P*ò^ÛHúÕMRâ#fÄ8#ÚÃmÌHîó¨ ÀºiÉFuÏ½nÙ:ý3xõ«{ ho@""¸ {´ÓtÕ·Ëðk§ÉöÎ+3X`#w,( ë£ÊÌÌÁ 2ñÏJ 4Yâ-sF®õkô©#¤#Òâ%Úa nÍQ9íMldå WVÁ±y¬Ý,îç7Ð3gÕd¶a:Ê0Ü µ[4ÁÁíò×¤ítZ ¨§ð¢ÃR<ûÅ(Ígn½¶s\0ÏËÇ5ê÷ÑE&°¼JË³¡ T§FÓ¥QºÊ/ÀS°¹-Ñ#gº}¼×¡êc8è¯Å¡é9dµT-Á*jôl4m»zFÃnç-ÚÅ, @É®Ï@ºk½!¦eÛ¹JïÃvK*J Õ µ¯§Y[ )_#$ò(oA,äa´¶ók ñT®èÐD@q)lú×m´à\Æ© H÷æõ¥Tâß®cÝ ÍP6<ÅQ¼ú1äÿ�1VaLU0¨B2k4Î ÙOiÜ½k[É$!ûÇ9þuÅ{»{""ºBd¾I>f!¨=¿úäÕ«tóYY÷(#pÎwO â« äYqùÌØíØ¯&­y#²¨Ý:ähL®øU0.éï603éZÊltíoÇï?*'s�Éåï dú¥p^ÝÃ ¨Xþ u9ªªêWiq¹dÂÆ�ä/sUÖªP³ÄÖÕõ¯ 0cP;öúÔZv=¼¦Kð\ÃØTØi ¶'ØÖYXâBB¨Îzº4Ä}±ÇÙ ~fïïZ@ÍráÂP1üøÕÖªÛÆvÇü)ØW2-¬m­c 36r ¹üªÂY¼ñf%K}ñWÞ,Ôãl|2¯�J{FîÁ¤É aP  aOzÏÕPm�/õ¥º!Îõ 6à«éRõsvÀ=¥R½td@ÙÈ° ê%±¬>""àe ¹ã< Iæ³ âÕ¶Åuµó¤9<õÀxÿ�@òdMV!äÇ±¯MXv í QÖ³5ãÒgR©R½iJN¹XûHØðÁÏËÉùMOw�¶¾rÈÛ4ÕëÒ½Xê-ì#9 §®áÔ0SL`üÂ­+Ç 0ãïHX­;z·jB7{¡3dsUÛå9;¦Ëùr CXf¨\ 6}x5zhÙy £?+QjÌqíS9ÃS->XóDÖA£%xýGÒ¦5ÁÙ4Rva´ÔÇR2ö­Þx{SR±`&  §¨5cÇ^% ,×`¿HÞ4[tËc÷XrßMcA ¢««g¨ü)4k,1!i ¨ ÍkßéRh÷«k*í)Y¾½éÞÜx8Q¶Èêâ66ÓùÕÝa<ëm3P,Í,Ð§ÜrDpsúP R 4*qÓ¬'J�5Z÷1«0þ,:Õírz<¯¦>øõÏ yÜµÆÞCÔ¦>SùqøWÌáã+Õ¾jÿ�eñÞä½pÏ÷$~Ö/b[o¾ßSJ´÷êhSAâ�Æ0#p=°9Á­¡\ÿ�ÑØ«#°Ú m òhcæ|q0HäCÙpú ýk3YÑ[PÕ`fWhõ>ô«HóÚípå å@#¶0kJÕ&Týáäô9©½¹ÇË£^@m¢XÊäåÀ,sÆ©åËÓ­­Ù¼Ç  W_""*²£l'osþMr¹nYÈ ùSïS)h8-JYµN*´W-sx ·B@ÁûÞÕ~øù!÷«#ùÕ­O""$#sd|Üþ5IèËêqÃº¥Äìò71És¢º8`{m:Ú3Ï­oÂRe#Ü­qá­i¥bm$tÎT) *åµåk P¼·µ5ÞXüÙ<ÿ�ú«¹ðÿ�®t;ÛÚË ½ Ö_¼=wgyöÛ¸Ì*CÔîü¹¥«]Þº´op?( .C ®zÖiäT-3 Jqj&WÈ`¸÷© Qè*BÀhlåo¥G»æ )\eG·rÌ@ã58ÈGz° ïUäàwÛø÷Ï½QSó ³1&ðª[ îZ""¢v§ÅFÇÃð½Ñ¿Ðôëå S&æ]æÆ3Û´ü»s'ÙRf1Jw g¨öæ¿µ8î´ >ràq<£ àþ9æ½4J$1Âîco+v°éÔw¬Ôëº¹á¿¡+â+k£ ùöÿ�rN£k\p¿z·ÆIÄúuÙhÍºîpðÜÊ¼i *|D ¤óJb·Ì3J*ÄþFd 3pÜöÅò¹î(Cò±îM&wRÂx4ÔÁc½$¢""RA@]S´I½º�¨ÁÀ""cæªÀ U4©åÎ:æøÖl ü¨'¡¤?s Hbç)²cÊ&Ç?Z1=)¶>¤VªèØàÔ}{Ò­£ê/¦êQ\# áÇª÷¯dÒ iu ÎàbuÜëð¤<â»ë%¿ö=äÀùÆÓéJJèqvg¶ï¦@{×+¤Ï¨KÖàÍÝ££¯øÖ=üþ#ñ ,c·jàÌô£ etz@eëNã¯2°ñ¿l·NPqÈÀ&»{}U Xö4\ ªO  ÎïzjM ¨ OëÏZ µØÀ95FÇð«{ôä v¡0eG?6ÜsÜÓ\ì ¨yëK!$m§zGÊÄã³60ÀTeY@ EHÁ°O®JYmnvn1 ñI²YvAf� ßÅÍ¸#æ¦¸ó :Öf¦Æ6,¹`OZh¬gÌìö»ÇÖ¨_Ëþ®� Õ©|D\gTnÖF¾UÚw7 É® S¶ÂJAÁÆyè)®Hàt¨ç&4>Õ Êç=k¤ç-+ ÙéVD-f¬¼ûU°ÙÉëS«â¨,¸ê*a&yÀú @i@ùæ´ lYÌpsZ01b´='ÃG:J süêæ®»´»þÁª>Ëi sÖ«ÆrqÒ3ü«ñ  2fÜ:UëxÌr$'ñ¬A4²""|Äíé³.ðÄkFJ·9ã""æ9è¦±ìG¼zt­´v¥H ¾¢srùç½RÞ3W5RññëYÄ óI·(4nZ¤Ò\®( ¾^E=~\ñ@#¥iéG;À¬Ñ&{K$;oÿ�ë@8>Ûãò©÷ Þ!íZê)­J¦Ýj, Ã SMî(&:§6»ZÚnÑmÏû?Ö²u/øôýÚÑðënÑ öÏó©Hð0ÞFÀy©#e`r®¹Ûõb0�'©¤3µÑc á©21×3s ¸QÖºÍ á¹ �pk»+¢@·#d½ioÚÛÎ;­q#=ý+BÄ`úR(Ë¤�ºíb¯Ê>è®_äÈàïÝø êõ¦Dµ^Ø Ê­ÎF uy%ùºD!p7¶1ëS[:ùÒeÂîn Ua+Ä×G¥DgðÔîò³ yÏJæÙOçº½!BøZ|æª$Ëcó®¡eD¼Wjrj´n_KøòeHÙ³S!¸IîÊM±ØÑî²²Ó¿5þ¥> ï9izVC`]íZÒ ÿ�·ÖlM"";_kfaxÈ È­5×µ­ÅvÀØ®vÚEûIÉï[ÖÂ'Q»·­n={TvPöñm'T­µëÛ)ç?cWRüüØ©á\Ãñ»ëY·F]1vãÅPy©\¿eBêðc×#%Ê6À íNö-Ï\_ hr8äçÝM_OÙGzÍ$í'½x½¶ÉgÉLdè¼I""¤±N<µæ KÄÚL¸ÿ�N>«ZÒþÒ[`ÑÜFÀ0kÀmeõÊ©uÈÈ""½Ê¬cÓd( 8 Ó:V-ØÜBñ ß'Þ=ê±w ÚJQÕÇ|óT|+ü·r,¡Ê j~½¦ÛÚÀæÝ êA¬ç¤YQÖHÈÝD±ÂòFzN?ÄÕédYÛ`_ÝGvÇ·AúVV¥q$vñ uqÎ;þ¹©l¦Â±o2åÈöÅs &Îf±g�2·Ä÷b8ü^Óã6Ò¹Üîäó×5R&âÃ¦W*§ÀÏ¡w:F°o<8É U¤Cd[WËY)|àü9ëúSuMÛ0FHäeØ­è;àUX§ò#9ç ²F;/^k2I ó;Ü)B§hldþ4Ä\åºxá·EH×Áqõ­¨c·/-Ìp9vl?áX0 DñðÉ W=½Os[GäÀÀ HàÒ(¸²*[ï}»ùÀ µMï3p¸yã9Ú*?.ââAXgÉÝ!û©ïYZ½æ nâø½ÁûìÍéøTJj&ÔèJ{ ÚPH 0 pI¨Þù ;r�ã$ô÷Årf£o-ÁhîÞo ìsÇ ô«óÈò,Ê¹ îGJî´é8;H¾¨  ` þ¦³ÞC-ÀFùÆ�>ª-»ÄM\ä×*ÎüHxeäYÉ³XEt5'¸ heóÜòG§ ©âÜ­GëYVQ}¹ÑÜs]­¸9ãg\cdKBdõµ§¤SÌmá,ÿ�-OB} R&Ý&ø{&îNzÔJÝûSîòÓÈOqÏçQ¯""½Hh*[ÆEoqM SÈ 9­Q,nÁ0E8)VàÓ#¨¦!lçÔ1çVÈj I¡¢©}  +>è£mÙÜÖ« díapTÿ� ¬¤ÊF?,@S J¬BÓäæ!³/nÃ¸äRÛIæD=G l7éP@ÞEÛ!û­ÒQ UÊÇëWXwªSpd¦Á gy5Üw6Ùapè}Åw+ÆãIÓµ4È ¿¥ È@Ü¡È¯<~ï£oªÞ} t³1ûÌ# pøÆsÖaÄËðZÓSØáÁíO+½zäqWÒÄ$åþ óïZ>¡>¨Ã{nÅ% Ã¡ 5sÖ¥À5(úÊíoì-ï³Æ² {Õ ¯7øsã+9¬-tc¹·Ýq@ö5é IèHðk^* Íwä×1ñGÅ· Ó­­tÙL77,wJ*£ÓÐñ÷ñÎ³vXp |âcê{cÑ,!,§ ¤gZpÖlmÿ�ÑçæCÀ`xâÆ> �íIÈ ¸ÿ� |wâ5vs~ ä!F'ó*ÝKo±íK­iþIó% ­ò»)õê+&þAwe#óÜa¶Øöö¯3Oþ#U g¶eô6Éþü@×$e,ðqØD�4J*Ú$ÓÔïodeYUzg©'ôë-XXÆÑòzwã½p3xçR^o`gÜóMµñöÂ@tûIL$º?ZG]JôÐô%ñn$çt® ~aëÖì ¼f6Ü¥¯ówü,SiÐìzc#""ºK?×Ö±C&ùj+!\ãÛ£K£3NOt{$ Îq`W+Çã§�>Ç ¸ÿ�ëU>:Ù*.6IþÇøRHêæå;çò¦ 23É¯3 4fvz¼vt4Øþ5hDa´ûåÿ�¾Oõ¡ LôÒyâ.Pps\?<;p¼C|¸ëÁþµ~ßâ ¶ít=áÏò4$ y» îü©|Ã¡®püKð©îAÇx â@å~±·øPÐEI>µlV øãÃÓU}Aÿ� _øKü>ØÆ­mÏ«b ³q¯#ÛÐñíPr:È %Ñ j¶ úh*Äêµ»V%R@OåTIqx¨ÃR àPO4ÀplTlÜô5""Ó `Ð22ÇÒÌ{ q54ÏxÄðÝÀ#¡õ¯+ I@T,G8µzO¯ ¾-ÇÞñøkÍQÝ%X Ô élN-òjhÚ5$³eAíÛÆÕåWvâMÙüOr$½8ØDÎG©¬>wPM!yû ÕRsÎ3W±wB³c84ß'¥H¨&!ùM %Ï ÷¨b}ÃiëR´Äv_ µa¥xÒfÛâ['ÝWõükß¡yOæ* !f*}½E|¥ C""K 6 ;Ò¾ÐµhV÷É;/Ú¡Pø(à|Àz ÎhÞèsÿ�låÁË# duvWhÁÈéøðôàÿ�Â:´h I4Eªó&HÓ¡æ¾oÎNiÃaUZ´3mnN 6VýÑ ÔÌ©ùAæ3À¥p1 )Ã X3ýF2*Hó>´°�Ü 5*�I¦cä¥«Î¨D ç>åÏà8È§!Ã{Pg®)3""÷±Mîi1¡»°J§å5®EI~TSîE=}*3Ë ­=y O :Ò«)ÏZ¿¥iójú½ ¸Ì¸Aíê /`µÏnøayy«é/sv¹XÛÊNî\×eue ÈÀ¨äT:>o¢i6öà,q(QïêOÖ´w z× ¹Ý¸« }}áÛ×­C®cC½¾\îàðkTi700[9à'ý\£ cÖ¶.mÜyñwëÅ[·bPGò¨] Ê³à}¥ 6î½Gá[2¿ãSyaÎx¦ÈÂ1Í+XN\Ãv  U{5+>{ÕiIsÓ¥!Ø¢óî Gje´Mw)Ëh»!$Ü98çéSÙÂéc÷Û,ÆÃKéÂÕÞÆßÌ¸QýãïíN´þkE{ÉRlechü*RM}sg5­Ç¨­FC ""¶Lö9 �®88éKÍÞÖ0±1¤aÖ¼Åßº~¤Ï_sFÑ Ì±B\ªÜÍ× §½]þ ;I-äÈäà1ÇáV)Ìp ÙMY 3ÔÊ1ù£Ïa¦£0Ü¡­çÓ×P½ÞJ¡<k8éñp{¥ÑeÀ<ÕÀvBl3¨Æ58ÞCSÇk· ÎÂÅa»8«*Æ' §íÒ�pA«I KWå<@6ÞBw ~©nKc HÅTµUùð2+^ WhÏ ¤^I çNt`1;VµøÎp?Ø?Ê³<*�Ò ß5±t¹´z¡¬dýâ£±å©$HGÞ<óV Ìa: g¥6H* »JE³g| V¢&ü+aTZq\òÆH,8¬u·ÃñúÕøæHü¢z¨¤~¬Lw zÍó«ú¤y»U ¦jYH_4Nó 4*ÖpØÎ8 bXRlR`zÓ £ð¤çV»Î`Þ¿­_ÒÛ7 Ïj\¾ >ôüÑý(¾Ï>´ÐØúÐÅ4Ö<ÒFx¡ª By¦Ç¥)5@UÔ9µýÓW<2ÙÑcöcüê÷6ÒºjÏ [:>= ÔHhñ¢]äo©Ò2 ô ×a>f&è}©íàgN.Aü)Ø9ý ¾}ë»qÏ­vÑX ?DkV`IïYßðËv¨ßhAÞ!¦byQ À½ Ú¥¢Ç·Vïü 7""ááRÂ8L}¥úT¨  :ãH5ÖxãD´Ï þUð5Ê>ïµ¡Áô­ fÁî­­­Àe�j%´Î2Ô É85&îVX¥ÊW20.cB'$WC¦ ø¥g'M+xBô°ã w«é¥K§èRZÈUnÒ°¥$Ï?Õ%Ê%¦*-=±0Ü1êMuSx úuVG/Ö£Àr î§ÐÒ³ 21Ën¹%y�VæGôù¸«IàÍF'8òÈ#ûÕ>£¢Ý®Ì-ëÅ4¬KiM¹ÉÍÇzÙ´»}í×Ò­ÇàÍQsò ÈìÕ=§ 5Ù¼ÈÆ=ÐË+½÷°FIûÕGTãûIÆWy­koêP^Ç+Ä6!ÏZÊ¼Ò5 ×Ê2 3NÚ Kí¦Ùn7ä)fIK­ð~¶¬·ãýáS? u2âÓ#8""¦Ì¾dEâaºHÀÌ@ó\ªÆ 5Ükz.¡{r""Í `ÊO k@lÛ&©¦JhÅ 8ã ÝñXÌÈ1ÿ�,Óá hN¬lÜ¨#Ò×4mBóP_""ÝØÆ½v «}b\ 09¯MÑ¼T·Îm&²`2ôàW%ÿ�Þ´ó{ hèZ.§i«¤ÓZHª8 P;3Ð¼ j°é{Â^F$úóRkfÛû£,OÐTúlûôëq ÛóqPjL+¹Âä· «r©­HN Å°ó�8`\LÖ9uYLR6'wBz]?Wu± òÆAü¿¥\&yçwÌG®F dLË¤¹fÃ³Øþ\U P-äVî@¨`g:~6·:C n Ç©èkWp]1'Ìa§ÿ�¯ùS¸+­J\´3yâ01ùåDW7?ÚNg $o» :{Â¹¦WÔncÉ;ÔAçp'¥·»¹¿D²¿f ã 2i ¥ Æ§¹dîèÚ· Ú&äF0};WA{ýîJ´9Àãò«§P¼¹{i_q>bn÷ô ý?Kv4nÒ;=bÿ�û DÂÇÎãyë¸×\écRrÓ9é¾G=MoxýîeÕnO©ªOm%ïmìF ;tãÒ¹.Û¹ë¸(ÆÅ ÚÛ@ðÜ£Ef+·o/RPmíXàîr1¹½qUà³Vxt»uVxãÞÅGÝ°tHÄJªB¸çv9Çzjm3ÓÙS÷vX¶I?xÃ�uÁ¦¤¹ÉDGp ÇJôñ-Èã÷czë]hñ+°<eÏmÜÁFÅ};KÖ@0Þ¹«M Rv6Iç°îaëÒÊÈÁ' + 7#@ÑòÊAõV³}1.`pßÄk¥ÖF}ÕwäÖcØ$Òù±$j8,»=Í22ïGÔo!?i#-ÈQ÷T{ ÓÑ$�`ã­k·/jÑùPUÆß4�}©,aØªF�=*v RÜã|c¢}ìßB¹sóî·ÿ�^¹0Àu8¯pºÓ""¿±ÞuÜ.z{zñísGFÔd´:£öuìk»SYîyøª\¯lÊkÈÈ4õ?ÎªS% ÅJ²ç «© ¤ÅÂñMó28£óíUp å°pjÒzÔí¦·¥+³pj¥ÂáÇ^õqÆ@=êÁÀ ÷¨`(n(5 *J@4õ¨.3Ã¢¦Äf¾V^y¯ ~ jgSðm©c¶cnßOÐ2Gñ¡³«Y ô¥yv ~æù  ;T°ÊñJUÑ+ Õ5tvw>¥Ý$±le]­ Ýó{{ùU³NÕîìå�<2²:uí^íá/Câ- gÒ|¤s cò° G 5æl<½ê.""¼Lçùå?Ò³Æõ5Î øMG1ýÝ<ýÓQL~J³#Î)ÄsLCÇµ?88  ©ö¥SWÓo @Í¡H�Ðz®Óc7fíÑ½ªbXúR�<þ5 äT!ÏÖ¤õ#' z÷Â=$µ[fI  ÿ� ¼>+ÇcÈ®óÁ>>oÙ >ê&×qeeêõãÒ³ª.´\Týãß @Ai+GÊ×[xê}CöeÕ$ XqÅlÁ¬kÃ¶hm¦cÑâ%Gäk}t:xÝdPAëV""�cX6^u¢)ÃûØè¦µâÓ¡¡8ö-Ú8ªò¾ãAj<V©¦0À÷§¾1×:sRhVW©­5ÌVv/#ð1ÄÕIyb¥Es²9PH{± ( w+é6¦(ÔíÂõni£]Å§ÌçúU«x-Ïên+Ö5?µ""Ùq�ïýêmØ¸ûÎìÄñF¡&£v$9(ùÛÖ¹IH ]ú(òMb}± Oæ*é³²ÔÑ´+X£&¬0\¶¨ñðqÅI$R FÜ¬ nù[?w¤p2GËÆz¨Ñ°'>õp*¡G'µDð¼y 0sL9g[&·W""6lõ©T�à?:²» à{Õ©SdAqÏSBRXxÜsÖªI·½0&¦FùAÀëÖ-&õS=«NÛ,UTr+*Ôíf9ëÅi[¸«,ô 1m1óÆ$5¹8ýÄýX oøÊ=$þÐÊ3cXËâ v<ÆQ¤q1Þ¬~Z}4Ìw¹ é³*ùòöx§HÐa³ëÒ¶%nÑØéP33½æDAÜ ]Âg½�UµPjÝÃ�§=* GjR sNcÏ5sKæ.sHb Ñæ­ bö¤09´4s£JÏóG¥^Ò¤ÿ�K�zP#Nø$ñÞ¢Ý¤¿'É5lÃ ±tÅ+u¦Dx§9«D±­Úi¬h&$ý ÿ�Ý5/Ît· ë[ýÓNðÿ�AzHj$R'@7RÊ¥ qÉãûmÄY1JÞ>·ä}ñõ«º&ÌÚÕm¦�ïZx BgÒ¹k½dÞèæí!;AÎ*¬ >Õ>Èä)Ìô 0 ® þ$aãÆOÎÿ� yÿ�@ÎÐ¹YÛLëÚ±®Î58WV'ü, Ê±lQk:Üöw×^@eeÎ)ÞFÑOé^~ ô4ÿ�øX¥ø]<ÆÐr³¼8�úÖ^°ÛmÇÔW(~!¸'ý V§ÝxêûE7B�n¢áÊÎâ `O¥J:u¯:âÊF#k%Ê¹¥ÿ� wÐY!üis åg¢qµ«¾.-îÕÉ¯ÄK½Ä= ±¦j^""¿ÊÚøBîáhºaÊÏAxRØàóÖ¨[rË2¿ 4Ö²]ÎÂ¨t·óªOB'Ì[(ÆPÀ=ªõ²�w6*(¢ÀåªfbÐp).àßAòº¿ã§*`aÁã ±J  ;xUÉ<{Ñ{ ¬R¼f »>Pyöª""ÙZýUQW8 µbòõvÓÒ¹;¯ 3Xl£Ø2@Ï4Ö¥%mNâ#kñÖú3Ì¨ Å¯Î¬:íþ!ý ¡Ä9uËn°àÖ®­®Ù*âC,l¥àõÈ«qhÆ3Gù|ä j9bcÊðjPx»é^ªÔÙ¶Ý@aíM1!}Â Q½ùXÁ­±[ ªT/J]¡`�z{-�ÎW©5 Rô¨Cy¦?Ý4fÇ)Ý©´(¢)´(eë]Eel}1\ªè´wÝfTÿ� Rc44êhéÒz @ QGS(: ÍÒÎßYÚí?ô!Zg§JÉ±;uëcÜ\§þ({Õ¥F­Rv¦0 Py RÒ UY Uf «rt¬mbóìztò úÐ4yN£)öæY9wÖ©/Þ=Á/+rIÍ@H£¤ÓÇú>}«+YvÖDFûîEjé¬ÛÒ²5éângãéT -bBàj¸g¥JÄñM, VdòMDÜS!ÇJ³C LvÉ8¥aôÁÀ v|iÏp¼á°Ôwªàâº{ ÊÞÞ6Ë Ë}MV×t+ý2Ývyu ­ ÇK¡|+â)¼9¬Gr»àLõ ¿Q^ñÙ5ÏA¨ZÎ@&%G,Á5ã ñý+«ðÿ�³M""ùó¦]|XgËÏSô¡®£´åg)Õj)F­]À-.ç·®#¨u9 B*¬Çä¦È°Ô< SéMSÅ.qHbJSÒ�¸tcéNòý*8ñÞ¬qVHÁ#§ 3%WLddR2õ@Ë@¸ÇJ*}ªºVÆ:ÔI84$?»úTJ 4¬rH§!Æ=é ©/0=)Pÿ�õé³ß5$gT²8ïO  N>þÐIàÉü$ÖðoUã1>ãÆ1æ+Þ4ûC²&Ú1jù £Y ¹¯bÓ[[F²óZH£ÝKùm¸÷ô®jÑÖçvÞN'~à2ÇhX òµË¯V;uxÉÆéÒá[vR]ÄÉöÄA!;Es³¥Å£dµÉ°|ÄSZAQ± A =1×8<çk ãÒ£wÈëøÒ(d­ÁÏZ;··G1»¨®îB¦¾jÒMñO¥sD´*Ï%Þ ÞeÁÂº£µ7È #nhÂê¨1Ù¬»Wd$dZ¿R?Ò$³¿ð Ð0ÌÔWI-Â¬L}«ð|Ìg®+ª¿røçE\ &éðòmÎíÄÕpÀ%ºõ Íó,6ÿ�Pê+ *Æ]Û(ösÒ¦Ûæ¨ F\ AÔ_¦ °·Vçª·jI±³ ¢©ù­ëRÊE MØj#g­8HÇëHdÛF)U=j 1Ó¼ÆÇZ�m^ÒÆ/TÖ`zÐÓ3ö¤lÐÅéÍ»dU`ÑãúÕÃûâª#fÙ>´_¥=ÍGn~Z{t«D1p(Ï~Znx¦"";õ-ô4ß ÛÝ¯¤Nv~ÛÕôqS2äTÆ1H¸e5~b%ùIÅIGin»|!Er/3/­uÀðúW&ò'=ù§!DxÔ' Hc_#8 *æFí9¦ý­ ãB¬\uýºM¤mÓoo¥rvï4Iü;5ÚkK¶;Q×å«ÄHåmì#i¤]Ä*ö¦*¤WNb¯ÚæÏÓ­fÿ�Ëü´ÑÁA>�ÏÒBð*{æ¹¹@ók¦OÂýi ÊE¹§ËqRøø8vÉÓ#®)¨I¸'§% ÊL®8 Våè áÛ0{ÃÝºG8è:Öæ¡øGlÈõªDHçÓ 9­2?õÞÇ­1r°µHË õ¸ºô5SS êtsÏ­hxa�Öb999ÍfêìcÔç gjú·""8¯Òÿ�HoV @·""IsÀæ§]÷1¦ßx¨45G¿zIÂÈÉ£\¤¨@Î:Õ ÛÃ¿h8Çç¸` Zç5³GfKç §ÒÔ{jÄÕuH­àbHÈÏ~µ¥Ä·çÎ¹ó6ÉÜsÎJç¯îîä¸d òû-lhzZl X8#;� 3sßñ­£ Ó¨å¶Æo­OÔBÇÂºîÛéXÍ+ºÎH ³VµAõÓ4�EÀÆtª Ò»¡ $pJMõ' 1íNã­A»m(lkdÈ%. c½Eç±8fÀ§å&OZ.""MåG<ÐQ,âòÍ<ÓcRrí× ¥,ÜJKØÊó]K9!sd^b·ÍÒÈÓ¬{r8ÉÇõ©ål.a¼iKfþIXÆNjJ ­! LÒÍ+ØÆd«2.mÛØæ¢fJ´Ã0¸öªÄ²u©Iùj!Á©Ü4 ¹ùiÞ¤ü£41ëL w-óu¢6ã4É¾y¾n 0*Mo;ð©ÕS¾TíÀ T© ¦uBmÊk>a*èMÕIÿ�Öê)Ë`Dx¤4´ê�LQÖ´À(¢�)àÓ){ÐÇ4½E74½hiE £84""ÙÑ$ùåOP¬AZ:T/ý¯#¤Zw­0SÈ©áô¢Ð}iqÇ·8Öa> ÿ�¡ Ø¬XÎ5XÏý6_æ)=ÙÇZj§^>(¦S )®7Åÿ�£,yëÉ®ºéö¡¯?ñUÆù� ©e#ïuùÎIæ¡æ ¥íò®OR¸Iï Ê¯º\|;q$mûÇ=3ÿ�Ö®9Ñ, úÖb'Ø\gÖ¶(ëIÎ7Sv[9 g\1¤çJ]E0)ú �j%Ãçû´ã¶1ïDs>¦ÙÑ¤gº9ÇJê¦í 0T×%¢\;Wa0?cbºi2á±Æ ""æM-õ(}ºJc}½SÜûVv28¯Røv©&wrAâÏÍaæê:\eìórZ/qZ5es-lpç4ÉNP ¹ê*9~è¨e§Jwj@0x§ R>{Ò÷â�|÷Uµb=ES(«ÇåTÉ³Ò·ÞÍF¤)Îz})yá²}j9 n S È#4Ç|ÐÏÞ¤ E# 0OÖ¤eY¿ÖëÍ4u§Nq'ÔTjpÔXô§©Àö¨Ç""¤ JT­#8Åh#*¹,+,­0?ÆOë]5ÑÝ´`c@Ï¡­S0-|½ ¸n¬Ä«¿ ê±´EÑð0HªÈ°.Bócµ1æÉó}*¬ï ±hqÎ/�)n9 ªhJ �êLm.i~×30QøT>dkÆÜ¶zÓñ¶>Ni º²T?~ãµX È= SèHê1õnûÇUÄ W5ÌÜs] wç¸×á±À®ÎPæ'Ëå¹Ýyy0 9â«£gï­%ä2}ªn~ðóøÕ&BxQlfÈe¥)',µ@£àqÍ<ÆvóJã'!§­U=sSvHéRÆX3NsÖ«Ù RàóÅ!Ây4¹NUp (�)íW4÷ lÞ³p}*Ö{÷ ìþáÇµRÿ�¢/Ö®Üó ý+>2M¨Ç­!6çå© ñPÚ¥Lý Z!±ùi(o»MÎ*2o¸j·ý.ý}Á©å?)ª~?ñ4¾_oëQ2åP æ¬GÂïL]rmaVáE¦)XgTø>P;ã l í'V_ Ä»y#§zå×MÔdq¶ÚCø§ !dýË±À4ÛeÌ ¦µ?á ÕdâÖ\û ßÃ:§A³}Ç¦H©³+ÖÉaÇ÷Åu>#ÉØã?/J¡u(Þ<À@nÉ]Ó.5)! QM'b[W9!y,r;'sÐÔPÎæWwàé!ð&¢ãç% Z³ Ãéÿ�ñ�ö¹Y\Èä¦³ Aê3ÿ�zg½\ÿ�W­èýÚ·w£Åm¦Ã`f% cv*±.Iw$þD ¾ ú¨Å»W¤Â ¦ÈUÞYXQàM#²îÔróÛpnjÜÕÁC³Vãìàð® ~î& ð*©©iò$ÌtRiÚÂæ¹æ 6Å9ô¤Ffzõø³ð ¶ÆòÅÃ~~ÔÚþ -Þ§$*"" �÷N+á ½^ «¤`K¨$÷¡¬!âR8 Ö§¯¤7§N|ÿ�«8éLôÍa8ÛS¢æ|¢D²Ew *Wu5³-Ü/ù ¸�õ ¢¯ ¬Ëæ$`2A ¹îAª®Ç ¤/O­s¹ Q¤ÈÅÜÑ6RW¾Z½h×R`Oê:H´ydqÑéb©Æ:wõ¨ôÐÚìõ §ÆÍÃ +Bk"" ¨FOëRDjQWTæbË6K jÊæÆy¶3Jò?,=ëfÂdîU*F?R8ÍeO©Ë 8]Ëg÷ Øì£ÔVBø,¡N0ÝéæñH ÏJâ¡ÕVCÎwÑPS¿>æAÌÑ 5Ú¼Ù3Gnk Ýïs½Á\pXµ`À ¼qSa-)Æ9¬]@o +Wd áTåýâÏ�ãëW ÈÐç_ÂM5ÛH/dÚÌ[ÀÍcëzWö]ëÇ XÜ¦}½w74vÞtg$¾õÄëÒH.¼·88Ë�s]xy7+3Æ:¬)ªr¥$ÔÆ­óã5ÜyãÈÒIµ""QÕ �=�ëB6_aHX¶Uzw©bÂ®¾UÀâ«µÓG×³Í¥µå|v¡± Ô²¶2jÄQ± 1¥Ø""õ« ¹ªK¸36öÏ*Ò/ß G¨¬¼Öè&YxéYw¶¿g»dþó¥g%Õ ³KÒíþ: 2KdÁ$Ôì?vßJdCåæßu¾¢Øz{ Ýi¯þ¯ñ¨f#Æ3Nj#ÅKb)?37µ*®M1¶}je (*õ¨FI©ãH·LUi#=ÅYlæ£ |¢¥øÑK Û!_Jm@\:Òw¢õ¦w£9 J�(ïE�áNÈ¥ 8£4Q@­M Aü'5�â¤Z�ë n!YPðÂ¦·zç4ÆàDÇ÷nqÏc]CHdúÒûSAæ×¥ sXDíÔ Gó­ßÂ°fâüÿ�¾ë@ ö(¿ASPÁÌHÙ Ê§""ô¥¦HØZ`fjìzWk3¥f5Øxì$eä×y.æ""¤´gH  3R>3ÍDOÌ(cRãÒâE'ÜÁ(d[¬Ê¶""³dçÒ±@íZ-¥¹q÷y¤òÔºsSulSd(ª: kJ«ÀëI ã<PàÒ¥±bÇë¬<0%² ä È­`è¶ oÕ"" ¾à;û ôu@6:qJå%s]û=ùÏµ8ÍrV«ê*N§b¿e['JÆ×,ÊÂP­òn?vVgåaï\§ûÿ�zºWR¥CÃ¨ç""µ 9÷æ_ütk£«éñ ìéïGú?Ð×I÷úÞ[xnìÞÞâ%Wk£ ¾~ñÿ�&ð½ñ¸· &; -ÿ�çþëCÞ±LÔáÔãµ;·2) ""¨¥Êq@  ûÕð2 ÌÍi@ÛÐ jq ·åâ@ÏjåO4 ª0E0 À ±Æ�¦î;z÷ p6¶¥wùqQÎ!?.>òiÓ GÒµ#'S)àã­D ;vh.kÒ>ë0Û­Ö#*ÈÎ$Õ{ñíSÛÚËy.ØF}XôÞ ÝNJ*ïaI8´pª+¢Ó´å±MÍ¹aó7§°§XØÅcÒ7Þõ?Ojº£èÑÃ¨k-Ï'u=Øì}kø­ýFM6&ýíß.PüMwÇmJÁcK3 ÀWÏ>'Öå×µ»×$);b_î è+y;#9åªöyöi@a¹;¤½sRm ¼Ö&§[±\´H ÃÏ5§&Ã µÄZÏ,3«£aÐäÚ¶ÿ�·u1s}9Ç;v+1TÉwFéÒmãuË ¼ÔÁ Ë|¤zÖ x¶i$°>: mqÊ¼NÙõÞI å ;w¥&2 â«ëi2LVßð ¼1OYmä9òÿ�À.caJÁÌVÛDj»<:UHr`»üù· Ä�Vñ>°ü\DÙÓxb]Î #+]Ê¶Xã µæÚ~«kit%wÇú®<]¤ fåÇ ôªfosîè­ÜÁpT9ëTMóòLcfæ}:{©dKÈ@f$g#ù¯²Õ wlí¨¤ËÐU¾ f1R Å&*`¶¶x öÆöG`Fä>Oõ¥¨h5æBà{Õd<zUÃcr6Gnj¯ö}Øçìòÿ�ß&)1]¶6:Ó|î3 ­À Å ú©£È(Ãð¤7µ8KíM?÷jåp¿*�O;Ú§³7qw¨<ÇßOi¢æ2#sÏ÷M ¹Ò\ DøéÎ ³jÀzÖñJÑ°¹ÊúV|PL®^)g«)¹fß%X~ªÙ¸dNEXcÁ«Ä±p¦M9Èj<ñTH×?)ª>lk×«ê¿Ö®9ùj '» ¨Lö MÄ±²EÀµ÷E5ímÜ1öEX �äS H×«(ª ÅÔÀX7¹ p:zW9­ÝB38w\ÖºêÖQÄ¡®£ Þ¤3I �à@cÏ5Þ!Ó#_ò<z®|Y£¦stÐS ÒÌx55 Y¼e¥´ê±³¹ö6å ><¾ã­PäÌBªnq´äuªòÆñ\¶F$RT(÷«M)%Ê¡p8=qdá>U;0¤Ù,pi5q§gtz-¬Pø§DI""Áºc¹{²Î£�áUÔ~bËMXÖENxaà÷Ìø+Vv­ö äÛov@Ëd «q×µzj@^´¥J-ÆKF@d x Æ¼êÐågµF§<.fÅ§)#Å\[b`ÜZfª Â¯u""B¼JÂÃr¹p©m%ÇÓ5'ÎþdÌ�ì*{ËÄC¾S¹»(¬¤ynçSµà v,í~PB�¡4ìB÷®""$ 'Û5:îpÎßÊ; ÍíÖ)j9Î+8Ú^)ÃgÕÚIå¨;1Pâ\¾5W1';k »õk2MerUX{,Ø&¢o=ÎçÚ£>¦¶SLÙÇL÷ :vR3X> ÿ�v\íCËc8®êÂÚF'_Þc%¾½1ôâª12«>Ç'©,zvnHÎ mÏsþs^iªÍ¾ä~wßö Ú[>©ë?0ìGA^)}9íÉ;b7z×]ÙU§ÌÍìií`iXâNEu³²²ä`Ò¬µXF;C �¥°)Åî YKÂóJ¨4ú¤""EÕ¡amªXMeyËo2uaþy©aÿ�V¿J}s4ø×ÂSxOZ6Å¼ËYFø$=Jú q\Á¯oøÑd$Ñ4ûÐ>h§1£ ÿ�Jñ""*ÖÀGÀ¦ÍJª ûTçp@=¦ óZ®ÐµB¨©Áåj°àO#ÔRA¥_½H>õ185 *Q÷ª,nc@ §ù@�jP0*'nÂ¤ Óýð¥4RHs!4 ESzÓ~áÞ$ÝEÈÍEÎê±m\tAË jb%µ¶kí^äÖÜV¶0GûÈ¼ÃêÆªÀT Ê0ÂßÞbíÏABsíÅ-ãHTt`×¡øCW]VÏiÇÊþþ¼±ä' }Úîþ[½GQqô!¸þµ§í4êiN¯³w{ ^idxTùÖ÷ g7g�Ö½Y.²@äF?­sFäíc²uéÁs6Ag§IxÛÉ)êÇ¿Òº Dq&Ô ½~´ª�èj ï¥F4ÖmlDª½v`Ræ©jNq}rØ,}ÏaøÖ¶08¿þ""¶ £Û¿ï®é°z'aøò>¼Õ½SRVÔ®/î&mÇØv S_ZÆNìè² )Â:Ò?Én8  I'ö«\P¨ ¤æ³cùTc®3R¬ u©L ï,c¼Ð*Íýáßê+D H¥Xv5½¾ôù­â¾¤¼?ðÈ;SÜG< Þ¤IHîj;y,ç1Ê9ì{L =hê\8èì>§K¹¿ç«ÿ�ßF³Ãtæ¤ ï@ir½'ÀÍNº¥àés/ýôk%^¤ qNìFÒk7£þ^ ~jQ¬Ý®êþ®jEsEØY#W¼6Çë©T\üÖvÍÿ��Åc4ðçð£ÈÚ]R!ÒÊ!î ëS&¯ëlGû³0þµ¬E<6hæadt1ë6éÎË²}ÉÅXOÆ¼.÷¹jæSf3TuKâ­§g?ïNÆÿ� Ë÷-# ï15ÊÅ¨çaÊ¥¼i¨ò$dÏó¨Ïu~1s÷T æ·Q» èæaÊxËYít!RÙSÄ·ÐÙÉy+4­f<""§Î[.òMt:°4jÚRÇ´Å!Çðõ-¶5¡²4¦ÑäæIá_õëï Ð'rdtÅ[h!³´Ô..È§ËÉààõª@b5 ®¹3OÊx¨óÅ=¾é¨³Åj@r føtíñlÃÖ3ý+Aeèm·Æ=PÔÏaÄãRÕ] =äèj©öD×R¼jÌ Î@àt¨ ¦³»eÙº­±þÁ8ä×5~dê¬IÞºýháûqì+µ é+Å9KdEái²D«qÚ¬]±�c¡5 äy_Î ±m!_>Üãp­¯Ä¢æ>26V]7V¿ï×ñK¬wäãä«[÷G4n^(¶Z""#k àRÚK¼ Ñ+|ö®ðáKcMsEI!Ï «¨Ô1ÿ�½¨ÇLt§dr.q1Ó¡¥¶»Å$ò/àc UxåpÍ³½+åÂÊ Üçk¡ÖU³lGm¼×7oÅ×A®±û-Ïðt«¶7ª1""_Ü¹0M¶>µ,R BÄqZ66»aÝ$Cº MÂ ,ãûFOË´J·¼Ác Xß×i%cóýÕ Ãÿ�¯QÏ±4kÅ IîOJ`""O²ãì.F3Éè*¤l¢5ËÁS¸ã$ ù qSÍ¶K.^(cP îsØÚ¡vDÖÎ /-à÷[®}¨V@ªQp] Óê¾ý©¬Å÷&BÅùôúz üÉ¸aGâz nôÐB mÊTäýí¿§·n´ÄÄ²331ëw~ ~µ ²©u ^@^6?^Çô4ÖC®G c?Sü1ÄªpÁ�×ñú ô�éXIoc¶¡ü*0óÜSaÓ 0Và©�{ ÔS.ÅÜdbá°ALe9$aºúS,Âù³ |Ø £qR¿RsíP[Ì°^³ÊÁÇÿ�­H yÁ\`ñÄ}*x1#· 0õªÞj6ï/ºá³VÒV(²áþ^¤84ÀrFª ã* S¶>ôäÓös¹ (Ê6â#¥5ä;Õ'r%¥î:TO*¼ g$¹÷¦""6ãu¹]é""sÛÞ½§C½®ot¬H9ÉUòcËg¡Åx³0$!°:®óáöª$·Å¿t6åFXÆÇï.x]§û×5xÝ\îÁÔ´¹ SÐ Îä@7�ã*c§cØÖuãÀçÒ¥rg[ælü¢`;±ûÛ×°ïPOq ÖË*ädrQí\R;Üls÷ 9$bsD*\.T õ¨®\IäÓ£Yy$(©ä.8BO­2iò¸'h=@5JêãÈP¡ò{ö¬yµê}zU%p½î`ø_sYwwæQÙÇzÊºÔ£RrÛÏ 5&¥# ) Õqfs¨£""ï¥(÷ªRIyØ {ÕRÌÿ�39oÆã WL0ò{rÄGì¢ý½§¹6®#Vê#ë^kâ1Ñ9.¦AÆ:ú ñÂqÞ÷20 æ>Õí+oa .³{â-u¬íIGTÜ@õ>¿y|]Ù¹Í:[$Â³³(è éQÏZ¸SQ2ùL>#t¨ÎEY#9=ªd¡4g¢ÖìÒg½1V`H%ÀÅ8IP ÜSÀÅ;°® Í;"" Ry ê@xÍ0 yQhÛpäw¨É9àñJ®ÑÊÀ]N2r ?Ò²ÜûBÍ DÃ¨ÅbØÅHä R¯tjSÂÔàT2 APÅ@ç÷¿J«J¨§-Þ¥ãéRÅp' D+¹øW§®¡ã<ØÄA 0axÇ?;èSæ»O^O ëÊlù±ºH¼|ò¿ qkÅJð¹«Q U×³5hEÒ£*XÓùÅ(À¯U^U¦~zUyW ÐÔ°"">Qii�Ú(ïK@'ãGZR�¢õ§S{Óø CiF) -�(æ1Lá@u%­ËÚÎ$^ÝG¨¨³ÅK¬×1F[ qH¢xD9R3Rê* ±¶¶Tù²y ö5r +û·ÅoqX7à·æÑïZknÓmOý2Oä*Ñ8£6í""Ìÿ�ÓþB®JØSAE+ëy¯;×/KÀ8 W[¬\Fç¸+é7HÙ=éó!É$qP¾ãF8äÔ¬£MBËí@ÈdÍFÎ=*g `}2YBy ³3 À .HOÍÍ(8´2¸AjxÓØ 0¨À dEÈ©ôôß}#;NãøT$kkA³YÊã;úÔÕþIS ü ²Äd] Ñ­MÄÓ±-öî æùYîº+¡Cþ>ZóO¶¶:¿5e\5�0qÉ¤TUÞpMø""ñù× Ywx®CÂö°[¤­ mi6®¾ÌòN¿äV¿e ïâgQ ýÊ})õ ÷)ô©+Ôà¾.Û¼²�Or~^ ø×Ò=¶7~ Õ#%cÞ?à$ù°W _çVÚM¾aÎµ@Àb7çiªüÅKéL#<÷§ øÓ~4ÌçÚÎXûÐ!üÿ�"" ñ¥aFá¨ÈÈ_¢vÊópã¥4zQHcÉÈÍ/Zh4£®E�=2ß(êzV²EåB¶ë÷ß5WN4¦f *:¿ä´¤rÝ>ÄJ@�(è1Î8óüê78ïÉ dl?ZØÑõ-GLÓ.ÿ�²nM½äÓ""ùà�>¤ÈÇs]`nvÄT Æsæ¶£iÕ,OBÒ<[w§ÚEÂ]jdnéÊÅ°îq^¦^Úê6qi(: U>v5å ºeó�qÏcEeYøÂëLÕúD?3¶>Òô :ë-49cQ¶{Î(ª:N¨5;Hä¶®Z<¡î*ñÏêlä<@/.F¶|ÅnwÌGñ?aøW ø£\MCíóHÙ ú¹éùu¯ggV-#±fcÔQ'diÔ¨ÈïJ)§j7=Ojp õ°õâ£º|ER)CPÜÛ?¥¼ãÞ4ü©ÃÖ¤¡êvò N÷¸>µ\u§@$Ho ò' vaÕO­s|öSoÝqÑ«r9YÇ¡«^l7Qg@Töî>ïrlr`=<3úUËË7³½}×õ¨�hvô©D­*EÛ@Þñ9 ©@_AO�c @.jQr 0*Ôðè(Ap8æ¤¡¹éR× ('3O B""_JpE?)|À{Ô;t§Z�4¥©E;`Å.ØH»1Æjk Cz«c�qÀõ&¬ÝFÌ¿9egoxnf %Ì2'ú¨Ù }q]+ð fÙE²bÈã`'Ú´Y¸­`´2ädüµF)ùâ¡éVHEcéM·ÆÑû© ¥k9àÖ-mñµ·¿øTÏb¢róqÏ¥Qn zÔ²K#©à`qõ«""ßl° k4¹¿® hÀz äV_³H®T:Wg¬Å$ºMª*p8¹ùt-NåGg&O�mjJft·wPjY¤F�óZPø[r Dª=ØV_/HÌ¯ãG(ù`Ô-}Âµ|X3xù+^ÓÁBÖhæïs!Î�«'J´Ôõ!QÚ´±-¦îy}Ãá ÿ�vÞ ù^¿ 4h?e þñÍ^JÓ­0ÙÄ¿ð|¡ÎxúZLA_)³ì+ª¿¶¼?gn1 t ïLQ/+¢Ö©!]FØg=¨å°s\áõ«¶ù-ÝÎ+Bz£æË qÏ9¯GBJ¿<¥\ÙÄ[üÕfxã[Ìò Î�V è*¢[ #%ÞÄyJ¡¤�Ö-¢]B1n I$ 1 sNÀ$ÑþÎ j«LÎxNqþJ­/ÙÙíö²wi\yÒ¥æÐyíäå=j64Y @°±$§ùÍ�D¬KÊâEY¤þè ÷¤2oÌ±nà~ñÇÊþúúÔÏ4eï#*¶ÄqPj½ÎÈÈ) Û.àó¤2.áHA8ÆIÁÇò=©Ü¨VC÷""ì`UOEîÃëQÈwl :ëI«¡Å´îdå/!V3-G»Ë<Æÿ�ÝL z«u#üÍ¥÷3(È×ïO÷²}kðN­¾ÇìS|ím¨FCÆ~ò Hê àWCypWp ¾BqîÞÊ2¤â%r08 ëÎlì{ÐûlIºkqýÃÃC_=°Èü«ë¹âæ Ç""u=Á5ó<97|Cqc &KÀçøÐ?ÀÒè*sVPâª!Á«HkD&Y^hnÔéHg¶èR7ö86èAü*{«±åô5¤êÞ_ìÊ¶-Ô :b±%×L sìiEÜ¶[h¯·´S®kÔ,Av$xsÃm85~K÷qNÓÛ5Öî-#0Ç+þïj ÏÜÀQÕSÚ©09èkvâàÝ6æü±Tî£v>æ#æ\cì&e0ÈïN¼+©±7HÙÜ[ Ñèú ÷Ðå Ç�V',í,.aÖáeÊáNBLÐ¤Éès Z3òBç qÆ}«C""6ÏJcõý)åÆsQ3|¹¤LMwú=²Ûèö7¶doÄÿ� pÑ¢ î`+¹»¢ �T¶inÉoÀÃc5úâ°Eæ¬Ñ¹¦Cy©Ü»`0yÍ+²î«/½2-Ín¸ ªßÛÁ\ö«Ðä¦N)uw:oXÎNsê¬Ïïdät® Â/pÒÝy­Æ6Ä×ofNæëVßa òøÙÔ[Ü'Ò¥¨mú:}*Zç4!¼¶[Ûí\efþ#ò½Ì-ms,0ÈåH÷ WÕ½ëç_ZwöwïÐ.VóèÜÿ�<ÕA96æÐÔQåçb dûÔì@-Sè¶pÞÜ]¤¬PGHÝFj¹ùÉ>´Ó ä yä)ö¦Â~4ñÊjb»S[·ÒÀm¡vàb!¬Ønj ÇãR1CóPÆ%(¦ô§ZÒ¤QHz½glÓ8|aTõõ qÇåZ¤Cï?Zµ�n)¸fþèÀ©'bÒ¡8-TíÂæ¡ `!íQÕ1^£[­¦º(o~ãüá´k?·ë0Å¸C¹³é]_ïL0-´ª ?ÊºðÑ²läÄ;µÄÚ.ÛæbÚ�ïé^£àïÁ¥ÙÛßL5üÈ »# µÂ|=Ò-õOÂ×"" þsÕã÷u ^@àôúV*4LbÒÚ£A!B8""ÔÑ .éKÒ(þb­®sÆúâè^ Ul\Íû¨G|§ðÏÌj§üBñÖuÓºÒÓ(tfþ#ý+àiNO$ûóH2k&ît%`uÜ¸íUÍÔpÞ0_­XÈ5R{tgìã29/¼ÃûÙ÷%Îù:(è)áTfÏzÓVx¼ËR®ýâä/éUÄ8cGE9-ÉëI/¡IZsF�=Å0-¬¾ÙTîÌn3äãõ¦Gq 1#÷ ÇÕ_íR I#yr2³#Õß}¸,ÿ�+2W±¢ábÛ],¯&M±Qµ1Qæ:2G8g·ùÉè¥íJØº,ÅÆèËcòÅÌÿ�f-nÇ!ã;úÐ7 æ;1òð«îÝÜuªwq,Wrnq9Ï êú É·P±xÞ0ñïúÕ{¨XÌ< ¤ T±.B÷Êt�c§#ó£mÃ$¦ÀGlçÓôþT÷©(û² èqÓô¤ÄáQT|ª:Q@Èxd!¶ï Çùÿ�9ªR6Hâ´K0Î · ÿ�?äUIóÏB3éR28aYî7ËVêÝp+JâP!!ùÞÆ T"")Ü9XýûMi W9QÇ¢úKÄCxl©ÆyùÐÓ]:öm?Qép@l1 C¢»Ù¹e%9 0ÇâkÎ¤]Ø$[¢ìü;|&ÓÒ2CmÉ t#ï va½I®LD~Ñé`jï:`ËCîz Ñÿ�Z¹©µ¦´ººÚê±!*ïÜçÇoþµzZÆ¡�ðpòÿ�Ç±õ ö®;Ä1*éÖqEåµª?6w)$çó8¬#ku£sÎÞgS$®]Ï$SÁ×¦:ÕÛnsÀéÞ»â\ÔB9­K'Í° Ôâ¨:}jÕ| ´âe¦9¦7ËHN3Þ£wíÔ Ônþ´M @FKÆpyðà÷§äf¢1a²´$SKúÔ{È8j ÀRAÍFÂi­È¤jEl ö5 r 1HeÔðÂ ^ L JÂªc""¤úÕ .(¿4»3UC0§¬LE±ÂÔL~aL¾y§yÌA�¯©Øìnb !ûËèk-èEÙ&E`W=vhÏcÁ©·@êÄ}jëVVH¢Ä`³p+ê]Èi¾ Ó¬ÇnG¾2S_8øKN:§ô»t_CÔ~5Î§º%¥©j$äTÃ¥ZÒ8¨sV1Û¦jÕ¶©ßcìº}ÔÀ÷HÏÊð0xpIã­R½dÀá½+rmWÒbó/´Ûxà<3TfA$e9éY½ÊÝR¥ISÔRb""v¥éAÀ£µ�'Ò4u§ãµÒt¥ �LSZ@)ËÖiÆ*h#2Î;tv¤ý,õÚ*`rMF8�zRàMdjý$ý+Z²µ© ê­ne_ "")^cÚ¸<äÖòQÆãÖ·­£oì[Wä.1æ\âW ÷/V*lÐGw1AócNùå²~^&>^¡9ª$3ÈAÅ1¥`rMFUÏ­#!Û@É©Þ½¢Ûý¦O!:FÅ¼9qô«Ì0¥Pºáÿ� ¨-êqIü8 ñÅY(ÇJ@8 Jç,C!É¤Æ-;PÞú±ÆºØÈV_ Vâwö³0Ç ojo Áµõ¬¥¹´v*G4ØªbFC)nÕfwÔ¤¾fG@:UP­(Õ_CY¤Ð=JÒ\Psï[0gÈ_¥d5 #zãÓ<Ö¼ ù""´BF·®I®""î\gó®ÞÓ_vÿ�Õç~ b5{Ñì?z5¤n ³ëïõþ¿Ø0ÓÚÇ²}*j¯jÑÓéS×;4A^GñNÄún¤«÷ sô9 Ì×­×!ñ3NþÐðMÓ*æKVYèèMz>~ÛSnD´mÊ7îO¯¨¦.1I3 æ¶d4}ÿ�bÔçÐU9S[¾ ²MGíÁLÐ²N0zÿ�1X® ÐýàqJ%Éh!XS¶ü¢�àö§ïÒ¨~ZôëOfÈ8¨â½ê3É§¿JN¼Ô4/­< ¦U»kS2 , s@ÇÈácR~«n¦n# ã'¦;×Ux4R(Á'Ú?ýoóé\ÿ�cfû«yé]h pÌç#¡lõúÿ�£EZóë·ÌjxB·Ö""ÙÀue >cMz(T�WhõËVoâ;H¦zW¦ eøT>w¯ø¯ÿ�lø¡ ókiû´ÁáøçÇá^ãûÃ²¼mÿ�u¨$r^ zsï\Òg\QzÔÀu8¤ã®x¨åO5 È5Ç¥4óQÁ+¼X`A RM6ÅØ¹íéïHc G8æ>¼Sv IäZxäæÇ¯ëKÔgMØëH¼Ôª¤Ç¥4&0HÉô¦³LÇ 0)Ø.O`Öe�ÖdòælµBÈÅÍ%$S0Iô©[b�Ãé@H©,f)WrZÆÐC)R~ÖµÙÔ±5 Ò¬ð¸Þ¼ý) ;Èô4Å²f '¡æÉlã4,´õf!zwÔñ'ðâ#ãµ( èj`âw áØÒûÔÁ§¸ d;¥81©xö§aH4�ÌU¦nÖK\ÍT T­yÌiÀ*~ô M;è¼>ßñ-9ç?Î·Jæ¼9p%ÓbB9ïÎ­tyùkHlg""<Ô>µ)<<­hHÆfÈrãåÿ�=(°³<ÈÌ31è3Ãüjp©%Ág26ëÆ C({a¸È±²9ejt""I ¡':ZEE£mª~tÚÇ?JIa pË 8 ÜTbh¼ó)UQØ'<ô5fà¦*9 *gÞ*K#I¸Æe`T6vÔÈÛV_ïzÚµ@bVYÌ1:ÓV×+_åsÿ�6;©#Ùeù?Z²näXØq ¸Á¦ >G<® É/ÜU³Ì«Ê!ÎPÝÅ-@ÑÜ'îÕ@àç<GÅÈ¾\À\ðjHæ2cúÎXÈ2® <q@Ï% Lv4³àdªep8É$r)§k#e$¨qÛæÑ#BèÈ '©Å!òÔä|3?ãQL\á§9©`~gÊqÒÛ<±£ 9¤ªI�§¯Å2Î_&ãc ¦íÀ ©\mn?A2�ûs@ÍÄ¸æ<ÿ�ßGü)UK°QÐ j­g9|¼! ¸Ö¬1±óýÓëï@³Âªz txÿ�ZR¾Vìc9æOæ2¨¥ä7æÇÓèiFOÇºE â) àFëÈÊyoBjþzöúVvlðvöÏ¡¬ÃÞ3Ðýîçéìiÿ�2´yV\`úzS%ucJsä=JÆä:à>êò:²I�u!³\Gn ë·îÉ)pãïZÝMLÚéëq¸Gu(Üýä|aÓÙýãøW)uÊO\ú× #fzXª·I# E]µê9ÅW<¹Ý} ©­z ëGÑ¨b6O@y? E±,cb~U,[ ÆJc÷¤w%1ô«[qoË Ú}{S ÉÈ§\xëU û£JÒäHÈ dvE+vy§nÀ¨Á E�+(aïP(ÙíSÒeÁÏÿ�®# N¦ã�äZBW""£ ¡ÍY$j$1F©AÈªq¾I ZSI0%J»mÎÓêi3ç¥4À¶¸Îiø R{ô§T""\n h íKÔS¬k­ðÍ¦¨i]WSû=ÊÈFÙn¶; fª*-ØR½ÍøþxáwD¶Î¤Â¸ VÒ[ R{9ÀÀæ7ÁÈÈà×k¡jV ø¤ 7P3YÎDS ºüÇ óô5Èx´øRÿ�Äÿ� 4ÜR%I½ÌõûÄöM*ô¤ Å""[Iªç®jw8©tÛ_¶jPÄ~él·Ðu¤ÆÒÐA§Y¸®æúkFX1ÎzÔw(ØTÍ)Ìyæ²6H°öíÀr;Õh-#:Æ+Mr6=ê¬ ÜÝ© ­wknp zÓ-Ó÷»ýÈ'#5V)±¯AM7|8 Ô´`qÞºë3þÝq·ßÿ�Õ\GÙ#$WWhÀÜvÎÌvÏøÖëà9gñeÿ�EO¥XÏZÈÿ�¢Gô«=«îh«_À:}Ì ¤2°ö""¬Ód »qþÉ¤3å{µÌ± àb*¬Íjßñ=ªG¨¼ý×'?Q\üÃ÷F¶¾ØÝðÍãXi7ÓÆWÍ$D¹ÿ�hrCT¤_ÞO,j¶í¿¼Ü¥HIf^zÓÀÝÃw' ig9§¦XLDmÂÝI< WäÒ*ÃoÞÎG5,bÈ¾Z7  C rM(HÔ³ Â¬±yâX#%vqÏÿ�ªµìíÎ 2 ¼ÔTJ�g}Çû«Ò®Ì¡-Ñ¸ OJvÍñ=ø¦""RT2óÆj8þ.¿ZÝ¿u°õSQºí ÂÜ`K1N 2E §g�òiÍ¢·^®Üý(,*Ýæîs÷m­YûÍ ú8«±=ß ¦zþÕÕBpóþs\·T""ÆOSâº| `ê {ßüúû×¥ 6¯ÄKm7{nëÈYA 7SÉ¯V' òES5äH¼÷è3]·µÏì_ Ë,m¶âqåB3È$rXâ:áõº<ÃÇú÷ößd6Í­¯î£Áàâ?ò®TBrÞ§¹4qãnçrÐ3ã¥ ç¥!�âÁf8Äwò×=OaPªI<±êiWóÀzTj@AÏÖ9ª0)ë×¥ ü´äL¶[î1Î� Zmè)Ø�9£7µ5®ùªÔãCÔ@²îËdsM²ìªqÒ²¤Ô¦±ÇÒ¥N.<Ë,ÇøM ú¦ã·½BÓ\K×""µÑBP>óJ( y¤t5b(¦'5y8""n£pE 0¯¢0]ÆäT!ðjî¨DÈ²/,§³A>,Å<=U iÁ¨Ðò§=*¨|ÓhØµHÆ+­ñm¼· o HÎØèk ÏÂúÅÃÿ�Ç«÷n*m2Î åÚÄÕÁà Aó¥õç&µ""ð¨ó®¤cþÈÅ ¬ ÑËèªF³nOOjgÉ¬JO8éÍv±èV/æDYÞcShäIqpÞTeÁûÄf©-,C·<Úß@ÔîÀZHÃ±ÛÙ´ð&«6ß5# ï7JôàÍ·®>Á¸ýâO¡ªQBægZÛ5êí'W.ôËIo-ì®¥�Î3]3òø'¥`ÞH?·!×4ì+ÜÐJÒ4è^t°0Y¯0ïíw÷7  fm`< ¥BÈ| Èlg< ÕJ;ÄGGyON� óS ª®ØÚy<` ZF wWyìULÝðT dÞ]ÎJ`qÈèkIwfDR¨<²'å90¶ ivq+©)'(�õ4XFÛ p ÞëÓ EDXÆ>B1ÈãµtÍioõ""(Ìw ¸à­­¼±F»±Þ1:QaÖºG¿rÈÛ¾e�ã +GíFì\lHvÙA/ÐÕUÓÚhs 2\gHÿ�ëSÅ°H²yhàîÎHV ãLDÎ)Î< ³. ôî*£udUp³Ö­' gð a· =*¨F H3 10)÷i0)¼/ 7F6Iq*5¡_Þ£Âö5¦ciþ` Ç¹rYz¦öìÞcrxp�¤2°Ûrdp éQ²(?ËWç ÚÒ©pÀ[±¨ÞÙHQóp ÉæÅ·dm»ÿ�©l ]*2Î�Î0j(2Csv«QÎêK ÎGÊ3�IQNyÁ r1P`V áùÁÎ:Ô2ad¹Ð@A$mïB¼výjòI¾6x=p?AL ?%É\q ô¨à DÆÎÒNÜ7v?�[L`·�àóýÑÜ ]âSÊò¯÷Ôýj%  tzzs6âÄýÎ@ý0a¿1·#nÀvÇÒ ÛõéîjOr¸=xSß5®Åã=Ï¥!E{+L ÌYÉô Ó÷Öûæ²l£y&* Aºáø®ºÃD¿»lBÑF?¾k èÍ¢ï¹çZl»o~jOÍZþ&°OÕ<¥±W¡Ö®/B7¬ÛÌÚ¸$ 8 =j;²u~3m G&­ÞÄÅ`�ô\t?ýzÐ±¨H© ÈÃÀ­ ""eÇ*pÔ©/8qJi¹K3éP 3ÊÔªC`.S Ü Î2;}O¥TÞÌìç« M`R�U]Ô8¢ábg fÍ7$Ðx¤ØÁXÏ¥]Ç õª< ü$Ò@i¨2o/bGzKDB*~lóëKm<ÉÄ,¿?0È­tÓ`á áy`Qïí¤# ªàûÓÅDÕÈfi##¾*Âò3V© iª)ÃL@WLb<Ô¶ösÝÌ°ÛÄóHÝ@ÌÝJðå8?JÍK£xëWÂOj0o¹+8p'oþ¥qz7®cø m¡ÝDVX®¶Ê§û«óôÀýk)5Ðh÷ßiãIðÞb 6èýìdþ¹­iI¦\åMFç ~âj7?)úRx§¥E)èk Íi½õÕááaÇ¨<]U¼¹ó_ÈúL°kÑ)+ txûß vv½¢ië{5ÌqÛíÝæ3aq@ * Ón®­ì iî§d¼�æ÷_´Ñ¬E§iñ¼Ñ¼M)¹ÇP?(=z µ ³Yß^h÷W}¥®<v÷O9Ï-£«øÎ+m:;»+ o`ð¨Ê:yÇá^añÿ�R¼Ð °ùpDÑc v&Hü/tñ Ky¤óTùfIôè Ä×Ò-wÀw² È PØÙ'ùR@|õëGzê­þ ëóã1A?ÞJÓá^¨Wt×Öø%±úUò²yÑÁQÙ¸Ð7rBhW¾­M/Âï,÷//ð7{:Ô½7)k±ÎéÑ .2À£85ÙÁwá´HîtÉ®/OÈ6I$s{  éöG#ÍbÝrÕ©X¬W ´D Þ&rZ²k½GÂî -ü<Ê3Ï! ?^k¹'f2z.sÕ[IÃå gÒº-.ÞIX¡Ãgzzs¢®Î ìR·ÜÛè¤ÕË_ k×ªÛH¼OF Wª¶«ÛBeû"" =Iaü«Ôuèÿ�ë.¦ß""îþ0Z^éñ SGö­2Xº4Uã±=¿ÓO Þ°ýåÞýt¹ùUqã_ãRz£¨ëwº²""j22Jp iît3÷úx9 Þ Òz Xÿ�Jd¾ SÏü$ZØ3 s7ri·iujLs'Ýa3ÅkÂi®çþ?ò'¢j]Bæ 8á¸TÔwKxdùdÁÆÿ�bïè+[UÖ.õB, æÜÐ Â9ÍC·BÑ¯o¯jV±$PÞJ Â¨n�©Ä¨Ìþb¼÷ÚXÕóùÂç4sEØìl¦¹snÞe£y2w²¨�ý� R7õcÿ�1}¤5ózÒzÑv7-µ­Buþþá 1Ën#éè-¼e©@+â+HÇ *ãë+Ð/MÄ²â]Å6«GÌVèñV¤lwWAW·ËÇéUGí(ËìPü?)#é¢D`ÊpùÈéÚµÏÁ¿]?öí=R]¾và»Y Öµm[Äº}©ºÆó®ü÷s^ûk Â¶õã?wµj¹ZÐI=Yâ¿ð¦ Eº5³3qïVQUb­BºF!O'ÒØÇ21ãZÜÂ2sTåBWí`c4ÐÑsÂÒgV¸Bä¿töæ»Û6ýï~×ü¥yß o.þç^ f?Ò?Ý=¿úßÖ¶_Ï/ëìlãúU¡Tôÿ�øóéVû×;ÜÕ Hü£} -# ý*F|ù©ée¢¹pÄf`?äg ºaé^ .¡h×71áâk¸ ZgU9RÜ jèJè¾\ÏÖ}åÅ9I&øÅ0 óQ�I4üá©6xÈÊã}ºFI@J x· L]AèsWbH¡·?}Hæ-Ì+òÔÖ·Hp­ÍT]¶ã­A4ccáï/¥05AÏLHÛek""+nÁ«ivûH' Hòæó? ¸o­I##Á""«C2ÌÍ®Ö=Wü)ªìy2 ~V Ã§ÖøM38 ñõ¦£ ¼UFÆ¨¿y&!ôcü W^7µIlÃû.5þýÃ¹ü� ãW©Øét!¹'µtã8<ã±luö ç¿½s;�ß9Ç çÐù.p7øákÒÇMÍ B.uø F¥±ãüæ¹éÕ|@mclÛÙf5»ÿ�þ mÙjÿ�ØN¥©¬B(Gs# ?? y©fØåäS\{Ö:pÑ´n( ÎTOçÍÜ×)Ô ãóª¹] |×ÜÔï7OëL8À¤ÀFF H íB&{óïN�øÑa xãÒBúRçFè3LAnæ«HÒî*§'Ú¦Wã�ñVbUPBÆâRI8úÕô¸rçq÷«Üs¡y# rô dPE�´s Â`p5^êëÇ 'Ö^te¹5Nk¹f$ À¦¤%Ûs @ÊÉÜi¥ sWzÓüj@g>J0ÁéUÛ0GJçåÐâ,§ ~öP5ôÏ3Å8IÍ�;ÉÇz_%½iªPã Ôï-»TªUÅ!Xß¶*õª\ )#ØÑÖ½¬¯ MR1éM 4ü#»É»|c£ù×cü ×áYµò k ®qýk´RJ)ö­)1Æ¡cóO }òkS1ï\§ø[vÿ�jº¶5Êx·ýDGÑéOaÇs¥Àúd Ë$¥jA¡é¶û«`Xt-É«ý³ÒÁ©°®ÌHÛà�§Jèw u®]'!Ó- ónÓèhCf©ÚN:­r7~?Ób8 dû Åºø y&E½² ì[ (³¾¸ µÇ""±ôK»xæº/4i?y®?K×5=OR\Nv7U V>© Kë;¸÷¥ÍÔ|½QºñNk÷hHì§5 ?Ä[[ÛÉ!õ< óÕ YïïN0!'¹ÊäGMuã½JáÇB ±×& ñ3]?Ù'iÝddÉ*qXVø;A Ä?t^(PÐ ¾XÇåN÷D´G)4²(óÙÝÎß;þù-ÇÚ¹rPäð§<³ æ�ÙèlúTÑ¥»Î²2/ ïzÑ,adù°rJ_ÿ�Qªëq,$o-0yê+ ä`3®p@UàÕ+@afÚó1ç¡¢Ã*ÛjonûMÃÔg95~Úí$-æ391m� ¯OÒ²n,d Ýp1þxªØxÏÌN½²æÕn$mñÇ¹ãm`Z±nì$2$r9K¶Qsï\j]�FÜ.kN×XxÝæK�àn ýji½fÒ,ª¿fbÆI×Mº+ÀT|ù9SÎ¡¶ÔHqBN$ zjÂÌêÐ£On<©ÝI+ÇÍíéÍQ,«vdò¥&XURuÚ2AïÏZ«píäÊå°Ûf\/ñzf¬¨¸tZæ0 þµH££GVÍ ÅP>oß±ùeOýRÊ%|5Ê·9Â·""«Få s; ðb4Qf6å rÝÇ4§Ý% nB§'© ýj¯:ÃóU¹9>,»wª$äþ«I±IÆÎã}êXÊÓË8 ¬7qO·rp'î®i²È¬z¯AÐTvÒOµ . s«)ù;úæ·mehÈäçÖ'&) îË³A>Ô)°ÁçÚ¡®Ö8çe¹éR\GÈsuàÕ) zt foçÂ$�}ì*ç7 ØáÈ¬« ÊJÑqû¹è i`´ è=O­�<(OAc@<èM1þOßÓØSLÐï{SI=d<Ý �V*þr°Èöô¯Að`äÇC\=¸/p¡»×y Bc¸éÒ±¨kñó5¨Ïq ­rEx^{õÍfå£f§'ªDìiÒ³ªr;TLjD)5ý(&£wùOÒCqOCÍWVæ¦C]e­«,e UÑXdèkñVo-¥ªÄ crr|°ÀÂöÅt¨.B³}aêÒ]â)-Ú¬v« ± §Ò¦£´n]óM#Ñ< 7o¥ü+Ñ}Î Y.}i@Ei8ûªúUû ßMd°¹ èb95ìÆÖ~â Å9`Uè_  Åw]¾&3;,¶DðZ""?¥gdÓï® ¥¼Þ¸è:÷% ýkø 4Ø$áHW�ã« `PéÛPK»§nínmb±ÒÚ9®D&FHÏn+âãÅptðHä]{u­uÑ´É {¹owM E$q�t? kÿ�ahÞ1Ö åÍaih¡òX })­te©àÿ�ËX¿ïºwÙÔ?ïº÷«þ&¯ úJ~¢±®þXM®½*{K?ÈÓåds2ë6<øÏû¹4¼è?^¨|¾³£ñÀÏfhÏõ®?Tð^­¦:ª/·3c'®­b¹RÝÆéüÕ«[}c}²ò]ßÂ""CýiÑxKÄSÿ�ªÑ/þØ7øRËàÿ�Cþ³BÔý°cý)\cÅ¿»Þ]ÿ�\ÅÛÃ]¯nÿ�ïØªOáýeÏ¤ß/ÖÝÿ�Â»_�ü7[¹Ú´/ giO§°¡ÊÃ\¤xR×]bÓ!Ô'àËåaêÝz¾ð÷AÐí¶Kc õÓK °¥u±Ço§Z¥­1Ä0¨� qÄ03ÈyÆMa*·:éÐKrZviÈl­bAÙ!P?WþÅÑ®Ë´º]£à²Ä?®_Sñ¤PK2£p¯·þµsÃz Î®®Ât_%TPvÍf¦ú rÃÆÚPx{J²}ªÂã£( SÖkÛICyîvú©ü)×1 h³\\Hän ?JãV c)8üª¹¥ÜËÙÇd®i¯£G1ÝYÍí$:|u¤}jÂú ä32Vùû¢¸+­qÌa}Ëq^c­k ñ:70\ä´m]ë;Ùµ¨B*èÒñxï[gÛÔûÖlbO,!FÇÒºw¸9¥åÙA,z)J.F� T¥ws¤£ Z½pßºéÖ¬\YÏu2%¼ #ÑMmÃà?^D®½ðò?+6;¨îqrUÁÎi®ÑH=Hìk²Ôü=ªiA~Ùdè½7õ_ÌVzÆÊNW{ ×ÔÅ-,ãaëÅi ìêPÆt¥``«[|Ðé@Ò,øn ÄJAÚPóø×dA¸÷Ú}?Æ¹M""àç ¯Zê,¸ÁîýUªøL%¤ÃNÿ�4úU¾õKLÿ�5«lÀs×é\ÏsX¦ö CÈ?JæT]Ì¥6;¸$$ }¦åòK±ó½åË©^ã'3?oö6 Q½åí-%[(y|µÉU=ñ]& ­ £v c3>2=Íw¿ ßN´XÞu×­ÆBðzõÑ©Ïe#¨Á¡¦½ö¿ ÍðþYÞ+¨$}Exi,� övòí¬íÍ§.ª'P¤}pMSÐg%¬7·Ê§¦{ÕØÄ+\ã ;ÔGÐÔ6U Áö5XIûÆåuFïM.Ñ ©âñ­ÜaÄ££S¸ ·?¼gûÉÞ2»:gÓØûT{_hW¯¥*]$²ýÊÐ"")­£ß¡ )¦)¡!·W¼Ø%ËelT#·¯¡ëEÍYÉòä ´¾t¢D©<ðÃFBD£zâ¢YZ7�>W4ÝÏàiOJhê¢¯ä+Z[7¡¹¦?ïH'�çÞqôäþÎX¶&(8�þu¯%ÚÛÚ¼p8÷=«¹;#Q»35Ëöo²« gsÐ¶:ÖP=ÏJBÌÌXòÇiF yÓ4;cd�äV`¹à o^B'ÅyaëíRXÈÄcw =9æ0°�}jR»G8ªÓ¸Ý@K.õÎy¥.«ð¡äBé@7q¨dÎO­Aws²2rsµ r7=E.y¡Fr)¦ñË|µ VÒMô«ÑÚÇ4!<¤ðjÜq×¥ -Eq8¶ ?1ï@êë`Ø¤oéô¨­âÏÌÀæ ¶Ë'ß^k@` CpôÝÝ©®ÛH¦nÈÍ�L½E=¤ Þ«ô§Ýþõ�$å½k÷å»~ÙæµÌKæ`Vn§ .Çl¨¤@ÜsN ÚåZQR@ÜSÃÔAÒkÔ.î:ÓóP�iÃ4À>NjA%UàÔ¸²T¢J¢ ¤W¦#F) ÖÝrL´�ç¹æº=va"")Á*i 4<0JÞ^/ûù×s~è}+ðº >ùûQÆ»hb_¥iL''¡cûÃJ³º¡¾NkS1kñhÿ�ACèõÓ7Zæ¼WÎÿ�¥-ä×_¥ÿ�{@3Ð¹ªÞ%Ö5-BíFnB-zv,@yz]¨úÄ YK»h¿ÕAÓaÎiÈ7ñ&w.¤ (grWª©5©1bl.íÏ5ì'Sç¯åÔô?­KÆºÒîíÜm&z²U$R""½ñoµÕX Ì3Xïôj&h,îÏ*è0¤û�ó¿ ë+ÀÔÎ>Ýqþñ«ú-Æây-.l¡÷­È¨Üled¥u?ºã­G ÌKBsGqÒ©�ãi ½lêÒ""î9®ÅGçµô ý+ ÂÚI$dNÇxà.k¨Ö´;Ýjæ(íTþæ=Òü jÖÄ½ÑÎ1} ¨þµgÎi\vpÙ'jõZg5P AórLÔ $+S=ñJË#ÿ�xF7 ? °h<0á@Ï9c)£Ëò±C¼�v{ëJTË âê¥""EP£ n<M1åÞêè, «º¨Ie)*T|¹l¸þUeíÙwyG{1`QÈªØÐ)Üq»#ÒÉå»}ÑíêiªA9=:®GêiF_ /oz�u³¶Çí,:× iE¢¶`EyÐr&Gçj° ú×¤Xö0Ç½aTÖçÞ""Ëkr\ ¤¼c xõëÿ�×­ ýµ&Þ~P­QQqÓÔR[¤f\KÒ´´ÃD2NÒ:ãµgÞnN:RÙHRqè{VÑ9å¹¹«FÌRG VëñYdÖÕÈótè_äÿ�Wèk¦kB4gLÐ:SÝ©(Ïz3Í�.3M)OÍ(¤&*O.§£XBS�jLRã�n=)`tæ¥ÇÒ PG 5»m FØU,Poþöî?* .Ëì =¥NÃ:-;I½Õ®6p4N8 S^·áÉ±Ýê¤¹^B ð®ëÁvº%×lu-*Öá¸0Ê{ÀäWQ¢![ZEkÅ E� ²8®c_ñÞáåe¸ºY.H"";ÿ�­ø×;£ø¿Sñdï,qýOSò 9y>§·áYÊini RßÜê0[2]ÿ�¸þµb^^_Þå¿fÿ� _xýOoÂ«µqïA=0¸®iÔoc¦%:u¬3WÌ?yÛ?SM¹´B®µ^~9#¯zM¤®OOzÂÇUîfÄì¿#=­)j³$HçÆ: ôª1qóÖºc;£¥&ÂMRràª æ,¥Ï */1½(æÂÛG|Ö>¿¦ë7ÒÛK¤j¦É£:pÞÙí¬ÍKQ6@gÝ«U!8£9ou­D6ÕëTfg½5wJûS+MBÝ²""ç8>f×5ÕÔ/#ÑT » vÐÛ$+´ øYßCl=>WÌÊÛ¶Ô8>µjÞÑîvÜAê*©¢ a¼ô®[´¦'p8+Ecc©·Ð¿t¬ÀoZÄ»³fQ»s¿5ÑN x`y$_&V2ãQÊï¡QKS/M±· *áS¡n\ÖÍ¦ ¥ôn?Ø Ök½»ò]Cjpw° µsZ¯4úúÙÊNH\ývÓ­+Y£Î­5âÏPÊp7LÇêqS(3/ýõ^Kÿ� Nk$Jú°¸Wi!É9õæª]xËE@L~eÃzú×DdÚ¹Ë((» ÀÚÆ jLún¦¶µj¨_~TzkÃá9A00iKì^á@­ÏøHõIíG¨è;Î\¨÷ÀÅUÉåGssñH·Çûæ`qÂcù×?¯x¿KÕ£@ñÉè?*ã ð²jwF}SÅñ&öÆÛKf<sWÓá xº`¾²ÚùüÕ-²Ôb éÐr© ã@ø,ÁòÃïµs\þ§ðÚ×O¼a¦ËáþC5 4=Êo5-FEÏ?f³ÈüËJ²´6.~&j�½î V=Ï5=@ü÷ç¤ø Îºû |<|ÛíK8çÎFOäµµm |2 À6îÃ´· ü)Ý°ÛdyV?µ5m#¤\»0?­zFlÚ5Áhþj;nf-ÔþÔÚÏà[0>Éo§¶Þñ[ï? Yør ãýRê)$V¦ÐÎ¿é6¥}³0?Î³bkXyp]¯û·$WwuãÇe°óû¦% ©®jïÆ÷7rl±Óô»D=Ú1¿ ¡Å2¢ßb¤wHX}AGµëUÛIk,dnQ­¸äwÏzÏyînO3DïùgAù åõ¸õ;ÒREh¢Ï¿Î³«¥s¦ÛvHôI|U jQ6áÈê Oqxþ Í#S.ëjdàí ¼Mzx;Gh53àZ0I>üWh~ Ô5;W¾°DUö2m$ã~u£ âÿ�N·$ä>Rþð>Iì=kZpQèsTªç¡épè:dpä³l|ýªÓiºB­ki»rß¯9ÔµïÃ¶+è/UÛpO¾cÉªë²d ±ÿ�lØÕÙßÌõÅÔ4M.=±È=Â f¢OØÆø1©¯çRoõþtcÞ2?F¯³Ë­-CCèoYj]+qj |;¥íó#³ö8¯X»´?$­ ºÖÇú½¤JmÞU+ü'~¢}Ái±ê/áí1Æ D}* øFôÅKôÅyóø»VÔ_í""âKrÀf8 Ø?á$Õ×¦¡?ýõ»!ó3ÔtÍNGfû@ãÅ^ew;Å´` À WÛxÏ\¶pEæäï½¯_ÒåR¶K¥WVPIÚ²«.])ÅMê6 m¿ê×jvQSù |Ò=ªÖì|±/ U9Q,ã¸æId^ª8ö®FÛ;#e¢CQT®,Up?*ÚÍæ kuÊx^þþÓJ¶kBá""wcÉö½E®m{³ÁnZác(=ó\/|K£5Úi© ·¿ÖªaSÔëXÞ*ñMÆ½xá Gd¤ùqg½ÛÔ×.ßZÞí«9*ÖOHYIÉëL`§¡¦3S2sÀükSÉÆr)á»RìèIÍ0ã>Ô�Ü u»d ôìu¿aàíÄîkc;î¥nô Rdzb®Ä96E ½µº··0}®=ªYøvú@£Ì.GSÁÀ¬Ù5 Hç1$.y&·µ/¤Ïõ0° EM4* ú 8+Àw¨ +ßST© »ÏOñ«jårì¤³tÛýï§°¨NòFÂËè:A«&f�9Èô ÿ�=êXî $R6qÑyÈãëÅUqµJ¹êr£¹ÿ�<GÇ¸ÆÁÚ6a¾fwÊÇx¿ @aù|km07! ã!�'rkyØ xài¼nIÀÁ�õô4\ è­ÀH£S#a³vãÔÊ¼ß""[wXÝãþÎ+* ] ÿ�VÛ�%Cy÷­ Me°¯ùòuÚzñTXhYä¯¼#rÙÅBòºG""L«�6ä ãÚµ!Öumï¼Ç?!(({Õ­6""÷�JU\\t4bMvÄ³,Îsû½ék8 ¼¶ñ«ÇF]Á¸V1¸^O5^M1âÀ)É·*sS¨Å[Èl«È`YªçBOÇ$TõÑlb )ðËå t'Å©*ÂASÈ;1Ö©ÉÂNsÇ8ôÍE\HßÃÓÌv{ô¤ÆQsÇ y¨""ãõ«3ä¶@8úÕQ»Íî0)j ÄX§¥NyÞ 'jV ÷§`¤rîpN1LD®§fÑ&H 8Za_¸´à¤É·t.;S C9cõ41bUÝkL¬c[6þ_Øå´üoSYá¸µKÿ�E<9;Î:WÏsgn î9Íw üGýªÿ�gLØcö=ÅeR»ttR©yY@Fp)êÜóÒª+îÚAãÒ­ÀÈ<×1Óaò}Å8ã=i1È©pqÓ>¤òäVe7ï FAëPÝYÁÀÇÝ8­È'd ¾ôÒ°Þ¨ådFÊ8Á5ÑêK<E_Þ/Zæ¤p¹Îr;U£ +¬²À¹5Z{ÕÚ0æ3ü]«¶ñV­ay-µ½]Z£¿J»/oðÛtµR{4¥7±Ñ s­ûLVÄ.$×3«ë3ºr3þ¸ôü=kÛY{«§mZ9gåP~Aøw­K¸Z0ÉÐúUBÕ²*MÅÙ""Ö ¢ÞÏ#`HÎ?*kkË Ê7iÉ�¿µs:ü?n¼S ¼É- |�xªz²Ö²¶ô<«VªlÂUäFW×¬­e¹»ÞÞ(zõQÞ¹=CÆ:£<úÔ²+ h`ü±sâd\¸c =àEþê×T=ÅdrIó»ÈÉ¼îS½eR8$PÛè÷·FL¿vCºM¹Ó=Oµj­¼² 8õW`híXZ²j:´¥é""w\ÉpÙÄkþ5U ]M¨¹s.S/Eø PýPR+¸ÿ�#Z60°Ôõè´élr?uaX£àÝß6}Ví¦',P*üëzÇáÎcÝ OÇÍ;ç Lb¼÷$z-KÚcöZ}hö1|Ã®j""yÅmxbÄwË}Ã ëX~s^_4S<ÙÇN=>õ òy5´ÉO~ôÂÙúÒÅ0·zb;  Qîy=sÞ~GzÌÚíL 1NS(~e¡íI,á¤Ê\UD|ÈqÓ;æ¼µMt¾ðÏÒðÂÊfé¸ô ¥sÅ%½ÄH>xØ©ú-¥Á4kØIºÑqÅZSÅeéÎ|¶SØæ´å© , aaíT¬óÙªçü²lÍ·;nd i©2ØÕGêÙäÑº¡FÉÏ§JRß5:¯PÐq5Ï±½I¼`ÕYI$qw ~E�(ö§<Ñµ�¥,pz~�Æàãò¨%È©\äc­@ÎC �Ëw<ð=MNíû¼ÔaàI©V_­*^&:Ri#;r£=éo ¯SK¦°òÜ{Ò]d^Â«^Oµ1µ ;A8ÉÇ³iÈ¯¹¦""]6Ø±°úf¯Ít""A¢(ò¡CàT©k;yÇsÍ�PMó±-Â¦ÞLÿ�«#ëWöìPÒÈÄuæØc}sPËÊGpØôZ°Ð·©¨Zß­½¤'* ÔÔ¢|tP)¦0 qÆ)�]ãcÙ®rIIÛ©9­¶ ÏqÅ Í PiÀAJ6úP�W4í �SÃqM{Òã4Àxn)ÊÕ Ô¸aÚ'R+ÕQx$P#BÞOsÞ» 9ÏÅp±IÔËvÃ)ÉÍR©¥eÇßÞÿ�ÿ�ëWWfÛ­×éY~ Õ.´ë -­üÈVû¬7×øÕß³j¶Iåµ£ ßZÒ ÄÉäuªòä8ÍUiõîÓËmkM´»­4Â§å&?ZÓc2Ã Ö 9Ò¥üë£Õb'KÖ¤b2!""Hö¬OB½¼´h£¹·ôÏÊZWº ¬õ%-éOÚ0O=)Ã§¹Í¸b»§vrNG$ph¨êÓ­+²'4Ä\Na1@¬¤ÄïÎ>SÅgÙx¶ÃNU¾ãÀ jíÍÓèF ó}F1ý£8Þ ÿ�:Ñ;""-vvßel­¨Qêæ¹«ïë7»¼Ë·E?Â³#ieã¥3ìêzH?: I$Þ)ÓL²3 ´)$÷¯¢w·;À úWÏZ-¸·×lºü³)ëÏZö¯jÇÂsóØSÇò¨hñ§X¯¥Ø¤�åPÆ3Ô fã¸³vAîjKT,ªÅYÆã ç­@¹ÚÌ 3LCfeBÛrloaÛ¯éUF± nÈ#Ôÿ�õé·ðù¶zÍ=�Ý2�:@Ê»¶õ¡?­D`-21×½Y sÉä9ý _¢¶v¯F$eìÐÑ`2E«H#®@ âíæÀñõ®Õc|Øn~_^ÝjÁ²geAåÄÛã Þo»Í;În;©""b ~18úV­¶§ <¤q´ö¾aþ5`i0ÌT2;®Kgh8éY7rÆÎÊè1Î3F¢6 àß1HÃ;ÍÆÕÀ ½k®%·¸2dÄÛäéLòx$ >S>µrá¡»´}°Ë¹\6þûOZOQG|¦""³""!Ë§RÄÔÞM½ÞdPß6ÚÚ±omç´ÆãÎåè}*²ÝÈ$sëJã±ÔÅ§Æ©+¬26H£x t5y""¡ ë7 ÆÁùHÏBsU¬ìIó¤ØHù wõªËÌ­HÄÐT�yÇZC/* â©Uw09½ýê¨ 8û¼±\ºp¤õ¦""ÒòÎy';©X9Î¹ëÍ5Q08_»ýêP±«2á1À9¦K ~6{sO.¬HûÙÿ�f£%Fvã¯aïNÜqó+ ~#3¦Soq½xâ´Ä®Ì }=ê ¨·Ãr=ê+C2s@ÜtPxÑøFbêp0 ¥sg¸îzÕðÌ¢=ið$B3W*/R×4¨Ã¨à ×!zàÜ0^sOjî¼CPyÏÃËk%Ììé± .{ÖPfÓM«""¸Áûl Å9­¥Ðy Ý4ÖçGbÉåàw2vç½gjA~ÐYqóZÒÓØe0² ü¼t©àÈ 3óUÍ-74u4 }ÑKLS 4cá@ áMPôE @Ugp2Ìp*WÐî² 3øÕû /.?:Aó·Aè+Ak9K±I ïö%æ>êÆt»ÁAßÓºÈóÐÊªÛÝr>ã°ýi\,P°ÓÞÏçfýéì;U¿¶ ¹Ì«µz{zÔLØT6sBVýâ?eD¦ñù""õZÚ¦½RY %Ê: «ÐÕÍIv¼y<óTMS}3àmz?è°Ý! b¯÷XWZ®W¨ükÇþÜe5[\I=»õÙë\2+hôa.d,FÁ)Îò8ÍQÑºÐñW;riÐz®Fs§sF2Êx¤ðGxÖÎpO)â®Í W8Í=Ð]ÅêV Í aÑ rÅ¹·6>W ­tÚq0I%« Ê»QkVæÕÔcpå~´ÖÖèá(:(^{Ps?*µ `¢$ñÒ¶åLÅTÙ³Yü ÌÞD »b¥tSsYRæW¥c%Êô:©Ëjq:à¸I¼ÕwS·i=+NÅ?ÎÖ9 Zïµ+´GÂW-q¡Ì³cW U¤ï¡mf´*ö¿º¼íÅKöBþîz¹³îbÔ×+1Óä=ìûédo©­ý¢9½Ùµ$NdÔ""LvATdÖlù¥¸ýp+)t¶#iN:Ñí{[\³ vÌ·ûïMþßA÷,` ^j²i¹çniÃL Æ3KÚ!û)IÚÚÿ�£þ¿çÞûæ£:h § 8c;E áì¤?þ?zÎO]v&?=÷Z£:û""¤]0>\QÎ ÉâÔ­_DO£qSÇ©ÂÇÞóé ªÉ§ A|zD[sß< |è&j×ÏcÌ *1Ö£½i Æºîõ¡FÞqPåsXÂÄÑÆzÔë»×ô¨âSÅ\EéÅNæ²Vè9÷5­§&é Vz` ³¥¡óG½tSFÓLL@¿kF>ZÎÓ×ÕAÅ[0cÀ ÓÀ¤"",¥1Oc.hÌÛ¡ÇzÃÚs]ÝM::Æ©¦]!#Ì¶ÖÏu¹&ÝÉ@þï¯áGBµz }Æyå9ËfÁÀÝkÍ¢ð?-n¯.¤²óÃ Ç""±.ÜzúW¾%|S·Ó´ó¦xneòá2÷1ò!SéþÑý+È­þ!xÊ× N¹wÙðÿ�ÌT{FG²;;o ëjVës¤Ý¢3�ÏRkByÝu+©%B¥fýà+Æ}ë¶øÅãk|o»aÿ�M Ó±ÇMt�/4«+ô#üjk Ñlëí¯-ãÈLØÿ�FVÏñ{UØ®Vd ÌÏ@e5É/Æ½:äí G'Ê8 r Þ/*]îÙKo>ZcæÆ3oJ¯l ìYÒ3³KóFS÷RuÎ>é¤¿Ö^kUËåÆÏò¬»o |>³ö«ø2¬»di  kGNÓ|;¯BÓéÅô©�2ôä =´Eì¤uJ7òzàSJ)Èâ¤¶YHo0""iÏ õ)Ua±?XTÄ¥ðð÷øÊf=ië¶T.}*y¶BrçsI ?(iq» ×$êÊ{³²8ÁhË )à C¸ÖuÖ©ompb.Æî½+ñGÄ[k0ÛIæÊÝ^ßZÆ÷Ñ *Ýèîöî$PO&¡ú Ãj½Íx¸ñ¥Æ§r­4ÅT í W¢Ú²ÉeoY{· Ø½MKºz(A­Ñ¯úr1Q×ø½OµeÎ»G.Î9­ÕÛkn±Ú¨¸æ¹½fò1hð Ì}&¯CÆÁôàÿ�JÕ§k&®r:{âr§¸­0p}«& Çv»Ô©ÝÕÍfr1?JÊoó½iDr:ÖuçÉt¤w5hL» .@¨Ô PiIÝ Ç Õ ¹/pòv_Q# BOaO·_.SÉ¤£(Ç50aÀ¨ÉìsAÐàÐ�O õ©y Ôl§¦h x¨°ïS°PzÒ 1ÕI ×·²ÙxÉ'©&²H9""µ |D¾¤S@LÓ á1D[·951ùWãMÄ�0£½�Xü¹ ÔáËäÕHÊIÚ(«q}Î´*òy4¤ç4ÍÝ(ÞÅnA¨>¢IïIÏnô0ß­Fþµ!(æwÇ$@Mdf´nßå¿YÒðiÀÔ`óJ �L .j iÙ ÃST¸ëN LEÜSf«ïO @ËP9¨ÃSÔóLE«h (] ³dÖZe´nÊÅpV>3u×Aâ""e¾±·Ï]£ó4úÔý7í Xs ±ê+bÓYÔ`_ômYåOîOëÍ]½´ð®µ[½=c yÑ8Vúä kºð4Ñæ] ^GÇ""Óp«SÒÄ¸ 'öû8Û¨h¶W?íÂ|¶ÿ� I|/u<7ö$õÜbþç7>!Õ´;¶µÔ¡ùÓ ÄUë_ØÜaeMW2#lÐu?OÖ,$sÑXùmTn< âm<e4ÒF:1*¤·uØÊÉ}jÌ3[a¬µ á÷cË¥ RqÁàR¯¿JAð:PÃv3ÍbhH1íOü)c¡4á×=1@Å'íMðpiàæ""nZE§×qÏ­pzÕ%Ìd9Çjï,Ûð�Îx¬ ü1¯Ëw,H¸;àsÍZØõ0Îj H\uëé± vÐé ü@X1Òn2:t§ kã8ÒgÉ9íOAsºn³R¶b;Á®ïÆÚM&ÊÐó¾ò>çXxwÄQLdÎÅ@$Rx¦[Ú+ØL.èz«Nç1s |c8$zEDÿ�ê¤dÚ±¨ÆVáfËdt ëPclÈFãÉ £(d$sÎ2jí½¸ª¨fçéÖ nÈÉ©èEh(`ö¹¸úPE±wààã9ÿ� ¹nÌ2rÀÜó=(òÓ¬wÍ8ý�ús(wpKdóÆp3ùSÑ<ÈbPT¯¯�dÞ®»Hó!y±±¤cä®2�ÀæªF \�7¬àíëØwéVL#k<¯#>êZ-¡]Æ@X:É!ãq¤ ¤¡ xÊGµ#'=êm¾k²Ò$Cd{�fï�M­ É;ÀÚ0ù÷¦""ÚÅ,®¢+c>Ð c ÕD³xP·!GVêJcÌrÂfbÁ³óÅRU­àQm6FýÄ¿'Ò°ÑZpgE-âÎ7w_ëY7zy<Å\¡�õÁ«É!a mÛaËu§E¹â`Ð¯ eê,Rg=åx¥\ØýEjÏg2*c§OqU~ÌJqÈüjl2³·$ O#®*[T ãð¨WÞ8`Üd/¥A qÐð;U¸Î3Ãv v¨CÉ9@xÅ(1,výîÂ¥UÉ=Û¦ÊhtÀÉ dÀgpO®�÷ ³8ÎÂF;þ4Ý´ Äp:bò êÔ/Í´ýÜ Õ*µ¼ë éZ #;GÒ£/5 ç'·x`Ñï çÖSmw ýÆ j £mvÏ#¥Ze'cÚ; XõÍ ÓùË1À\Úº/Ú´¤ÆNÁ×ÔVrÚJýÖ>§¨ÏOÂ¹Ö\,ÙszÉm�<ãVLn|ÐÇ®y«7Çªôæ©¯}kXTlétùPd!þ,U]Tüý0Æ3Õ6ìq£ÔgÞªêÒHåÁlð1Z½þ¦0GlRv¤1E:J:Óã¥.i¹â�viA¤£@nÂ,¡ßî)àz­M+í^Ï¥i¤EPã2`XÆõ qÚ¨ÃrÑ79Åh¤Îî�ÖeBÃkÌ?¼Û¿:qÊTÓ òç?Ý�ñµ8 u ³·ñ ®è_uÊÍ÷FÆ2?!\LR{ö®ãá,ößoÔc.EÌ6/ªÏô¤cÌuý&ÿ�DÕ$Óõ""X¸VìëØéYñDdoAÜ×°|V¿ÑnáÃmNÈ3þ©{« ùôí^fí©cJt\µg³|Ó×Ã×W»0×íÿ�u@þ¤×ªÝ-½©,@ÉïY ²ÓÁrÚ< ÅqÏ5ËüJñÚÅ $¤$úW4ÎÈE_Ð©ÿ� ò]T*A´k¡cJÆkÕÔ@ËWÏwi qÀÿ�]{Ö r5 Òèt%oÒ*¬lâa,Ö7ñÉ·Éb ñGò®ªkU Ís¾,ý¬H'ð©ü3|.¬D ß½åqB!»¯BÍöaQu%£9#Õ{Õ¯3Ï:czÔ³À­Æ°ü5x²5Õ¶£ç®â§¨Öªý}vÍm¯0²sÙ¬I®ÇÄÖv¹Lgwµpæ^8í[ÂWFZÝ ­eÈKO«2p*ºDáìïS=M)èY �QK¦©ow­+þ`1»$i8ý+;s#¼ÓÑzk&k}µÕßGx®záHÉ¦6»(Ð G&£hc)÷;Óæ¨À¨üÑ´)ëÔÓCc_!@Î:P 99â:ª9>Å $�)|¥ì´Üä zÒïaÁ5DÚàNP=E,·M{y¥'²!oå[>ñN¡po~µI2 ÜÄ,Í*Hí\:ï¬~kSàÞ]ÚÛàçô®Ëàîm¾Ôn&õ `ÿ�3UÈÙ.´ãå·Ç¤ªY`3^õiàÿ�éØò´È¦aÝó!ýx­#¶å³Ó`ÐìTþ^É­ô3x¸ôGÏé¥_¤aþÃrûÞYÇò¦Ìy ¥O£ WÑ¡n¤ûÒÆ£ÑW?Îúu¼Àã ¡ãSý)û4ºõú ?A�`>aùó]áÒ½J_ hS1fÓ B{ Ûüª»ø+KÜ &X±ÐÈýkE¡.¢f á�­4¡ £|·ø¨©?±~ìª~£î¹1Z?Ù2ÿ�}i§Jtd?4Ñ,Ï""¯¯:ä~£k+ÿ�,_ò§tÊU{= -FñLë£;=êôñ:çtl¿QZ%ßåô Þ¥-Ïø Oñ ¸)o s ÂÈ {×7Á[býTú""f½_V.)ªIhåð¥¬¥ñ?XéWàÍû× à8¯R¤£#ö³îy´ôûÌ§ó«qü%ÐïD­øW}E ¨yw8Øþøz/ùsþòÖÕ¾-bXa1$0±ªàÂ¶3Fi:qe*³]Lt¹ØIQS¾3M6ò4>FÂ{Ø­¬ÑF,µ0WM½QæH¡åöaÇ°¬½TkqZÉöm6Y2äþµÙRT¼<_RÖ.iÞÈù»XÑ>""_Í5ÁÐ¯cåB¤ ükÏnÍ¼òEqG*:¸!÷Í}§\ Ä/¾/ÝÚìV~WÆÃû­ý W³QZ"" yÍûìùuóWµ|#»mgMÒ¬¦4'ª¨Ö¼¿SÐ¯4«é,ï­ Î ~£Ô{ÖÏ u»ÏNÞ\m,YÇ>¢°ªî´;pôÚÛÑóywä[c^!âb¹³¶rìÌW#¥oëÞ:PÓ kYGB¿0Àç°iÇi,¼úÖP³ÖFõ#(+G©öwÇ$ã½*ÛÛ5®öûI£sÅu9ÜâT(¬ v§ðjÙÔS p*nh£bãÚc {Õ ËïB©¬C·=© 5h. #F1øÓ¸8Ïl?*m  +ÀÈÜqzVëMhµ\gcÑR;_kSic¤v×71 vDG\ùÖ½ç-ìôËåV¼_Þßc�ÔúzòÙ-StLp9Ù¨ÌÙÁ'ñ5Ò«édqËÓÔ}åýÝõôw/ºWmÌqWúªQY¹Ò¯BÙzÊâlZàTõ÷Xu­FpEG|»¡5¡·""éN PDß»O¥= ô¼ÉU{W^À,{Ô§ë@#""ØSÖl ãh�yF8ª®äçR4mZ  ÏºäÒ4â3L#C0äVª!@3Ådg â·mÀ(wÐÑw«÷Gz3FÍ«z¨×µP-,?°úâ RÒ}*u! Ô Å!\ÔÄudâ§È ¦ocíMlí=EKÛµç@1×­A3 úR»gëUnX¬_^ô2¯dõæ©�=i÷¾f=ºT`Ò$~Ú]¦xlP`úRóN 8§OÀô ªÐAÅ85ïN{ÓCqR«b¢ÞÙ FÞÿ�éQ{°®ì |[dÈiükÓZAwÕ$î WS Îÿ�Os7îÖØáã ÌÑ'h±Å^I1ë,§$h}#¥UØâI�ôý³¦ô7h~´£ZÓHÏÚWÅU_dô~©Eý¯Å'xæÿ�]  »5s¢ØNr°K?Ý9×4õJ}©,I ]�=éýj³û""ú¥æüy´+«~me¡""7c²K2ÖèÙU*2? µ¢ÚÝùEÂsÜOí«""1ö¨ð:Týb·aýVó~GZ=:ÓÀàJ4»õ®óÎA=ý)Ê1ßæ§mâÇÍø©NÞsjxPÇ4÷\¯µ�S³;ou¯Pn =TWÃ Ý 6sá¯BÒãÈ± òÚBKû}évÔInª>y ??r'@)ÃöWüDFÿ�¾àn J¦Ö=�Ú+× äyWÄ;ySÄ+tl!Ý ^)¡ È;rÃhèt5Cs2 Û5¥$ÌJ81àgk }¿ ¬ÇSip38íô¦2éEWrÞ1SìòöbL ^N1õ#ÆÀ«q» j_Îbùg Ç¾@é@Æv«òX÷¦2ÞWH ¤ø*Æ¡ÕÙù3>Q«vß""|ÛH ðw½j8cj»m¥ì­sÏZV ÙÖ1þÀù¹=© ±Ö¬?q¸e¿ZÓx÷Ú""oøö g4É|¹óo!Ýy/ÐúÑagÌ Ð°�'CUgIb¶ÜWß¥]¸ Q×Ë#,àÕVË?8Îî:Ô1£]ÌÙ""GN°þLÛ·IëÌ1¬²;qHcãéÓÓ¡«¿Î ýª¤dñÓïTÈÄ;}Oj9@¿{I9JÞY??Nx¤.ÁÈÃ ÜÓ]Ï8F & _æáX÷8¨Ë±=cñ¦s�È'MÜ}@Çµ!ØpôàR®wg&ï «¸ãÆ) H÷4�ËÚVdà¯Z°²yqÓ½ xÏ?AÙ9?)ås@ >)LxØÿ�«b�úÕyÙ¢h×$:tç OÆ«èó®dü²½;îrFw^¿ c%foMìrD ñPç'kPùo*ûéº|y¹V¤E 6GÏ·P:Ö;KvXÓC*¥·*`~¨¦Ù¸ü¼s×¥M¥Æ FõnNîxª×LI'<Õ2 j%²)`°ÉW R-74´ÀZQ@à(Fiè °Eäh ' «¶¶å9êÇ©¡»jÚØD@äòO­\Dæ£Bê£ Òý±ã< ôéY>KSØUoÞDÜVF >v÷4E:õç *¼³í,OÐS&,åTõ¨ç8NÃÖÅV{ÀÎ*õýÎr³XLÑN ¨:F W ±""w=Í=@QÀ¬%S¢;)aúÈcw.ìYÉ$ä[ÞÐ Ä^""ÐÜ)ó'>?Ç¥a¹©üzçÁ¹4¸ôÛù$4¼iB°v�Ç ®k=ÍÚåG§;ÇofUp¨«¾hñ¦´ÚîdGÊFþZ ôÁÿ�õ¿þ/¶Òty!°¸Io§UPçjúð.GmÏ}iÁks6V]MKûÛÉKJ±Ëc_Aü4I|¦I#eÂÏÑ|ú^%8ç kÚ>^5Ïîì³öyòþË�heM;\ëÂ½¹<¥¨ÿ�Ii%Ï$Ú ZFðõ¯ ckêëB¡& ZOeI,q³±ã ¤¿iàÏê. ¾tW³2m ¯¢ãÚ -lÀÿ�r0µ'tÿ�v$_÷´ ­ÙÆ_dx¶ðo[¸¯®-­ºIvý8ýk«³ø3¢BíW·s¿}¸A]ÿ�tÿ�zuQþÊÐlÃ¬GúUªP[³^£ØãÓáí/o$¸þè+ZÇÃ ´ ÚhVûñ· ÌÖêZÃ Ýgß¥U ¶DsMîÊ$mÅc À(ý)ÄÝ¿hÓñÍZ¢o![Ì¨mæ¿tÀz Å(²9`\ÿ�´sV¸ô£v.HXÑ8TP= )E=@ü©Ø£ õ/]ÊØÃ»¡ÅBlÉyèÙþuoJ­5}Ê¢Þé~íÞï÷ÐSÛWþx¿æ*ÏáIøS°¹JþmÀûÐgýÖ§ }èd_¨ÍXÁô¦3¤c.ê£ý£afF.a=X¨Å=f¾ëøÔ©X/ u ö »ùT ©ÚõúìÚ?Z5 3CZ\VD¥Óq QGîÄ±þ]î.¤û÷Oô@;2¹<¨ü¿3 W#§ãL±½µ¾}¬¨ê§i GÊ} qºøis4EñIÇ~µÅèå×õXîbËBNÙ¢ìëþ>2|ºF4np¢¢µºúÒ+w «¹XzT´ÌÄ¢�J)qI�J)qF((¥Å ¤¥Å £¸£¯øcJñ%¯¨Û+°û¯Cý:Wêßnô2¢Aÿ�-Qyý¡Ú½¯d`YT¤¦Ñzlx¶¸ (-ÆöÁúiôò¶÷'$¡û¥yV±ew£Ý5µü ^Ü â¸¥JPÜõiâaWmÎ:öf;Hüj¡ úb´.âýñy Î `ÖèCl¢cÉÁ84´åS#e½2ÉÉïVÔ`wª» R1$sNh÷( $}hÌHÀ«ï Î îcB>cOÌ-¾C´{ÔaÛäçªíúÓn.WvÕçÞ¢2ç½�)<æ³u9[®3WKéX×3rÇÓC(g&åØi¢¤CÁ¥Í0R`H <vhPÔn¨Á¥Í�L Bº)ïRªçP+ 6ç GIá8ç¾USæ¥où HÑ¿7úUÏ ""ùÈCÛÚ²ä8Ñï õ(¹úi½á\ \/÷E*F!@{ M ô ÷ hôÒ£=)A=è'4ëâ>zÔ¢ @ÁüjìrÎø&séÛµðÓ¸ pâ5ô^M;ÍyEH8«¶ºMäüÃêxØ[é66¿r Íýçæ¬³`c< s·ðÁ Bê?­hÅ¢éÐc÷;Ïûg5q®çñ¨àhDÂ¸%AþÊâóqUÇ' ¯$Ü·Íx§a^ã­Dó j¤×r:Õi.[p {S°®]k°IÉ s*±¾ÊtÑ ñíê? éWe¸Ú¼ð?VyÖI I J,<­pT'ä~1ô>µ^XüÑåç²¿@=¥4^)i0Á$0Ï9æ¬1HÆÅufçG©?ALe[6)60Âvaþ5jØ*ÊK¶ aîzªñÌ|t ¿_zÝ9wÀn§© .F&gr 6ïVà±ü:RÊsË>H9ì�Éú[va \IÉäöäþ5³Ç.ÀÝü¿{×½0,?ZDfUm²|±ÝMJaËG°>ñÏ;j³³Þde åsßÖ¦""ÊÑ²""6ó ç) þF^$b1)ÖìòEd #üò>89¢ÒXÏ¨ï!ódÀEÆxõ¨íRGKbÖÒ$åß ¦ 2­OîN!üÌN1lá Àso ÚIã³ H°ØÐGÐÛÄD±n0·ü³$R#Çl~X~kQÀo~µþg)&ÆÓêâÝvË?e$ü¸ã=)®[Ì¯n£He9VdýÓ Ó` ÝÀªî!ÙÓ É«oÁ$b&hnzUI§UÚpÃåÁ÷©c)HÃo=O¨ªÌµfiT¹ Áª]sÉéR2xó£¦y0 ázP¡;p­ÁÀäUÄÿ�d·¥1Í6®NZnNsôâï¸SOJa-ÓpéØP[$éÎ(T-ÆNO¥ §wS|QáS×4:Eää±+Ç&£Ç·­·¾¦£@íÍ�J¬£§è)©eÞ£çUcy>âräpîhHf?,ËÆ""µn¦VÚÃÙ aBvJñÁåjãÈMºü[OJèmo2£&ºUFpÏz»xI-µu+xÏý5\Az»¢¿Eÿ�¦, y7QàÁúÐ·^#å±<â´Uèc,2}OSûõbÍþñ§¬(u�ú òåñf«jxì@Ç""ø©}Ò)@î8&·OFÅõI-QêçL q^{kñfÌ²Ë2ÇSÒºK?øzøíKäGþëSS!Ñèomõ4d¢öÆä~æêÿ�uÁ«;AéTfÓ[ÜiCJ ÐRm>Äî x¯Ò X~îaöÁ©öJQÊta?w2eµÕOÜ1þÉÅCÿ�{ÈÃè¶$Þõ×GþóT.Ñ¤pÕ{ Ùré´úg5©xGÒíBþ Ûþò[Ïk·îK¶HÉä(Úü*4dn qÎjïØÙQ·ÄÎÛPø¤IhôMòõ»K0òüMrZ©ñÄciÿ�³àoùgjvqîÙÍMhÒ$õ»¦« $ñG+}J´cÐæôï�j2üú¹}î©pÄÿ�:ì4ß iv(%Ãqó\Hd?©­(W5fÇCzÑA#Í°H5Ú¨¾1RªÒâ¢¬ÈCÒV¦""E�UxÃ¡W�ÔW1¨øef,Ð=«¬aQ:ñJQRÜ¨MÇc#Âw í§Þl¥l¤Dmþ½�@ ä Wp6Iaâ)´·ò¥S-·¦y_¥G% ·ÌîwVeÀª {¯ðF¼ÜútÒØÉÙOÎçõ¯?Ö~øHfuµp|ËoôëXºrGd1åÔãJF?:j;N­´¸kA*êUv×B®*Q¤_nã0i6`ôÁ«uÓnèÒ""ëÏZ  <ÚÈyHà&b07 QCCRD-�ÇZÃøÖÎêO¹k3ÿ�»5m|=ªJ&v}¼ÿ� JàÜ{+äã§QK³#qé[áÝar²ï?ïÃ UJ¿~öÆêHÔÅIqÇ¹ªÅÐÆåÞH=ë""à#pH$ã% KÙ=¨îª89ëÖ¦KG� 8éYÏL|Rå0OÍë@v·>ñdä §½]RÎÁERÊ9=MsÐ²§JÝ¶¼ cDeùH$8àc8¦¤¼Ö:ýáÄ<øÑ²¨àæGÌ<àö§ÆªöÞc\2íhÆ2ÞôFc*1w`À'æ?tdÓÛÜå!hÞC(y ¶.�=)¯#­L!ÃG mÒ>O'ÐTÛ]ÈÚ2ÇÊäüY°>L¯�Y åÇÑ·?J`$êé�?h�Ã¨X¢ãsUK([÷Ò±#n9§Þ ¥ÓNW2È:d>yª¤b dgß¿!¿*Mï'EaçÌpäõü+:÷ZÝ¹¬ÃåPì*Ó®®÷4ÓUaÉ'O°Ã a3¼TÝ§.¥4ÎÄ(ÆwtÇ5UåºØÉd{e@'×ð©à°µ'r 2K1ãéïJÍæË=i@úÖ­§¥£#ÆÃ3´ â³Gj@NrG9éR«7lô¤K;MÊb,î³ �ÝÇ',zc¥9U<·Zµ ~ç ¦îN8õ©FxxòÁ g§f#? <ýMKò9 ôÍLÚeÌd)Çb%>À­£*ssíL®kÓ´é/3ÇaÅc²Yû*Byô«¹ º3\æ#Ò±¦uË¸éüÅYÌp3Y÷Ç8ã<ÖhÚÖD ^_`Ó'µKU~lõäÔAÁÈìX+zóMK©Qó XV¥·õË,µ;WÏó¬yt © òÅAÓ}Iu;{?üGË ËþÒàÖí·ÅIÎ)÷0ý1^Z¡×$úp*Ä«0^zÖªlçt`ú {ñ*ýÙ=B(TôÚüØú±5ÏÞxÆþçp{Ë©ý4ù.rÛ0§æÉ'Z /^´91FWCB]FiXâP¹ôàÒ;©ª;·6U}²*ÚoÚF0½:Ôvè]@G;sÚrvÔôR ¶{ÓCÃ¥ :¨ Tê xÜÃ¨ü8¨A«/ 8ç khò4íqÎÓMtp$ôíXvpNç¿¦)çÓª0¯EZmàT1 ²£Â¨Å«Í éOQAM#B)-FËíVïLaÇJeÝ'È}kñ;bº[ Êy I8 Ö ÃKû­6íf´£qèzýk¿ð÷mµ`¶÷%a½é·¢¿Óü+¸sË~Pwzb²fî*H÷j+Ít \Y""ÛêJ×1  }}ky|{c'ZÌOûD \:ÊJæÓÅRMþªÎ?ø ¿ýj5FNZ/ÕÑfMê+_ê$u´ Ecýi{©´@£Úþ4ìÀÝ¢¹/µ@I7¨`! ãTæÕµE^/÷­-F£~§g0kÍ®µ}Yºj ì¸ Ò±îµmOu[Óê<Ò?CUúÅ´úk£,À}N+Áo5;ÑóËçtÌ­d¾©0}®|Î2 sPêÛ¡¢Â7Ôú9%F*#É Àâp:×x?ÄãHÖYaB� ë^ß©æ­ª§Ö}ßÌV²8õ§1±?JWOHÙ?Ú¯'ýw¶ÿ�öQE¾wo:8¼±dSó/ØKLÝÜT?&G÷å@\RÓ,µ*ãN¼ $µ :cù{×ÌÞ:øa©x:v¹5ÖÍò\(å=vúô¯¨ã¢YbæhÖHmduÈaèE�|U¶q^Çñá~f­á¨Kp7Kf9dõ)ê=º×¹*H<Ôw&iIâ¡A=)ÊU±â§ò%ªdµç@©â¦´Å°= h ¢ÁrªæR¬8""¯CxöÌ@Í¯qLXãù6~ûXÝÁPg E�mÛÎ&IfHÒpw�±Ï¦L 2c'Úµ¡;D }åï@Ê°¶W8«÷FF '^e È> KçîÓù NqUÚæ§´sÈõ¥Þ @ÈñÍA3õ54 úÕ)J@gßLÅÂ§nj²÷©ÝwHZn)�Í¸êrj´ÃlZ½å ­t i_4¹¦Ñ@SóÅ�8Pi Ó@iû½*,Ó³@{Õ`A¦·fÃÎZb;;ô[_ Â©ÁäñXúã¾ 3ÄVÑ'ä£ükGY6c#;zzÆÔä©NGfÇä1ý(`¼Qô¢Æº+0È¨VßÊ4D A©óéE+Ùý·Áîè6Ñ¸íïÞ.üÆRì~¸ÒW?Õ£üÏï5ö¯²>¬,IéÏ½C! õ5)�ô äOò®£fÿ� ª_�ö©å {Õ ØA û�wÈïU¦´µ) #ôªsIòäTHM!ÀRG<ñÚ«JàÏaQ;&sgß­Vi�fÜN#­0,y«>ÑSÖ ò»m ÏõªÒ>åä gµ5|µÏ_­0$óó½8éQ¬¥³Ý0j¼³U(ÙÚ9¨äEr}Î{Ò× þÒÌ ÎsÍr,G¡ \¿ß-ËH0KAª «N;Ò(d0A#8SõªF&VÊöæ®ÊT¯ðt ÎR""Ä:ãHÂ|ÅÝÐ*e, ºýj+Tçµ~5ÏÊ~èô%§~Fî>­gº2M È¡/(ØÀ -R»£rÀu RD<åv( ð2yéôªBd± sÇ>ËY¿úÕNóQû2J yX ( �;Ó¯ï¥¶µVó _jÃk""ÎÆkök©Ø¼hÀ°nÀ÷47Ñ ¬WZ¤ÄïtXJÑÖ H°da×#Þµ%Hm 4 Ûj èø(x?þªþÉ'?eI6åãÝ÷H=·zÒ°\ÎãÍ¹-²±(�ën \ä²ò 4ß:ÛO¡gy]Üa½«4õ½Éwl>´®2íÍëÜp@ä1¹¦Æ ³4 9pSØTMeäDªT«ãæúû×ÒãH# ¬ Æ¥ØÇ(êzpi¤9Ö{ËÇDFnÀv£ ù �è¥h^Þî+Èp>vYuíÍVÛ$+#(ÿ�XØåM+�I+Èã`áR$¬dB£È""Þ%iqµJ½º ² Bå¶½ 4|N]ãÉ;¶U9æf$9 ì @¥ ÄÛ31#«Èû$$%21ÏlSÛd, Ãgi RG<_h 'D~`Õ]Jë}â 2§?zKR¾dÛØ±Aó#ð ÒJ¸+ ío¥""ÆRâ/0Iá£#üiäZµÜå¾Ì6Ä!*VßmmnÁ|Æëí@£'í0£mUØp c?¥L5Õ¾õ!È?ÃÌ¨½Uü© ,ßË4äU[¨|ÇvÛ a¶aÖãÃÏ� HXá 9Xoã?3gO?áGíqlÌqlü§ Kdû/úÝØvÇå[îr }Ð9úóJ2fµ+Á-ÀN¿­ÙOñ E#v· $*0Ä|§ñ¥`$ócó­I¹³û¶ÿ�|Cìàc%¦«f[P_V$ HÈüjVw2ZIF@D³Z7øH°Åv?¯Ò {ì{²·(À&îWýkóq5¿Í8 1ÁH¡áÛåµñ2?I¾oÝã ñÖ²ª¯mEÚhúª¨¡ùZLÝê±»V0=iö§'qï^mÑéò´µ-Æ¾õ0Îi½*u5iÉÁÎ)¬ *| aMr( ö¤1¸V©¶àÑÌW- áÇ ¢ûdSVde#£Ú¤Nv¤ÑjEe¡ÎÖ?«QÈdþ¢¡}~ý£È¦2iò fñ)èGÖ£`¸~})¹l©*)-µ¹ á°¸É4« ¿u[ 7S Yefç ÅM Â©ÁúÒE7¦Î1ô¥; ##éR5 TbqùÓÔ§q§[K,'= ×1{¥Ím91#ËäárWë]PfÎ{ yQlå!¸&Kêhªrè3bª­!l·jî¼O§Ú\iÒÝmT5-¼ ìkÎ|D1éY¸ÙØé§>eqfn²n8<õfIÇ¥P0<óëïN($È6,89Í@êH#©d#¨»>ìÜp*Ì¬J«È LûTÅ¿rÅÞ¨Ì {pw*c³4° zhoBo4ÐóSBà3Û5QI0P=*Úº cPÂ*ãn¼Æz¯pz¥i mÏ#¹\zæÙÆ@ G'<Á� �E,gåÏ÷½ª#¹Ø.IÏ¨ kDG#ìà úÓSp= X>P¼})TcÈã¨ÏqÁÐòj`ª±òÛ±ÚaøÈâ±åºóT@¯ Ç dSc RyÇè×ëëR`@íé@ú¬j~R#¦z½x·lÒ£X|ÀÌ¿xýÐ}{Õ¯#l�ã9ãÉ-$Hê`©#¯¿­2 dÛ×5iQ¶QÐãµD©¿x7$wâ)òg�®v «Öá/ÔÆgÜÑ:Õ± ×""·9äË¶Ñí ?t À +Í@>õÐX&;b´1¥òG¥XAïP!ô â¦O½Ç¥R0d T qQMJ¹Å¥)¤ne5Êiç¥5ÁÀ¦I#éX×krAÁô¬»´ùMÄæîóX*CÉ «¢¹^¼V-Ô{ÅCFñfCÓ9<óWìäVl¾EP£CV`Â¸aÁ)ê[WGIe WAlüÞ¹KI¿i( V©ò²¬ ÀàÐíøTìGNM+ÈsøR!Np:ô¬¹ä+Orv ôìMfNÙR ªe±¬Jäàd +éóqZ3 x¬{©I®i3¶ÏP �d{Ö|1Ó<·6A ×Ò«1Â`""±lèHe±.£Êç§¸¯cøm¯Û6Ó§|¼ctyëãúþuã22½}ÅhøVHÔ!º\Øp{p+¹©ûHòIM#ÜÔ}ô:7pREÏ ¥X u""»!«hÆëÆÒrsJ HÆáø�iAêi6ïS²½¤ýhç³~�Ý£ûÔ Þ§óýñùRsýá@ Èj-ÐÒ ÿ�xP2Þ»ûâýñRpi>_j�ýêräpX\¯µ'Ëí@ síøÓw öiÛBGçHG| �nóíG}E_öhÜ£û´�õ`Ý+É¾%ü%YIµ%üó[¨ÂÍî=ù×«yéÊy ®,îm¥h¦Ðá5_d£øM}Mãÿ�¶'ï¬QaÔÀÉÇ_¯¿½|ù{¥Ýi·²ZÝ[²J º£èz.ñæµ¤µ8ÎÀhO0Ðg°ª$Ö)%]ä_~õz8ÂcÞ¥ ¡ì9ë@Ìë9MÐçaê[ #T TvxæZ¨/7Û4JO­�_5 °È5K;ÆqÏ õ­ ñÎ0 Ò£¼·,¹ ã¡bÚe ^ }å¤yÇÝèje,±8oqWd tAÔ`âÌéÞ c+U¦¹â¡FVÍ!^MÃ©;íCS9Êæ©]>�ZLúÒSÓZ@/'ð¨§£#½YÚiFÌ} K.{""KwCèÃKZCC¼fâ6ü©ÓÃ:ôOÁ �d� .Úè#ðv¨øÅ¼\ÀZ¼Å«þ$P'³Þ¤WuÃmY¹0õj»ÂíE¾ðAùÐsK^¤ îHåQøñ«Qü.EÇt p(L&�ú Ê­Y£×å8ÍzÌ´Èÿ�ÖÞ'ã ÿ� µü=oË\Âqë!?ÖÀánË5 ¡ È¨.t VKd[)Kç#5éÙxnÍÕ Ý°qÓÔÕ­x~´ê©ö@ÿ� .-O¸´º¶8¸¶/÷Ð¯º½ªOøX¡kõO]Køb¹m{ÂN»k%÷ çÜ ,öÊxqìCHgî÷¥ª dHÊàRA [Q È¦v£½ 0>ª9ô¨ä%G­LËóíQJ0=($«*¤*ªE�ãõ«§8ªRrNpzW êIèGBMQBÀnàã$ Ø&Ò#¯¥aÞþèÇ Q,©#ícÆ{Uö± Iæ¤ÕïôªAØîAþµ@É L/@}ª£HPciZV=¸ÏP*«òäuÏz,8äzÕ NLB±dNsÚ¬I ÆÐß7sY÷YDKÈQÎ{ÒcE ¹ ¬/ÐÕ¸-AÈô9­R¼mq»ÅV}9¹+µ°�àÒ(¢6#qäs{ÓDÛªI¶*Ø²266å>þÔä²]à9'  iéå°5¤´)¹`TÂ-É°Nxà ¯s, ÈóK Üàu ¼¨�ÁFã¯V¤{2«>Yö;G ETV(v¤c`<óTrÈnpD]Ë; ìM0!¶¶V¹ %}é ,�Ü*¯Í£_ùl¾¾õYQ,­cÉY<îõø#yädÌê¹Ï�¯qõ¡h&2ðJ iwf2y £ð¨/(µ¦ì²oJ²MûÅ&%'÷g<ÆÝÿ�:ÇÔç.áµàïûÐØ$eLZkwè=«fÒÙ qÂãïé!ôh ¾}¡Ï$? -_'(À§ä~µ)u 77J'; =c_ëÅIywG 3¾àñü§ 9¥ ii4¦WY6lC³×¯5+µËÆí£^æ©°%·O>mÛÞÝ$éï[V°·Ú9TLÛTÇó)QíùÕ(P[FX?EêMiAþk 1Æd-ù JªnghØªÿ�«F3ø´«&pP V®OÔS Ùç6ÂÀÈÞj:NHüÒäÏãøP¢·ÎÒa7D¡@ÞN íÍW»ºH<õ~ò¡~Y1ÀT_A ¸raW³fcÇOóí\ÉÜ36ÕêNVc,ùO3 äô\9ô÷­k#°Hå%EP»£;°¥gÙ[mØLxßûÁÇçZVp²GQ²K|`ç>! r®.Û|ÌÔdÀ3Àÿ�ë~©:¬×L1mª~Î1øÿ�ÔËO´ù1°_BØó NÊR²$Äñ0â¨Cf¹ m¸Üp a~hôª²]Fff""«@Z<PµÓ3Hû®�y9ÉÏ¡[¢ÞpÜpò�7®jF\n]Ø@BCÇ_ëRäÜF^ äG7<çÖ©¬±²ÊÄÀÌî0xÅHDm,¤%»B�­Å0&22\#¨÷q|¿¼Ï'Ö£åYÉ,Àg¯j®¬¾lì pk¼Æ$Êeâuä(ù³ÒË yhNa;""-óÇ×5Yå2MÇò¡'iÅ+ÊL3 Þ¦ î°tÅ & ¬Ñ·""í9VÍX³ÊÔ-ËyÀFûg5E$ùk  ;vU.å'4¥³*ÒL÷Ý6ê9 sä[+s¦é^E¦ø¾ÞÒÔG#`¯|Ô7 ""@û¸5å(¾Çµ>[î{J^G¸ pÖ­,½Nx¯Wâ=ïöL ´.3Zcâ °©Ë\HO#!@üªõæJÂÏyûJôÈ¦µÊõá ñ3Xc³fÇñÁ©â>´pÀv|NL¥O¯àÏo7Â¡Q o�ýkÃnQ,B¯¿4Ë[8""ÿ�V{TwóÁD^9àTóÉ{:iÞÆMíÇ§ÓãMFýL#ïF«ßZÎÝà`U»ëÙ./Âç¥g�z9 é d Nj× Yu¤|eSÀVL.È-É«HÊLkÜøp¼U«E�£± àô Z« %ÙX¨#8¯¨T¶$($û mêÈ¦{g§@=j¸\ ÄóýM9þTP¹ùÏ~ô`lÚÝHàÓ2ÕeÁ?x ÔáËÇ»¶jUPX ""®B¦8##Áõ¢L ,Ãä`ç$ÔÊÈ cñ ´Í¥ÛÒ¤ Ï?ÎÝ `dî|UÈpæ9ÕHáÃ~*ê #p v«$³a÷N=}êTK;0 éK ¥Kþ, J"") <¯»Æ{úTñÌ 1ÆìäÔR(m«3ÇJ°å<Öñ9ähZ¸ Ö·lÀÝéXÖ(@ç¡¹mßZ1qWëS(ÁTÃ£4Ñ  J£Ç5 ¦H¹ëHNiqMÛhÖíHsô§0 9àö¦PûÖ}Òq+IÛTnA�ÐR9Û¸úâ±'!Idý+~ï!±.p R6+(=ibùGAN;R¨f9Æ+³©DÑ¶q «rÖ^LV ""µmºZÒ22 èØ :s�'¸ªìd;ûTæ@S®F8­.srêArø ½dÜIó ¹õ5fé`g¥d\Ëó yëQ-©­J÷O»p=kâB®Tò; JÑ¹pà|ØÏÖ²npNñ\²gtQ'$7JU%H9ÛØÓÃv-8æ£v¹â±7E)>^ íQÊÜ¼1ÓÞ¥8À QPÀ8ã<óLzÃ? k¯ì{¦Û Ç1xWôükÕ¦: ¢¹  ù~Îw·dV aê;×«Û|VNIf Â ;1Á#¿½mN¢JÌãÄaÜ¥Íz T 6ÆúRù`ÿ�cé^c7ÄÍMþkTÒé 5R_þ$ ¤&û/Z{HßW¨º ¬ðà#Çuß³¾2 ÿ�¸Gò5åöÿ�ì7ÒVZ®ò^§üÃ]¿Ü¸ÍsVÿ� éQXÿ�L§cüÖ­Zní­° fÿ�ëSS. NÆ¿öá¶¶p§ÞAR}®~1§Ü ¤±Ä ,¹ô-ÿ�Öªò|@Qþ¦ÞÕûwì´sÄ=NÇL²\¾?ÐçOûjµ2Ç#}äí ®&Ow«ÊiÚ{_¶·ÿ�L_ºÿ�U ×çÿ�£1{)ö;¯ ÉÀéÞ@þü¿÷ÕpéñRcÎgkÿ�þÆ¯[øëq iÓãw+túS¸½» _¾¯ùÓZ1yþõbi sôÜ)G´³ül?L\ìk×þzKùÐc óÒ_Î²ÏtìpIÿ�ñ¥OÙ7f ð!þ4$»&%ìòø ©ÇÉÿ�|¨5ë ð}ÿ�úôÉ5 cè¿ýsJè9%ØÓYEµG�îÍs^3ð=mª+ô $Ù¿Æ¡ÔÕUÆpG ´¾iûÊr;Ö§0ð9ºÕöë0ç¯cJn={T*J1 02<=«VÚ ,³,¿Þ\ï Ë¸´1 êr¹¤lr¸Rz© ÝÛ¨ Sd÷¥aýáÏZfæC@ eejÌNà¦©[Þ²7SZ±ÞÀÃ7P0ÿ�!J`d qVï¥%&6ÏÒ³VðwZL�Aé^§á¿öóèð\jââ;»¾$AÂ&:·Ö¹ i+â?ÅjPc d§ W¾éÖ7Ïoo y[NàãQïYÊïa«Z¬à¼w[X@'#i>ÔxÄÑIè¬Ï5 þ/ÄO ibÖÌµÊ6§·« ¥|ûq$×¼Ó;<rÌÇ$# jÆÞ¤ÏñKF·8FÝé»VOè¿ê4h×æwCÕZ¬ÒäøÃ¨õV0%UâÖ¼ßu _Â¼ú4çi/ÄïIÒáèµNO x\æýÐW/J 7dñn»7ßÔ¦ü V}sSïßÜ ø¬ÀisL.\kû§û×2«b\Ê #©5XPy K9HÔíd$ñ2 üxT²[ê÷H¸&aôæ©@Øt>ÒñL>W/@û®Ë ú2ýi®:8Ü*þ¨\ØÞG<QÔT¡_7MVï OÐÕÛH78éBKÇzZ\[AâKhÂép²cüqù×qöA¦-çÃ[ôÁf*ÄgÕy Ê¼[b5Rüþ¢©E)QÖ­DáÆiõÄ }ÅUÆAÇj(¦I^P08 sU WåENPÒ#Ø{ S QEHF ÆÐ0¿¨ªªq}ñEBevbgóªí(ÏQ@&sÜÅ`<Þ\ÅË cE,¤OÄS/ÎoïgËRð6äÑE²´d8;íéRÛ²ùÒÈÇ© QLC®.cR±`Ìx""³çòO h÷ÍR Gyê77¡äVb³7ÍIØWþY_Æ(@6 ©.&ÜÀ3¯cÿ�-*ÂB�E°oNñLö¢hw È¬#Û ¹Ëó¾ï»ßÝ¢RÜÔ¶·ó¡H³ûÎGÞQV!q (þfe8`¾Ut¨^ ¤Hãy¯ÌVOZu´ |¿1 xình¢¡jÊeß0º¬qÎOü¤ü#Þ®Î¦D\Û® Q îÚ*n4Qå]FÄù{x`Ó5Zúþ;$hàLö�cÇ×Ïó¢M9ëÇ ó3Æ9<»¢Ýµ$(ÁÁ¢KV6lÌ0K´Ï *7ëýjÜ""O*h Âóçh¢¬¹¸[ta\Ç�Py'¯õ¬É.=ÐEBIVÆâ}¨¢)buXP¤ùFæÃu4ø[ÊÁåBcÍT,vnw ±ß z¦""alåÏËE\#*bû±Ilæ5?)!~n4Q@Dìªåw Ç+nòß1NæÏ+ÑE�9â°$³¤j""d2¶s¿#QIìRÜé®ü<#""O3Ü÷¬»¯ M ªJ!o½°QEy*¤®{nZ.i 1Î..T4­È^Éÿ�×®<$ô¢ÆSÙÓÆ´Q`x^4Æñ§""òV* çcN`(¹ïPÉáõ^�¢h9ÙSþíÓ.áòÕq´åT¢we&Wÿ�d4Ý0z/À2QFâæhzh6âBJg=*ôzD¿pt¢i!9;ù1Cª¢¥YBàg(«#p¸»®8ª¾sJçË tÍUZûß*ÐQ0 dêR ä)ö¢« 6ÌÇ%"",~V|Î­ 3×QMù9ËqH!=9¢¢ ¢]1¿w#Ú¦+ z (©êh¶*ÌÀË´p� Õ Ö :óE©Ü5Þ ¹ü*Ì®v(àc(¨{ÇáTW8ç°ê*)ïóqïEH�7?©oèES& sÇ52Æ¤á°=è¢h$ç8íM*K`rÔQM$O³` zsïS$(8ÎzQEjvJüÄ Õ¨¢À cmRÉ|8=1#ÂëEQ3ôp;w« (­âsÈÒ¶\îGõ­x@  («1eåîjPxÈüè¢C$ H(¢""Ó{ÑExéHzj(¦ #¨ªsæ) Å¾H¬)À Z(¥-e cBÅ&ß)H'4Q\²;#°Íµ±OjÔ·¸^(¢®$HÒ·¸ ¼jI%]¾Ú+FÌR¹u&sÀÖ-ÓÙî:QED¬2å¹ÎxÁªlÌû:QEsÈé Bî×¹çÚT¾QÐâ+#{hW(Fù¤NÞ;wÖ*AÚ Ý¥YrS§=h¢d¨�H�*GOQUX¯¥Ræ´v@ úÕ¨g`r½ú(­ Æ+rÆC GzcÃ9¢jö#mÑ¿Ïø±·~F:ÑEj å Òù © úQE\Ib/1Æ­ 67}h¢´F,zÆN)Z#E@1àË)ÈÏ½RcC|Ç' Z°·:¸Z(¬¦m»]Ü!ÚÒ·×5Yï. [ÜE6±NîîYá*ÍA ÖwDÆ8'î(©cL§u¥­Æ^ÝpÝÔ×9â` ¼¨Ç°ëú×.×,(¢Èf±TÁ¢�\ÓQ@ ´Q³´QL*i9 ¨¢iÀÑE0,D{WCâ¨üÉ4«áÒæÂ<uùOò¢TÓ>k;¤ôÚÕ¹¦D pG¢hé~EÂW°0ÉÜF>ªE|úãkô8¢$8ëRÇ)J(©(ÿÙ | ýGò¯M×->Ú°FìÞA~ßå^¥êÃRµ¾ó ÿ�#_IAäKl)u ê0yÍpâiû×= -^Xú ö¤Â²¤VÏ yÜò7CW§Ñ¡yË¹ÁÇ8ïZrU6Âá9Å?}ßsÙ#YÉ·vAka ¾ ÜUÐ¹éÍû~SÓ·æõ S3Ôö¡Ëc­Q]µW ÝÀ4ÍFÎ{µ*²qç'ðU£¶ûgcßåSÌÍc½Ùzÿ�ÅÆÄûÜÁ?Z+8,;mïY´µi6pvï~Erõfc®åòÛh ­nÆT ZÐþØ[6ççtÿ�¥'»a«>1Ð¾Å£7ÙC. ç*u*\»Å«^ë×2[iQo Ä0¿×é]®¦¦f!Wi üÏ#ucý+ø´o 8$û×¡ î¡Ñæb¥.nV-q(´¼Xm#¢aÔß vuÌëÿ�¾Ô""¶T #co8ëÚº¶Ç ¯¹Í¬Ò,ÛÝË±]¤·$èÊ+ÃµÑP và©¾y¥ÒBÓ:3É4ìaAª¶ú ½Öé!'ÿ�dä �·5¬RÔx8£vj ÔÍ�KLÓIâsL A©£l5W§#|Â3V3ª·G­AÊU[ÞµD§""É­1 íH¢@ÜRÁ¨ÔÒ¿Ý Ë£óâ«7¥»l1ªM.kTfÅ-Jd¨KsA1'·=Ç4GLöÐÊ¤½yÇ¼g¨øä $á}?­sL]8¶>äÜèuo kÚ³7(ÿ�Ë4bª?XOy+YÉ=òj¯ß4ÆØ­R°i÷ ; zDsççRAÅ *M 0i¸a±ºZ¶ç""³§o*à0ïPô)6c^ÑðÛÆv·:lZ-ãìº·±ÿ�Xâ+ÅÕ¨5=½ÌpÝD~hwÔw MHsDºsåôÍæ¡cEt3LÛQGSÜÒC ÎìðN+Ò¬R=U5Ü´@ÇÈxü uv³ÎEyêzN*ÚJr:qÎ85V)F3Æjecüi\ gûüJ&Yv�ö¨~Òªq¸~tÆ¾pXfÐ$îeÞiisåÈTg®iÚf ´Ë ¼äTºÍµ¬e¥¤j7Ö¢ÑG/k¹9oLT¨«Þ\¾GU ª*ü3ëXÞ&µ2é²3Ù&`HÇëPj¨^ÑÔã­ÐæjG¤HßC° �Ç|×mÞ¹/ é¥Ä·Wc""O\uº(E¨êsâçÏN×!âgjØX÷d)9|ñ]y®_Ä3ÎÚ¤vÊ»¢ÎX{éÿ�×®Mµ±Í´¯%Ïåcw9%F�>ÀVÄ/³ËÍÇRxæ²gK/ñ È�è­n#H`@8¥e3xÂµÁ²ÜH^?NÒøAë`!C(9í\²JÉ¬B¾2¸ëõ®Áÿ�rìñ÷1±ÔÑÈ¤-Å 5dSHrZBØ4ÒÇ�úCÞ4ñHbc#©¦94ÝçÖäZbXäª.Ü×KqwûÜËÖµ í>×Ì²´óQxc»úWÕ1G ¤KTQÊÕõH[ÊÃ° =k¹ñFªxkM§ µNÓR¿¹Ô&@x9¤Ö¢ºxÑïÃqÌ8Ù l}x¯>Gô w>)cðÃGL pØÆ+¯ýÓÍÆ$ª|9, DNG¸§ ÍC¸y {WAÆYÁ ÔëÓ9Àª*Ãp)ýÙ<}Úxltâ«98ÆH¬z÷ EøïR¬¤ 5T0ÆM9[öô¢àlZj[È ;Á®ËIñX¬Wc¯ü´ÿ�ó¥b9^=E:;¹<Ìò÷\É«HV¶¨öØfG êÊËÔ ä¸ëgµyâ9ìdT,^ òõ Õè¶r­õ\Àá£nG¨úÖr¶-Jå¢N3(VæA9æÈ5%qJ­óT4áÐ#^ÚOç<Ó-XñO»ûµDu)©¤jh¦Í""­9¾åF­Ns ¦5ûaf9«Úb@;ÏVäÒ´[½Çç~ìòN;P[å D )²ip î=ª-ø ðEiY6S5ìJç Ó°|ÅÖ¥üRn¦dRçÁå5I/V\áMR'÷Ð)ÒqOþ ÔDäÕ=[tªÉÖ¬»@ÔÑÁ¤ç4ìP¨ iÛæ)÷iÛçrwª[ÎÒ/¸>ORRÞX½\ýRý*¦¤ûÞ±[=B< s(QÀ¨ç4­ÔÕ;x ¸y.=ªMµ È¾Sgaä¤àÒ»ÈÀrsïQM0âÅ¸öâDÁ±À84'¹üê,#¨©H;s´�íÇn8¤ zÔx9¤4/ÔÖÄ'ý 1éX88­ËnmSéHD òôÕ,]ëQ³RÆ~õö¦w§fy«$rw¥4y4¦2å8ÔìÏûuÒ×3uÅý¡ÿ�¦ÓT=ÊG ·jïåíÀíYõ;r­$|úÖ:T, wVaÍA{¢Ô?OQ[¶`ê2P»WµSÿ�ÌiÖÍh!s""±ÚÙâ®Øé/§<Ò< æ®<9yypóD¡±àÊqæ4±ÔÛüFQd´rC §ñ�\Û¼vÖ®ÍÌÙÀ®jëGÕ(ùGZ¨-®£ Inëë¨TwF÷DÓ^=ÕËÍ ®+«±eÿ�]ì+(FxÅug '5he YPã§ZK¤eOåY~hÜpã'­:èIÍMÙvFÿ�1(=j÷òÍq³/\4k=«OÃXÿ�I=öU"" Æd×H&deÎ®,áQ£ÅcÎÊ×§ûÕ½dÑ¤Qã¯­e{» ¹1³§Ú""é÷@>ªÆ¢ÑJ#ÆsÇ4¶cÓîØ Óô2í$½åbê@½kf=KUöï@ñ Ã³¸^¡QÈ­µVvÜpq@cñT« I­yÎ2¦§Ý¼i÷ aXhÎOËËñVu8Hß.@QHv:u[)ÇÉpÛ5lH>VèkÏ¤¶j0N:SÄsÅ \Ê£Ð5ÊvÓô¨E>xÆì5ÍÜOw0J³ÀgæïTn|W©Bê>Ë ©Üç& ·;-a`s àûT76QKpr«ÕCJñ Ýf9,äW^»NEZ}Nßí±m ÅÅ6+QFbcYW¥N®0ØR2*î úÔêsÏZ@Ek XØóïV|Ö(ÿ�(õXòÁã×­�s®sÇ§ÏUÔü£ë[Q° ®ææ«6ÐÇ/çH¢ ·7ëDë%Ï­\K¸äHyQTA0.Åµ $P7 úT§ÏÇõ,%Ôu¨5Mô hMÀyj5ÛNqRí8#>¤2dnEMÕ U£i 0íi~ÕnË¥Af[ãxÍ*ýîj»Ý@ lbäògÝøÞÐãÉÏª)s åfàÀjòÞÚö,¦IP äÂÄ¶R¨2=ÿ�:hìï/ìgdýÔªêÛÆ ;¦+4zmÈæe êz9§Ô(¢QY^ ×-ü?¤K}9#8.Ý >-ñm· ìw Iy(>L_ÔûWëÍÞ³}%ÕÜ¥ÞCÏjÄÍÖ±¨Ksw!yd9<ð£° Õ+¦±;´Å ½éM§$©­>Z®nv `Ô«(#¨ 2¨ô©7~ÆoCI ¹öäU ÄùrJ¸ß/Ò¡w!E8$*1WoCYÃåb*Ül {QJ,ì^µEqÍs¥""`:Ç*ÇáZv{#á>ëçFñjZJØµÔq 7 üøük»ñwßH½7¶`ýVÎÑü éô®¼²Q%¾©6óÎÙ9NêmrÒúõ|Õ@ì@Ú¤÷o xjÓÃ%bùîe�Í1 è=�­c c´.íÖD·%.ëRWÿ�XßSHµØ-»»®GÄÈbÔÒtä-Æ°§áÖºì×9­#Ëª"" v@Qð?¤Mt\D¶±DÈIL¼g#¡õíWd(¤E82ÛÄßQ©­ÙÏQ°(ó# Æ­`ÂTÆ Îv gÇ8¸³ÔÃÍMnu×Zm³É#""*²ôû¹5+qw >Zòó\6¥«>­ræ©É$ðk^ rm:ËË³òåR>îz 7]I´íß¼�:ñYZî· ¤änQµWú×-X[üöæ9@äv5@Ïs«\>£r|¸#s°áG·­&-¥î ËÁe ü|J3þê¤ÕiÒÜÝMA£Bs6¤@Ý7ÉõAÐûf¬êeZÔdõ9$Ò}³JçâÛøÛÀO,üÔÿ�JåQ«kÅE¼û]ßÄ¬à{Åa¨=s]ÔcËx¸óTl±É'NJ:=i 8­ PåúÔÌÙb*M>Uåã@ 9§6þ4Àr¦ü�?;¯§5!<*Ûôõo�Ü""nÉ?xÔNÛ¤ : pù HË0BG5Öø[_:}âÅ+ÿ�¢ÍÁÿ�dú×°_J°ápCUÐMu=Í¤mªH¦\ï 5¥Ô´´I ¹à©=W±®»$ÖmX´X Qô¨§+g¿v×;ª[ÃòTHv©ïÆØªD½Ê©¹ÏAH:R a¸6AVÜqU f¤a<ã4­2¤éò²©Ï­fý ²®áòç·»{¤Þê-) e¸P*KoÝV¸ ä)ä~5\ñKRy$Þ:ïó tíNbÞX8âº¡áhmáÎì*à =ON lÞÌj x""Õ 3C'¿gËn#¿¥$ùPÇ°íïßÞ»oìm<ÆPÅ '8ÝP]ørÖè Ñ° é,DÐÅö·Ôô­=0o·bJPÐ®ì£`¢ZMH¬©:ºÈ� ïÞ¯KTO+[ NÝQpÅTéqF0äæ¤bHß-RÜ<Ê¸Ùa ãl¤wªD²ÛHb¡½;oËÍ0Ò ¬wTáøªëÖ¦(æ§�O ´-Üäsß¥fÆÙ«¶ÿ�xsVgwns ý* õW=3SZ Û§ÐT�psX­Í:h< R¤^§4òD#­A+1¸=*Ù j)Jì`=(¾r1HJ¨ )'ÊqMÛÅ""ÅóaKæp0)èhÛé@ AMÚ}i6úÐüÁé[­ºÕkelYÇ¢Ðoÿ� u,<3T2ö±RÇþ±©  ÃÖÚzÕ9zRiª~cN&2¯xº¶>é»W/¨I ôWN9Qô©Ñÿ�GéNl ×¿5K[bB¬Ä(""¥Ç· þòÙÒ´mÊÎæìm·cíPhx6ì}MaÙxµkyG³`äIñ] ²ç,­¸¤;]£¥0ÅõE#éYQxI ](>üUØµ[Fcºþ4®tË)³ºÙ3ì* Õ¬qXý1¶6=l¡~VE?f_vàñº(¯,æE! Ï­E'6""?Zê­ÿ�Õ'Ò¦Ï4¬vpÒxRþ  ¸ ®èKpf®åâºãUnð-¤9íEìó7²êd´n·\UémãU !-é]Í«Y©e>¢¤ÊÚS õÅcÏî&ºï##+OOeÑ¯ zè¦Ð4éÎZ Pj¼ÚD62C!$ëasÑf u&â£< èä9_!qÚ£·ð§ %§®&Xß+íÇcHm ¦È.ÈÜ+NâÕ®% � M ´ÛR)eqæ}Æ*BqUòMÊ¯|UÛ»Ë³hÙT(èGZÆ·­¼ûÒe&lêD Hs×Ë?×M·].°?Ð-ñé\ÌÉFbçq<ÒcÕè:(s Çjö4yÈ+ç´Äyu÷í]Ã³ò)¡=Í=2Â-Õ!Ïz¹& jZ' ô¸§ØFñÚ sÉ«è%v÷[ ¤êw7Fë«Ùì|ñLõCVìÔ/ÔÕ JÐ/«PRë6ÓÂ¯ó( 3ZßÚÌÉþ5ÍÆªÚ{dV© @ÆOjEXíË)BAÕ²È®^ÈJ·;Õ«[È l É¢è,t oåÕxï\¥ãÕ%§Ï\à Ò¹º0id8å^5 ªÞÇ §«çÛÚ±NÆ°§Ü}ÝÜÐBÅÃ1ÇãëX wpÛÖxX¢ð qÏ½h§y""e# ³1ùØz}jÆ¡-­¶ ö¬( sÁ#Ðw¬®ÙvHÇ´kãpP$`æÎzàZÑÞ°¾h%ÚYá ³r¢òÉ&Y'_!Äcñ$V-Ò,³Æ ^ÛÆ ¿ºþËÜZüM$§�Æ+]2e³¾v@ùGãR\iãí7±3 ì<Y7+mlËY@è}J,2xï­7Ë+>9bAè*çö7!wÜÎ¦Ý¢³-%ÆWpúÖº[Ëgò­áØ9úäT¹XµÕËðj¢ ·@;þUÓxkâÔ·g¿¸%á:ÿ�ZóÉâºq´£&îH$Z:&5øm|×F'o_j¨ÈCÈú Öu¹·IPðÃ""§¬mML±H%¸yÆ«b¶9Øë3»E³ WxÛÅ/â-aÝ ¾Võ Øûï~(øØi©¤[¾'ºÓñ5â·²,zÖÔãÕeî>¼ÓDÃ®)à1Ö¡#pIÔVÃdpß2ÔA""Y~dôî*¿ïbû=.ÿ�Y_uéEÄYýÜë;õ]át;ã$JM«'ï-Ünî*XçÞÛ$$÷ïOp""ûA ië&î­÷sÐÿ�:­åÉ|§JNè NC.*�r9¤á¸4ÜüøÏ¥UmqÖÁÅI2üÁºÔ] GP.G#A4sDpñ°u> ú«GÛÅ~µ¹nî�[Ùº Äkå9J÷_úÑ¹Ðï4lµ¤bö[¯ëüèº×¬ÛGÕd²¹ùd^U±Ã¯b+*êoÝÉ>¯añÏ SÄZYxÖà´MýáÝñ á ¶B¥N± k¤yYèÑ:ó'öFUíÏ5èºÄ°£;¹ÍyÌà ÑþU©¥ø]-Àdò3Ô/cnmO¹¿¸â¹GAáÌªÙyæmã]>|2} ªZ×ì!M¨èO©4$ö-JËq.£ÄV0ó¥ñØr{UyßÃ´Ömî5I%Ö» ÄOºÆ,òH¦­ÔZô*Éµèe¶bÒm ;:}�©¤ o Ñýä?&Üg8í-)á¹b;KGlæ©>ùR8Q%á±É'ëXÖ7&vwÆ3pu Yaº""# (â¹S ¤BK2¡×-]/à-çÊ~eÚGÒ¦,rG^Y\Wâ/Ek,Ö6¥ÄHóänì·½_ñ¦©=ÑZJu?Ê»AÜ×jO<×¶ò¡ òWxÆv°þÔÛDÅ;·Þ-ÕmïådÕFs É«:v±ªÝÜDñßAn»K36>CÏÛ¥G¨h­rÂU+ §ïî^¢¨7§y8ä·F~éz|ñµQ{ ¦ãë« E¤n8ßèþ!´ÖU/Pe¼Vm.ø;¨FÐ""öëÕÒZïEÖ[° ¯ÌðXT)k¹vÓcÙ÷¹¤å5OJÔ#Õtøîba0Àv5s » Åy¨Ì®iÌ3Þ´w f#¦yÍëS2}*3 lâ »rf¢cÉ©Ê s#<Ò ?55#ëS2©íQ2Ü(¨ädÕ©Ô""­Ra<¤K&ßÉ¶Bß=«Ëâò^RËëðßøHêæYnâL3ç¶+Ôþ"";Áà»Ã7²'ækÃñIÁIj©(;£¸³ÕôB?pzØKM""ú y!O÷ãb?yqëWluk=÷FÛº·CXÊò³®3¤ÑÙ¶äËï& ÏS~ue` -Äó>ë¶aMÑïl5È42 ¶@³é¥Qü9À¬}OFW Ó$P¹X¡C2GE§ªÛ-ÅÌq2rävQQÿ�lYéÑù¹ìrjÆÎïwp14�? }*éSæ*¿,wÔó 2ÿ�ÂHbQòÇ¨ Ï¯â÷/âÛìö`¿Nvõµe U»;%qóÐ÷¤ä£Q¾ ,¦¹ ª Oï5iAk±ÀO1Çñ5^ÛÆÕÒaPskU[Øê$·# #ðxô¥XòsR¥8c½e©¥MG%¨ô«""ý)X Ù! *·ÁÎ3ÓIàz¬cêvZ,+ óÁ^Ýêö6·$A © ëTF6ú÷ªó@ÈëM9EÝ ¥-ÎO ÅêBg Æj&Å äs[R pRNA¬)Ùzñ]têso¹ÏR/ øåkªó ñYn[ëWÃ)r7=3Ö³$?é®§ ç¥lm }é£¨¥:d4Øtu©W¥Tê}ã8Å.ÜÕa&Z9F9 ¿o÷ f«jý»*Ñ îìmcúS5Û}étã8ÿ�Ý·Ê úÖ?h¾PbÇJ ½ ¸ÅP|¶>Ô×Û,zTÞ`Ëò ÔÍK! õ â~P)÷y­õ¨ÉG@}}i#3J¤Á¦zPÊ�JÃiÉ¡lÈ<Ó ÷£xÇZ@'Íë[?ñè+ põ­kÍ¯ã@ µ©ýcTSqtõ""LÔµ4õ§ ÃÖ¬Wïq¦½Jh'U8}$Ô!Ìkô®[Wâ ÛÓÂsgýS-Æ¸Ünîç.jÈúÕe_µMó`ï5QÉ2 7åGQ­»Â¦""¹{ÆÝ;)��{WYá!ÿ�«¢} r Å9l%¸Ï`æ Ãô5nµ,j©¹V/D÷/YUW½]LÉ8ðär Ìë¸âÒG; »¦#Áñ¿}ªNäÈÊ·×õA6ïLÕÕñ© -º?¿JåæA&wcÞ¦êSÌd'9íEÃë×Çn8Èê ]ÄÑj6 ×hæ¸$ÝÐHxÔhÊðt¦4};Åp¶XÞB½A© »§J£mäCêÕç �u8§ÍcÎ4\\§§¥í³¬ñ·Ñ VÕ%Skò°ê9¸xìâYQw`kE-ö|&|nÆIÍÂ×ýRóÚ¦ 7C\úm´7ïÎÍ[ïVW`³Fàyy fsU!Ã_L0¬¨õ}Hs%¼l àj$Ö¤òWkWeîWµ�í¡qHúUvÒlÉÏöªIâ{N<ÈæOªÔñøM´ªö¸ dz¯%P+o M±Î:÷·u¨[5äL&M»zæ¦IálOÐÓJáv]?C¹µû®¿­ È&i""@2ÁyÅi. H$Ô}ýX7h²3ew|%)võ""µG%úUIbt$qR[üÑóJÁrk6Ûn¼gÒ²|HÞd F½^¶?|FQwf·²Fb:ÒÏÛø ÷écFhà jüÚb[ZùhçiläÔpDÞQägõv4¸X[O,Í&F§æsLÖ/ XÑ1ãz×ÊD!v*®ö>ëXæÛ4¤ÃäÏ$g©ú×<ÛfÑIñ¶Ôû[ubJ©Î=,Ç!iA±îÇ¿ÐU·+¾Z.xÂ tÏsMmÑÈÈ]@$õOAõ¨H¦ÊñÙ S&âÒ·xç¾;}+'Q±n£¼¹¥ C Ïa]$-¶Å4Ó7Íç R{TS¼³¬m¡v{¥ZDÜÆº¿ÔÆÚ´Ï%Ë.´x;=?±óÜÛmkY#,7È}òjZÚZÞ°1 »×þÙõ>µxY]]@w²ZE' \G,~¦ÌêklÒ]÷óó3u=ÿ�­bÅe#*¼±C'åQ×ß&ºÛ»84à µµgnKçëT®-¶ëÙcG#%P`(ô j-u%·7M§·½vÖ:<7(""0\× >}Ã4KCcv{ ôo/oFy®zÔ ºUºð³Èá¼ÌãøGJÇD²d {WH Ls·n3Íf\®¬hX_¼(xýú×ê­$ºgÐ»7 &¹##F ¯ Z¯ª4Úwaæ/´&ÒEuBªz3® ïÉ¼A¬Ë®ëwZ¤þõ¾@ G�~Urß0�ôvò,çÞeÛ$GV[>XÞ½ CH'Ôy`õ¤.CHõ�¦}i $tæ²Ö¥^MRHECnyO¨â"": IûÄìÝÅ] Î)ê)Ø"" ¶åìÆ¤e«È >eèzÔ_hd9?wùR½·Ò:woÈ«[ÖEçRl§#¨Ñ+ è:®*hÜ2ñQ8ÃHcÞü$Õÿ�²¼wo6#¼F·o©ä~ W�:æ¬ÙÝ½ôQ WR;sH²ºòo xâëW[í)M£[ûßCÞ½""ÓX¶¸ÑàÔ·þêhÕÆ:ÉêZËÝj æà<ÂilË¦ÚwG/aà¯#¢ä c9çëF­gk¡èvó`ðIæ3 »|â¨jÞ °ðâ4Ú¥ì²\¾Y-""r[lð>µç§ï¼I9âUå CÀ÷'¹¥]:«1á$|¤  lÞ(àé¶'¨|Ô=vûN-û¹ ÞÝOø÷³Ò¾nø&Hø·ÙåþUôéY09Æÿ�XßSBÒ?ßo©¥Z¤@êçuø$kDf0cÝ½}ÏCüë¢ëXÔO=Ìq""ÄpÄà ¦ºâXCvbTð}0zñM""FåDX°ûÇ¨ÅC Q 3¡$Èôô¨'vrIf ¡WwlTLÖ#íçÚàI¤óÒºß 2î.á\¬J±í-YÍ]·ÖWGÑo0¬eqµ ôÏ­JÜ©lfx¦üê>!Ë9/yãµ¨ÇºK}y ºÎóýïo¥%ºo¤T.åÎ2p)ó$EîbGéÅCÜ¥±<3Ó£YB»Ävmà×Ó5NWFæ2Ï\z Ëdùð}sHÉæZ¹dÈ<)ÏOñ¤ÕÆU´+2íË A^õrâ/¶m;J¤¶´0û7î^Å\¶ËS$éJÖÓx ÏK{ÉýÊã ZìIâ©iÖ1iÖk C¯,}M['+Ù7¨Ò7Rç@qMÔÀ\Ó ð3RiÊÐÝÚÊ\ñNíMRwP�iæÞ �GvqúÕ?0«ùcëTÃU-{Êb¼»Çz[Úß­ÐÇ/­zvþ*¥cm©Ú½½ÊnF ãÞIØò l µÜ""FPb´õ}&]ñ¢`Æ#÷_ 0¬Á$óA¨od PÏ¾T¡lç¥H. 7A@Ù3Î)Ú]Ô¶w""xNÙ÷¨-ËlµNûÌG5@Zñ¶½y©h^DÅ~jw¯:¥vzä f) ¸© k3ÔZOZpõ¤ÇJ 'Ó5It}A.cÓ¤7G^à×¨5{+K.ìÇÁ C¹àt\ñ^G*ð}+Ò~ ÜÈbXFØ#hîëùTÊ7LÖÜek®,f+9P9i!;Tznîi ñ Ñh""ÓãÊlné]¥·³YPÎXãüGØV ¦Cw¥rYäç½*5¯cÇ5ÙÞçÄ7óÉ í)%3µEx´|H¥ãJ@pçéLå,ç!}ñMr¦ÄjI¨·I÷E,³ü¡W©ëS'Ü°â©9ç«~§Y ]£§z�¶@4 ¾aêj=ß)ìâ?|Òð!W ëïNfÀ ÓPmÚz2Oz@J""ri¥¶·Ör[4Ùq¼SÐ¼ ¯äÿ�eÜ8ÇXI=û­w¹ë^ oq%´É,nUÔäØ×³hz¤z¾È >6È=½D»ÐÙð2 ãÌq×$bVHÈÅE4hqrTv¤Q¯m Úxzv® (FpQÓWeª9<¼+¤ï¢:)ÂÚÀêj©=êU_ZÉ#G Ð¹¥ÛRàR «Ì3éJx ôà8ÍFã)ØM¹ÊúóUÜ6IÏJ°ÿ�*ñP3üûsâ@Ùä Èèi AÇ^8íLo­¦1hXûÐ§âá*Eÿ�\~ÑÄÈiàþ÷>ÔOÚzÓ³L'²Eæ¥4Á÷©Æ2µø÷'ÜWIjsiÿ�`W7¬Ç«þÐØØ@Ø2<""xAºügùÒ"".Iß·læ%® rjàhÔ$qUÊ.dAá.tG½rW,ç¹5ßC¥ K }ÜÂ ½»I!Ö´õ9boJ%#ü«¢ê§ @íøOWCþ¤Tò²ùÍ,Ä�{ ìuÿ�z""~ZÂþÄÔ""S¾ÞMßJßÔc|/ [[~ÜmïM#UÉ=kR8D#r¶W' ½ª°²¸Ñ>û&¯$N¥W ô¥b®GuP¸ã5ÑøevéWb°î^õ½áá&ïæØæ§à¸ÞF@5Q¹HúÐHØ@ò\3dîâ«y±¤Ó«Ôv©]ÌÙÀ¸¨RXÄóK PÖíÎk½#y&� ñ[×ó Ô|¢¹{é]p§E""â;ÄQ¤zd,>Zå¼ÇÜõèÒjví W%wµåÚY¡ýkÑµ V4( 5±2Ü}ç¯c'°�ZúuÖ¡ö]×È=v5qóH,Eà¸é]Í£$DÇ÷qÒ±(ÒñÂ±ki0XàûZÕ$Û#>1SÙ¨©Ôõ®ÄwVÐÃæ9ËyùFMM5o¯àò©""9ãÖ±t÷eÅÄ¯½ g¹ª0Í Þ!D§*F7{Tèw9TüÄw®j¯SzjÈ×õr4òg÷§Ò§ee°îA#ûªaX[îa¹ÙÂ¢Î¯ý¯Ê¤rdU-!<ÿ�ê©E2YY¼ÒB v8}¿¼jºÚÇ Ê~÷4Áx³Jª£22å¿Ù mCm ôè)Úâ¸ªLÛæEÔD-þ÷øSnÜhmdÇ§ø Y 7$É$Â³õ]yl­+T\cSòêirô1Ûi°yh¨ea¹ß¹õü?f\ê±\8&Uô d >¡5ÜÎP|Î íSè=M6Ú!Ë^<ÃÚÅãu ÂCi v!w3õö¨d°°ó_{¼Vúz Ìt1ÆÉÂä�ÔÚkt·³ù®0¤÷8ÿ�=~Ú×Í¬h±ÚÆ0«§ú×]bLNr g¥fÁ§Go,137÷»{Ö¿$¶ñ®B/ZÎKCjrÔ× w Êp�g¥EîùIäwÍ9q·8*k¨'ÁùJ¨Ù$ þÕaí`:vªòp7´ÑÅxïJóôï·À.$÷_þµyaöû²P G®kÅõ _±ê7§¬NT Q]Øj®WÐâÅSå2êWd :Ô@?+ZvJý)=ñ]G!*Ü8ëÜTË¹Nzå4ë¹O¸¨aÿ�Rã«ÜGkðno#â5²ùk©ÿ�ý+é3Ò¾?ÐµI4}rÛP¼+=çô¯¯cf %_»"" B3XÈg<ßëëJ½iï·ÖhD¬}h~æB3» Øõ­zÍÕ$¨P0 Æjm B#§å]£~ úýk*ÞÛU¿q × 8ÎäÅmZßgÚYØà³rZåÛË¡)¹hã ±ùLYHÎ�¬Ñl]<È6E }Üzýk^É} LJªâåï?+1ç õ ¶ém pË È±²±ÄLXú ù8¬bùYØ×2³<Ç|m¨ªôg ? `_ «¨ø[øÚèBB¹î6×)¦¶½ÎF¬ìKÇ4ÃÉ&N! /ÔÐ""5ÇßJýiAÛr~Æù%#±¤1ó7ÈE5ÏsMî\ThIõ4°¬]³Üþ:ð0*$ààu©ã?Î)ÂZz 1zÚ¹b:zÐã~zpiª»={Óó"" ¦1àf7éLü¿4�ªßtÕÿ�³ï¼ &àû Æ¹ 8,müª@öØìc#m*§o¹¦ÀY¥ÉèkÁÚ±Õ,Ì2Ê{té!ûëÜ±/uw;(ãµCV-;¥£~ìU¥nj¬i³¬�kè6)áóP®jOáâÉhsIÙh@IËS)I¢bØàT,ýóÍFÒ*³Hz|Är³Ç'ó¦MóG×«Þy= 8¶ä9è:ab/0ää}Ó×Ö«3Áöô§»óåMU¸-±(nÅ!Mr¾nÎp*¤² "">X'ñÍBê74Î:ahÁÏ#<ý)Fð'�(ãY÷Ø$jÝJ· Ê8ÁÍdÞî[à»pØí] C²êX]ayPIêj8Ël`¸ÇSLº¸y~Jc y¦%Æäû `WK0%V;ªáªK?ÍV-$Þ¥LÔ>`ÍH¯Å�[Ö ³áúõ¬¨Û&¯[}ñZD ¢6í:""}*ÅùÑ·tª~ 9Ó#üO¬ º\çÑkñ¶3Ì°""çÒ¤2&8=k·¹}ÁJòzfµ`ù%Æ}ªhæð)¦P¨ü¼ÿ�£Ê^i å¯þkúÕ}¿ YÔKÛÇ5UNá×2Å+O :ÔGÆi ðiaà3hÆ* ÇÖ'Ö'5©¦Ý¿Ö±2k[H9Wç½�Mxq$dzÓýðúTw¿}>´àI~Y¦7<Ó[­Z$3ó SMþ!JM03µnlä­Ý4çL·?ì ÂÕãÒO¥lé:E±ÿ�b¢CEX})HÉµyðøpCZ¡�ã­H¿ 5äkK¢9YÕëGDÔúF pkÄ ªhòNUíQXxâÖÞÙ#z .gx¤ pq\¢xïKþ?1à5f?é ÿ�- }V ³7e ÖMØÛ<+ÛwzOé,0.9úUkíRØyÀwRÒb`3 ¨¦ýÙÏÍm ~V-oNd]ÅÓÖ¦ Âæ<½L K±a­c? U¸±·³³a""·P*ò^ÛHúÕMRâ#fÄ8#ÚÃmÌHîó¨ ÀºiÉFuÏ½nÙ:ý3xõ«{ ho@""¸ {´ÓtÕ·Ëðk§ÉöÎ+3X`#w,( ë£ÊÌÌÁ 2ñÏJ 4Yâ-sF®õkô©#¤#Òâ%Úa nÍQ9íMldå WVÁ±y¬Ý,îç7Ð3gÕd¶a:Ê0Ü µ[4ÁÁíò×¤ítZ ¨§ð¢ÃR<ûÅ(Ígn½¶s\0ÏËÇ5ê÷ÑE&°¼JË³¡ T§FÓ¥QºÊ/ÀS°¹-Ñ#gº}¼×¡êc8è¯Å¡é9dµT-Á*jôl4m»zFÃnç-ÚÅ, @É®Ï@ºk½!¦eÛ¹JïÃvK*J Õ µ¯§Y[ )_#$ò(oA,äa´¶ók ñT®èÐD@q)lú×m´à\Æ© H÷æõ¥Tâß®cÝ ÍP6<ÅQ¼ú1äÿ�1VaLU0¨B2k4Î ÙOiÜ½k[É$!ûÇ9þuÅ{»{""ºBd¾I>f!¨=¿úäÕ«tóYY÷(#pÎwO â« äYqùÌØíØ¯&­y#²¨Ý:ähL®øU0.éï603éZÊltíoÇï?*'s�Éåï dú¥p^ÝÃ ¨Xþ u9ªªêWiq¹dÂÆ�ä/sUÖªP³ÄÖÕõ¯ 0cP;öúÔZv=¼¦Kð\ÃØTØi ¶'ØÖYXâBB¨Îzº4Ä}±ÇÙ ~fïïZ@ÍráÂP1üøÕÖªÛÆvÇü)ØW2-¬m­c 36r ¹üªÂY¼ñf%K}ñWÞ,Ôãl|2¯�J{FîÁ¤É aP  aOzÏÕPm�/õ¥º!Îõ 6à«éRõsvÀ=¥R½td@ÙÈ° ê%±¬>""àe ¹ã< Iæ³ âÕ¶Åuµó¤9<õÀxÿ�@òdMV!äÇ±¯MXv í QÖ³5ãÒgR©R½iJN¹XûHØðÁÏËÉùMOw�¶¾rÈÛ4ÕëÒ½Xê-ì#9 §®áÔ0SL`üÂ­+Ç 0ãïHX­;z·jB7{¡3dsUÛå9;¦Ëùr CXf¨\ 6}x5zhÙy £?+QjÌqíS9ÃS->XóDÖA£%xýGÒ¦5ÁÙ4Rva´ÔÇR2ö­Þx{SR±`&  §¨5cÇ^% ,×`¿HÞ4[tËc÷XrßMcA ¢««g¨ü)4k,1!i ¨ ÍkßéRh÷«k*í)Y¾½éÞÜx8Q¶Èêâ66ÓùÕÝa<ëm3P,Í,Ð§ÜrDpsúP R 4*qÓ¬'J�5Z÷1«0þ,:Õírz<¯¦>øõÏ yÜµÆÞCÔ¦>SùqøWÌáã+Õ¾jÿ�eñÞä½pÏ÷$~Ö/b[o¾ßSJ´÷êhSAâ�Æ0#p=°9Á­¡\ÿ�ÑØ«#°Ú m òhcæ|q0HäCÙpú ýk3YÑ[PÕ`fWhõ>ô«HóÚípå å@#¶0kJÕ&Týáäô9©½¹ÇË£^@m¢XÊäåÀ,sÆ©åËÓ­­Ù¼Ç  W_""*²£l'osþMr¹nYÈ ùSïS)h8-JYµN*´W-sx ·B@ÁûÞÕ~øù!÷«#ùÕ­O""$#sd|Üþ5IèËêqÃº¥Äìò71És¢º8`{m:Ú3Ï­oÂRe#Ü­qá­i¥bm$tÎT) *åµåk P¼·µ5ÞXüÙ<ÿ�ú«¹ðÿ�®t;ÛÚË ½ Ö_¼=wgyöÛ¸Ì*CÔîü¹¥«]Þº´op?( .C ®zÖiäT-3 Jqj&WÈ`¸÷© Qè*BÀhlåo¥G»æ )\eG·rÌ@ã58ÈGz° ïUäàwÛø÷Ï½QSó ³1&ðª[ îZ""¢v§ÅFÇÃð½Ñ¿Ðôëå S&æ]æÆ3Û´ü»s'ÙRf1Jw g¨öæ¿µ8î´ >ràq<£ àþ9æ½4J$1Âîco+v°éÔw¬Ôëº¹á¿¡+â+k£ ùöÿ�rN£k\p¿z·ÆIÄúuÙhÍºîpðÜÊ¼i *|D ¤óJb·Ì3J*ÄþFd 3pÜöÅò¹î(Cò±îM&wRÂx4ÔÁc½$¢""RA@]S´I½º�¨ÁÀ""cæªÀ U4©åÎ:æøÖl ü¨'¡¤?s Hbç)²cÊ&Ç?Z1=)¶>¤VªèØàÔ}{Ò­£ê/¦êQ\# áÇª÷¯dÒ iu ÎàbuÜëð¤<â»ë%¿ö=äÀùÆÓéJJèqvg¶ï¦@{×+¤Ï¨KÖàÍÝ££¯øÖ=üþ#ñ ,c·jàÌô£ etz@eëNã¯2°ñ¿l·NPqÈÀ&»{}U Xö4\ ªO  ÎïzjM ¨ OëÏZ µØÀ95FÇð«{ôä v¡0eG?6ÜsÜÓ\ì ¨yëK!$m§zGÊÄã³60ÀTeY@ EHÁ°O®JYmnvn1 ñI²YvAf� ßÅÍ¸#æ¦¸ó :Öf¦Æ6,¹`OZh¬gÌìö»ÇÖ¨_Ëþ®� Õ©|D\gTnÖF¾UÚw7 É® S¶ÂJAÁÆyè)®Hàt¨ç&4>Õ Êç=k¤ç-+ ÙéVD-f¬¼ûU°ÙÉëS«â¨,¸ê*a&yÀú @i@ùæ´ lYÌpsZ01b´='ÃG:J süêæ®»´»þÁª>Ëi sÖ«ÆrqÒ3ü«ñ  2fÜ:UëxÌr$'ñ¬A4²""|Äíé³.ðÄkFJ·9ã""æ9è¦±ìG¼zt­´v¥H ¾¢srùç½RÞ3W5RññëYÄ óI·(4nZ¤Ò\®( ¾^E=~\ñ@#¥iéG;À¬Ñ&{K$;oÿ�ë@8>Ûãò©÷ Þ!íZê)­J¦Ýj, Ã SMî(&:§6»ZÚnÑmÏû?Ö²u/øôýÚÑðënÑ öÏó©Hð0ÞFÀy©#e`r®¹Ûõb0�'©¤3µÑc á©21×3s ¸QÖºÍ á¹ �pk»+¢@·#d½ioÚÛÎ;­q#=ý+BÄ`úR(Ë¤�ºíb¯Ê>è®_äÈàïÝø êõ¦Dµ^Ø Ê­ÎF uy%ùºD!p7¶1ëS[:ùÒeÂîn Ua+Ä×G¥DgðÔîò³ yÏJæÙOçº½!BøZ|æª$Ëcó®¡eD¼Wjrj´n_KøòeHÙ³S!¸IîÊM±ØÑî²²Ó¿5þ¥> ï9izVC`]íZÒ ÿ�·ÖlM"";_kfaxÈ È­5×µ­ÅvÀØ®vÚEûIÉï[ÖÂ'Q»·­n={TvPöñm'T­µëÛ)ç?cWRüüØ©á\Ãñ»ëY·F]1vãÅPy©\¿eBêðc×#%Ê6À íNö-Ï\_ hr8äçÝM_OÙGzÍ$í'½x½¶ÉgÉLdè¼I""¤±N<µæ KÄÚL¸ÿ�N>«ZÒþÒ[`ÑÜFÀ0kÀmeõÊ©uÈÈ""½Ê¬cÓd( 8 Ó:V-ØÜBñ ß'Þ=ê±w ÚJQÕÇ|óT|+ü·r,¡Ê j~½¦ÛÚÀæÝ êA¬ç¤YQÖHÈÝD±ÂòFzN?ÄÕédYÛ`_ÝGvÇ·AúVV¥q$vñ uqÎ;þ¹©l¦Â±o2åÈöÅs &Îf±g�2·Ä÷b8ü^Óã6Ò¹Üîäó×5R&âÃ¦W*§ÀÏ¡w:F°o<8É U¤Cd[WËY)|àü9ëúSuMÛ0FHäeØ­è;àUX§ò#9ç ²F;/^k2I ó;Ü)B§hldþ4Ä\åºxá·EH×Áqõ­¨c·/-Ìp9vl?áX0 DñðÉ W=½Os[GäÀÀ HàÒ(¸²*[ï}»ùÀ µMï3p¸yã9Ú*?.ââAXgÉÝ!û©ïYZ½æ nâø½ÁûìÍéøTJj&ÔèJ{ ÚPH 0 pI¨Þù ;r�ã$ô÷Årf£o-ÁhîÞo ìsÇ ô«óÈò,Ê¹ îGJî´é8;H¾¨  ` þ¦³ÞC-ÀFùÆ�>ª-»ÄM\ä×*ÎüHxeäYÉ³XEt5'¸ heóÜòG§ ©âÜ­GëYVQ}¹ÑÜs]­¸9ãg\cdKBdõµ§¤SÌmá,ÿ�-OB} R&Ý&ø{&îNzÔJÝûSîòÓÈOqÏçQ¯""½Hh*[ÆEoqM SÈ 9­Q,nÁ0E8)VàÓ#¨¦!lçÔ1çVÈj I¡¢©}  +>è£mÙÜÖ« díapTÿ� ¬¤ÊF?,@S J¬BÓäæ!³/nÃ¸äRÛIæD=G l7éP@ÞEÛ!û­ÒQ UÊÇëWXwªSpd¦Á gy5Üw6Ùapè}Åw+ÆãIÓµ4È ¿¥ È@Ü¡È¯<~ï£oªÞ} t³1ûÌ# pøÆsÖaÄËðZÓSØáÁíO+½zäqWÒÄ$åþ óïZ>¡>¨Ã{nÅ% Ã¡ 5sÖ¥À5(úÊíoì-ï³Æ² {Õ ¯7øsã+9¬-tc¹·Ýq@ö5é IèHðk^* Íwä×1ñGÅ· Ó­­tÙL77,wJ*£ÓÐñ÷ñÎ³vXp |âcê{cÑ,!,§ ¤gZpÖlmÿ�ÑçæCÀ`xâÆ> �íIÈ ¸ÿ� |wâ5vs~ ä!F'ó*ÝKo±íK­iþIó% ­ò»)õê+&þAwe#óÜa¶Øöö¯3Oþ#U g¶eô6Éþü@×$e,ðqØD�4J*Ú$ÓÔïodeYUzg©'ôë-XXÆÑòzwã½p3xçR^o`gÜóMµñöÂ@tûIL$º?ZG]JôÐô%ñn$çt® ~aëÖì ¼f6Ü¥¯ówü,SiÐìzc#""ºK?×Ö±C&ùj+!\ãÛ£K£3NOt{$ Îq`W+Çã§�>Ç ¸ÿ�ëU>:Ù*.6IþÇøRHêæå;çò¦ 23É¯3 4fvz¼vt4Øþ5hDa´ûåÿ�¾Oõ¡ LôÒyâ.Pps\?<;p¼C|¸ëÁþµ~ßâ ¶ít=áÏò4$ y» îü©|Ã¡®püKð©îAÇx â@å~±·øPÐEI>µlV øãÃÓU}Aÿ� _øKü>ØÆ­mÏ«b ³q¯#ÛÐñíPr:È %Ñ j¶ úh*Äêµ»V%R@OåTIqx¨ÃR àPO4ÀplTlÜô5""Ó `Ð22ÇÒÌ{ q54ÏxÄðÝÀ#¡õ¯+ I@T,G8µzO¯ ¾-ÇÞñøkÍQÝ%X Ô élN-òjhÚ5$³eAíÛÆÕåWvâMÙüOr$½8ØDÎG©¬>wPM!yû ÕRsÎ3W±wB³c84ß'¥H¨&!ùM %Ï ÷¨b}ÃiëR´Äv_ µa¥xÒfÛâ['ÝWõükß¡yOæ* !f*}½E|¥ C""K 6 ;Ò¾ÐµhV÷É;/Ú¡Pø(à|Àz ÎhÞèsÿ�låÁË# duvWhÁÈéøðôàÿ�Â:´h I4Eªó&HÓ¡æ¾oÎNiÃaUZ´3mnN 6VýÑ ÔÌ©ùAæ3À¥p1 )Ã X3ýF2*Hó>´°�Ü 5*�I¦cä¥«Î¨D ç>åÏà8È§!Ã{Pg®)3""÷±Mîi1¡»°J§å5®EI~TSîE=}*3Ë ­=y O :Ò«)ÏZ¿¥iójú½ ¸Ì¸Aíê /`µÏnøayy«é/sv¹XÛÊNî\×eue ÈÀ¨äT:>o¢i6öà,q(QïêOÖ´w z× ¹Ý¸« }}áÛ×­C®cC½¾\îàðkTi700[9à'ý\£ cÖ¶.mÜyñwëÅ[·bPGò¨] Ê³à}¥ 6î½Gá[2¿ãSyaÎx¦ÈÂ1Í+XN\Ãv  U{5+>{ÕiIsÓ¥!Ø¢óî Gje´Mw)Ëh»!$Ü98çéSÙÂéc÷Û,ÆÃKéÂÕÞÆßÌ¸QýãïíN´þkE{ÉRlechü*RM}sg5­Ç¨­FC ""¶Lö9 �®88éKÍÞÖ0±1¤aÖ¼Åßº~¤Ï_sFÑ Ì±B\ªÜÍ× §½]þ ;I-äÈäà1ÇáV)Ìp ÙMY 3ÔÊ1ù£Ïa¦£0Ü¡­çÓ×P½ÞJ¡<k8éñp{¥ÑeÀ<ÕÀvBl3¨Æ58ÞCSÇk· ÎÂÅa»8«*Æ' §íÒ�pA«I KWå<@6ÞBw ~©nKc HÅTµUùð2+^ WhÏ ¤^I çNt`1;VµøÎp?Ø?Ê³<*�Ò ß5±t¹´z¡¬dýâ£±å©$HGÞ<óV Ìa: g¥6H* »JE³g| V¢&ü+aTZq\òÆH,8¬u·ÃñúÕøæHü¢z¨¤~¬Lw zÍó«ú¤y»U ¦jYH_4Nó 4*ÖpØÎ8 bXRlR`zÓ £ð¤çV»Î`Þ¿­_ÒÛ7 Ïj\¾ >ôüÑý(¾Ï>´ÐØúÐÅ4Ö<ÒFx¡ª By¦Ç¥)5@UÔ9µýÓW<2ÙÑcöcüê÷6ÒºjÏ [:>= ÔHhñ¢]äo©Ò2 ô ×a>f&è}©íàgN.Aü)Ø9ý ¾}ë»qÏ­vÑX ?DkV`IïYßðËv¨ßhAÞ!¦byQ À½ Ú¥¢Ç·Vïü 7""ááRÂ8L}¥úT¨  :ãH5ÖxãD´Ï þUð5Ê>ïµ¡Áô­ fÁî­­­Àe�j%´Î2Ô É85&îVX¥ÊW20.cB'$WC¦ ø¥g'M+xBô°ã w«é¥K§èRZÈUnÒ°¥$Ï?Õ%Ê%¦*-=±0Ü1êMuSx úuVG/Ö£Àr î§ÐÒ³ 21Ën¹%y�VæGôù¸«IàÍF'8òÈ#ûÕ>£¢Ý®Ì-ëÅ4¬KiM¹ÉÍÇzÙ´»}í×Ò­ÇàÍQsò ÈìÕ=§ 5Ù¼ÈÆ=ÐË+½÷°FIûÕGTãûIÆWy­koêP^Ç+Ä6!ÏZÊ¼Ò5 ×Ê2 3NÚ Kí¦Ùn7ä)fIK­ð~¶¬·ãýáS? u2âÓ#8""¦Ì¾dEâaºHÀÌ@ó\ªÆ 5Ükz.¡{r""Í `ÊO k@lÛ&©¦JhÅ 8ã ÝñXÌÈ1ÿ�,Óá hN¬lÜ¨#Ò×4mBóP_""ÝØÆ½v «}b\ 09¯MÑ¼T·Îm&²`2ôàW%ÿ�Þ´ó{ hèZ.§i«¤ÓZHª8 P;3Ð¼ j°é{Â^F$úóRkfÛû£,OÐTúlûôëq ÛóqPjL+¹Âä· «r©­HN Å°ó�8`\LÖ9uYLR6'wBz]?Wu± òÆAü¿¥\&yçwÌG®F dLË¤¹fÃ³Øþ\U P-äVî@¨`g:~6·:C n Ç©èkWp]1'Ìa§ÿ�¯ùS¸+­J\´3yâ01ùåDW7?ÚNg $o» :{Â¹¦WÔncÉ;ÔAçp'¥·»¹¿D²¿f ã 2i ¥ Æ§¹dîèÚ· Ú&äF0};WA{ýîJ´9Àãò«§P¼¹{i_q>bn÷ô ý?Kv4nÒ;=bÿ�û DÂÇÎãyë¸×\écRrÓ9é¾G=MoxýîeÕnO©ªOm%ïmìF ;tãÒ¹.Û¹ë¸(ÆÅ ÚÛ@ðÜ£Ef+·o/RPmíXàîr1¹½qUà³Vxt»uVxãÞÅGÝ°tHÄJªB¸çv9Çzjm3ÓÙS÷vX¶I?xÃ�uÁ¦¤¹ÉDGp ÇJôñ-Èã÷czë]hñ+°<eÏmÜÁFÅ};KÖ@0Þ¹«M Rv6Iç°îaëÒÊÈÁ' + 7#@ÑòÊAõV³}1.`pßÄk¥ÖF}ÕwäÖcØ$Òù±$j8,»=Í22ïGÔo!?i#-ÈQ÷T{ ÓÑ$�`ã­k·/jÑùPUÆß4�}©,aØªF�=*v RÜã|c¢}ìßB¹sóî·ÿ�^¹0Àu8¯pºÓ""¿±ÞuÜ.z{zñísGFÔd´:£öuìk»SYîyøª\¯lÊkÈÈ4õ?ÎªS% ÅJ²ç «© ¤ÅÂñMó28£óíUp å°pjÒzÔí¦·¥+³pj¥ÂáÇ^õqÆ@=êÁÀ ÷¨`(n(5 *J@4õ¨.3Ã¢¦Äf¾V^y¯ ~ jgSðm©c¶cnßOÐ2Gñ¡³«Y ô¥yv ~æù  ;T°ÊñJUÑ+ Õ5tvw>¥Ý$±le]­ Ýó{{ùU³NÕîìå�<2²:uí^íá/Câ- gÒ|¤s cò° G 5æl<½ê.""¼Lçùå?Ò³Æõ5Î øMG1ýÝ<ýÓQL~J³#Î)ÄsLCÇµ?88  ©ö¥SWÓo @Í¡H�Ðz®Óc7fíÑ½ªbXúR�<þ5 äT!ÏÖ¤õ#' z÷Â=$µ[fI  ÿ� ¼>+ÇcÈ®óÁ>>oÙ >ê&×qeeêõãÒ³ª.´\Týãß @Ai+GÊ×[xê}CöeÕ$ XqÅlÁ¬kÃ¶hm¦cÑâ%Gäk}t:xÝdPAëV""�cX6^u¢)ÃûØè¦µâÓ¡¡8ö-Ú8ªò¾ãAj<V©¦0À÷§¾1×:sRhVW©­5ÌVv/#ð1ÄÕIyb¥Es²9PH{± ( w+é6¦(ÔíÂõni£]Å§ÌçúU«x-Ïên+Ö5?µ""Ùq�ïýêmØ¸ûÎìÄñF¡&£v$9(ùÛÖ¹IH ]ú(òMb}± Oæ*é³²ÔÑ´+X£&¬0\¶¨ñðqÅI$R FÜ¬ nù[?w¤p2GËÆz¨Ñ°'>õp*¡G'µDð¼y 0sL9g[&·W""6lõ©T�à?:²» à{Õ©SdAqÏSBRXxÜsÖªI·½0&¦FùAÀëÖ-&õS=«NÛ,UTr+*Ôíf9ëÅi[¸«,ô 1m1óÆ$5¹8ýÄýX oøÊ=$þÐÊ3cXËâ v<ÆQ¤q1Þ¬~Z}4Ìw¹ é³*ùòöx§HÐa³ëÒ¶%nÑØéP33½æDAÜ ]Âg½�UµPjÝÃ�§=* GjR sNcÏ5sKæ.sHb Ñæ­ bö¤09´4s£JÏóG¥^Ò¤ÿ�K�zP#Nø$ñÞ¢Ý¤¿'É5lÃ ±tÅ+u¦Dx§9«D±­Úi¬h&$ý ÿ�Ý5/Ît· ë[ýÓNðÿ�AzHj$R'@7RÊ¥ qÉãûmÄY1JÞ>·ä}ñõ«º&ÌÚÕm¦�ïZx BgÒ¹k½dÞèæí!;AÎ*¬ >Õ>Èä)Ìô 0 ® þ$aãÆOÎÿ� yÿ�@ÎÐ¹YÛLëÚ±®Î58WV'ü, Ê±lQk:Üöw×^@eeÎ)ÞFÑOé^~ ô4ÿ�øX¥ø]<ÆÐr³¼8�úÖ^°ÛmÇÔW(~!¸'ý V§ÝxêûE7B�n¢áÊÎâ `O¥J:u¯:âÊF#k%Ê¹¥ÿ� wÐY!üis åg¢qµ«¾.-îÕÉ¯ÄK½Ä= ±¦j^""¿ÊÚøBîáhºaÊÏAxRØàóÖ¨[rË2¿ 4Ö²]ÎÂ¨t·óªOB'Ì[(ÆPÀ=ªõ²�w6*(¢ÀåªfbÐp).àßAòº¿ã§*`aÁã ±J  ;xUÉ<{Ñ{ ¬R¼f »>Pyöª""ÙZýUQW8 µbòõvÓÒ¹;¯ 3Xl£Ø2@Ï4Ö¥%mNâ#kñÖú3Ì¨ Å¯Î¬:íþ!ý ¡Ä9uËn°àÖ®­®Ù*âC,l¥àõÈ«qhÆ3Gù|ä j9bcÊðjPx»é^ªÔÙ¶Ý@aíM1!}Â Q½ùXÁ­±[ ªT/J]¡`�z{-�ÎW©5 Rô¨Cy¦?Ý4fÇ)Ý©´(¢)´(eë]Eel}1\ªè´wÝfTÿ� Rc44êhéÒz @ QGS(: ÍÒÎßYÚí?ô!Zg§JÉ±;uëcÜ\§þ({Õ¥F­Rv¦0 Py RÒ UY Uf «rt¬mbóìztò úÐ4yN£)öæY9wÖ©/Þ=Á/+rIÍ@H£¤ÓÇú>}«+YvÖDFûîEjé¬ÛÒ²5éângãéT -bBàj¸g¥JÄñM, VdòMDÜS!ÇJ³C LvÉ8¥aôÁÀ v|iÏp¼á°Ôwªàâº{ ÊÞÞ6Ë Ë}MV×t+ý2Ývyu ­ ÇK¡|+â)¼9¬Gr»àLõ ¿Q^ñÙ5ÏA¨ZÎ@&%G,Á5ã ñý+«ðÿ�³M""ùó¦]|XgËÏSô¡®£´åg)Õj)F­]À-.ç·®#¨u9 B*¬Çä¦È°Ô< SéMSÅ.qHbJSÒ�¸tcéNòý*8ñÞ¬qVHÁ#§ 3%WLddR2õ@Ë@¸ÇJ*}ªºVÆ:ÔI84$?»úTJ 4¬rH§!Æ=é ©/0=)Pÿ�õé³ß5$gT²8ïO  N>þÐIàÉü$ÖðoUã1>ãÆ1æ+Þ4ûC²&Ú1jù £Y ¹¯bÓ[[F²óZH£ÝKùm¸÷ô®jÑÖçvÞN'~à2ÇhX òµË¯V;uxÉÆéÒá[vR]ÄÉöÄA!;Es³¥Å£dµÉ°|ÄSZAQ± A =1×8<çk ãÒ£wÈëøÒ(d­ÁÏZ;··G1»¨®îB¦¾jÒMñO¥sD´*Ï%Þ ÞeÁÂº£µ7È #nhÂê¨1Ù¬»Wd$dZ¿R?Ò$³¿ð Ð0ÌÔWI-Â¬L}«ð|Ìg®+ª¿røçE\ &éðòmÎíÄÕpÀ%ºõ Íó,6ÿ�Pê+ *Æ]Û(ösÒ¦Ûæ¨ F\ AÔ_¦ °·Vçª·jI±³ ¢©ù­ëRÊE MØj#g­8HÇëHdÛF)U=j 1Ó¼ÆÇZ�m^ÒÆ/TÖ`zÐÓ3ö¤lÐÅéÍ»dU`ÑãúÕÃûâª#fÙ>´_¥=ÍGn~Z{t«D1p(Ï~Znx¦"";õ-ô4ß ÛÝ¯¤Nv~ÛÕôqS2äTÆ1H¸e5~b%ùIÅIGin»|!Er/3/­uÀðúW&ò'=ù§!DxÔ' Hc_#8 *æFí9¦ý­ ãB¬\uýºM¤mÓoo¥rvï4Iü;5ÚkK¶;Q×å«ÄHåmì#i¤]Ä*ö¦*¤WNb¯ÚæÏÓ­fÿ�Ëü´ÑÁA>�ÏÒBð*{æ¹¹@ók¦OÂýi ÊE¹§ËqRøø8vÉÓ#®)¨I¸'§% ÊL®8 Våè áÛ0{ÃÝºG8è:Öæ¡øGlÈõªDHçÓ 9­2?õÞÇ­1r°µHË õ¸ºô5SS êtsÏ­hxa�Öb999ÍfêìcÔç gjú·""8¯Òÿ�HoV @·""IsÀæ§]÷1¦ßx¨45G¿zIÂÈÉ£\¤¨@Î:Õ ÛÃ¿h8Çç¸` Zç5³GfKç §ÒÔ{jÄÕuH­àbHÈÏ~µ¥Ä·çÎ¹ó6ÉÜsÎJç¯îîä¸d òû-lhzZl X8#;� 3sßñ­£ Ó¨å¶Æo­OÔBÇÂºîÛéXÍ+ºÎH ³VµAõÓ4�EÀÆtª Ò»¡ $pJMõ' 1íNã­A»m(lkdÈ%. c½Eç±8fÀ§å&OZ.""MåG<ÐQ,âòÍ<ÓcRrí× ¥,ÜJKØÊó]K9!sd^b·ÍÒÈÓ¬{r8ÉÇõ©ål.a¼iKfþIXÆNjJ ­! LÒÍ+ØÆd«2.mÛØæ¢fJ´Ã0¸öªÄ²u©Iùj!Á©Ü4 ¹ùiÞ¤ü£41ëL w-óu¢6ã4É¾y¾n 0*Mo;ð©ÕS¾TíÀ T© ¦uBmÊk>a*èMÕIÿ�Öê)Ë`Dx¤4´ê�LQÖ´À(¢�)àÓ){ÐÇ4½E74½hiE £84""ÙÑ$ùåOP¬AZ:T/ý¯#¤Zw­0SÈ©áô¢Ð}iqÇ·8Öa> ÿ�¡ Ø¬XÎ5XÏý6_æ)=ÙÇZj§^>(¦S )®7Åÿ�£,yëÉ®ºéö¡¯?ñUÆù� ©e#ïuùÎIæ¡æ ¥íò®OR¸Iï Ê¯º\|;q$mûÇ=3ÿ�Ö®9Ñ, úÖb'Ø\gÖ¶(ëIÎ7Sv[9 g\1¤çJ]E0)ú �j%Ãçû´ã¶1ïDs>¦ÙÑ¤gº9ÇJê¦í 0T×%¢\;Wa0?cbºi2á±Æ ""æM-õ(}ºJc}½SÜûVv28¯Røv©&wrAâÏÍaæê:\eìórZ/qZ5es-lpç4ÉNP ¹ê*9~è¨e§Jwj@0x§ R>{Ò÷â�|÷Uµb=ES(«ÇåTÉ³Ò·ÞÍF¤)Îz})yá²}j9 n S È#4Ç|ÐÏÞ¤ E# 0OÖ¤eY¿ÖëÍ4u§Nq'ÔTjpÔXô§©Àö¨Ç""¤ JT­#8Åh#*¹,+,­0?ÆOë]5ÑÝ´`c@Ï¡­S0-|½ ¸n¬Ä«¿ ê±´EÑð0HªÈ°.Bócµ1æÉó}*¬ï ±hqÎ/�)n9 ªhJ �êLm.i~×30QøT>dkÆÜ¶zÓñ¶>Ni º²T?~ãµX È= SèHê1õnûÇUÄ W5ÌÜs] wç¸×á±À®ÎPæ'Ëå¹Ýyy0 9â«£gï­%ä2}ªn~ðóøÕ&BxQlfÈe¥)',µ@£àqÍ<ÆvóJã'!§­U=sSvHéRÆX3NsÖ«Ù RàóÅ!Ây4¹NUp (�)íW4÷ lÞ³p}*Ö{÷ ìþáÇµRÿ�¢/Ö®Üó ý+>2M¨Ç­!6çå© ñPÚ¥Lý Z!±ùi(o»MÎ*2o¸j·ý.ý}Á©å?)ª~?ñ4¾_oëQ2åP æ¬GÂïL]rmaVáE¦)XgTø>P;ã l í'V_ Ä»y#§zå×MÔdq¶ÚCø§ !dýË±À4ÛeÌ ¦µ?á ÕdâÖ\û ßÃ:§A³}Ç¦H©³+ÖÉaÇ÷Åu>#ÉØã?/J¡u(Þ<À@nÉ]Ó.5)! QM'b[W9!y,r;'sÐÔPÎæWwàé!ð&¢ãç% Z³ Ãéÿ�ñ�ö¹Y\Èä¦³ Aê3ÿ�zg½\ÿ�W­èýÚ·w£Åm¦Ã`f% cv*±.Iw$þD ¾ ú¨Å»W¤Â ¦ÈUÞYXQàM#²îÔróÛpnjÜÕÁC³Vãìàð® ~î& ð*©©iò$ÌtRiÚÂæ¹æ 6Å9ô¤Ffzõø³ð ¶ÆòÅÃ~~ÔÚþ -Þ§$*"" �÷N+á ½^ «¤`K¨$÷¡¬!âR8 Ö§¯¤7§N|ÿ�«8éLôÍa8ÛS¢æ|¢D²Ew *Wu5³-Ü/ù ¸�õ ¢¯ ¬Ëæ$`2A ¹îAª®Ç ¤/O­s¹ Q¤ÈÅÜÑ6RW¾Z½h×R`Oê:H´ydqÑéb©Æ:wõ¨ôÐÚìõ §ÆÍÃ +Bk"" ¨FOëRDjQWTæbË6K jÊæÆy¶3Jò?,=ëfÂdîU*F?R8ÍeO©Ë 8]Ëg÷ Øì£ÔVBø,¡N0ÝéæñH ÏJâ¡ÕVCÎwÑPS¿>æAÌÑ 5Ú¼Ù3Gnk Ýïs½Á\pXµ`À ¼qSa-)Æ9¬]@o +Wd áTåýâÏ�ãëW ÈÐç_ÂM5ÛH/dÚÌ[ÀÍcëzWö]ëÇ XÜ¦}½w74vÞtg$¾õÄëÒH.¼·88Ë�s]xy7+3Æ:¬)ªr¥$ÔÆ­óã5ÜyãÈÒIµ""QÕ �=�ëB6_aHX¶Uzw©bÂ®¾UÀâ«µÓG×³Í¥µå|v¡± Ô²¶2jÄQ± 1¥Ø""õ« ¹ªK¸36öÏ*Ò/ß G¨¬¼Öè&YxéYw¶¿g»dþó¥g%Õ ³KÒíþ: 2KdÁ$Ôì?vßJdCåæßu¾¢Øz{ Ýi¯þ¯ñ¨f#Æ3Nj#ÅKb)?37µ*®M1¶}je (*õ¨FI©ãH·LUi#=ÅYlæ£ |¢¥øÑK Û!_Jm@\:Òw¢õ¦w£9 J�(ïE�áNÈ¥ 8£4Q@­M Aü'5�â¤Z�ë n!YPðÂ¦·zç4ÆàDÇ÷nqÏc]CHdúÒûSAæ×¥ sXDíÔ Gó­ßÂ°fâüÿ�¾ë@ ö(¿ASPÁÌHÙ Ê§""ô¥¦HØZ`fjìzWk3¥f5Øxì$eä×y.æ""¤´gH  3R>3ÍDOÌ(cRãÒâE'ÜÁ(d[¬Ê¶""³dçÒ±@íZ-¥¹q÷y¤òÔºsSulSd(ª: kJ«ÀëI ã<PàÒ¥±bÇë¬<0%² ä È­`è¶ oÕ"" ¾à;û ôu@6:qJå%s]û=ùÏµ8ÍrV«ê*N§b¿e['JÆ×,ÊÂP­òn?vVgåaï\§ûÿ�zºWR¥CÃ¨ç""µ 9÷æ_ütk£«éñ ìéïGú?Ð×I÷úÞ[xnìÞÞâ%Wk£ ¾~ñÿ�&ð½ñ¸· &; -ÿ�çþëCÞ±LÔáÔãµ;·2) ""¨¥Êq@  ûÕð2 ÌÍi@ÛÐ jq ·åâ@ÏjåO4 ª0E0 À ±Æ�¦î;z÷ p6¶¥wùqQÎ!?.>òiÓ GÒµ#'S)àã­D ;vh.kÒ>ë0Û­Ö#*ÈÎ$Õ{ñíSÛÚËy.ØF}XôÞ ÝNJ*ïaI8´pª+¢Ó´å±MÍ¹aó7§°§XØÅcÒ7Þõ?Ojº£èÑÃ¨k-Ï'u=Øì}kø­ýFM6&ýíß.PüMwÇmJÁcK3 ÀWÏ>'Öå×µ»×$);b_î è+y;#9åªöyöi@a¹;¤½sRm ¼Ö&§[±\´H ÃÏ5§&Ã µÄZÏ,3«£aÐäÚ¶ÿ�·u1s}9Ç;v+1TÉwFéÒmãuË ¼ÔÁ Ë|¤zÖ x¶i$°>: mqÊ¼NÙõÞI å ;w¥&2 â«ëi2LVßð ¼1OYmä9òÿ�À.caJÁÌVÛDj»<:UHr`»üù· Ä�Vñ>°ü\DÙÓxb]Î #+]Ê¶Xã µæÚ~«kit%wÇú®<]¤ fåÇ ôªfosîè­ÜÁpT9ëTMóòLcfæ}:{©dKÈ@f$g#ù¯²Õ wlí¨¤ËÐU¾ f1R Å&*`¶¶x öÆöG`Fä>Oõ¥¨h5æBà{Õd<zUÃcr6Gnj¯ö}Øçìòÿ�ß&)1]¶6:Ó|î3 ­À Å ú©£È(Ãð¤7µ8KíM?÷jåp¿*�O;Ú§³7qw¨<ÇßOi¢æ2#sÏ÷M ¹Ò\ DøéÎ ³jÀzÖñJÑ°¹ÊúV|PL®^)g«)¹fß%X~ªÙ¸dNEXcÁ«Ä±p¦M9Èj<ñTH×?)ª>lk×«ê¿Ö®9ùj '» ¨Lö MÄ±²EÀµ÷E5ímÜ1öEX �äS H×«(ª ÅÔÀX7¹ p:zW9­ÝB38w\ÖºêÖQÄ¡®£ Þ¤3I �à@cÏ5Þ!Ó#_ò<z®|Y£¦stÐS ÒÌx55 Y¼e¥´ê±³¹ö6å ><¾ã­PäÌBªnq´äuªòÆñ\¶F$RT(÷«M)%Ê¡p8=qdá>U;0¤Ù,pi5q§gtz-¬Pø§DI""Áºc¹{²Î£�áUÔ~bËMXÖENxaà÷Ìø+Vv­ö äÛov@Ëd «q×µzj@^´¥J-ÆKF@d x Æ¼êÐågµF§<.fÅ§)#Å\[b`ÜZfª Â¯u""B¼JÂÃr¹p©m%ÇÓ5'ÎþdÌ�ì*{ËÄC¾S¹»(¬¤ynçSµà v,í~PB�¡4ìB÷®""$ 'Û5:îpÎßÊ; ÍíÖ)j9Î+8Ú^)ÃgÕÚIå¨;1Pâ\¾5W1';k »õk2MerUX{,Ø&¢o=ÎçÚ£>¦¶SLÙÇL÷ :vR3X> ÿ�v\íCËc8®êÂÚF'_Þc%¾½1ôâª12«>Ç'©,zvnHÎ mÏsþs^iªÍ¾ä~wßö Ú[>©ë?0ìGA^)}9íÉ;b7z×]ÙU§ÌÍìií`iXâNEu³²²ä`Ò¬µXF;C �¥°)Åî YKÂóJ¨4ú¤""EÕ¡amªXMeyËo2uaþy©aÿ�V¿J}s4ø×ÂSxOZ6Å¼ËYFø$=Jú q\Á¯oøÑd$Ñ4ûÐ>h§1£ ÿ�Jñ""*ÖÀGÀ¦ÍJª ûTçp@=¦ óZ®ÐµB¨©Áåj°àO#ÔRA¥_½H>õ185 *Q÷ª,nc@ §ù@�jP0*'nÂ¤ Óýð¥4RHs!4 ESzÓ~áÞ$ÝEÈÍEÎê±m\tAË jb%µ¶kí^äÖÜV¶0GûÈ¼ÃêÆªÀT Ê0ÂßÞbíÏABsíÅ-ãHTt`×¡øCW]VÏiÇÊþþ¼±ä' }Úîþ[½GQqô!¸þµ§í4êiN¯³w{ ^idxTùÖ÷ g7g�Ö½Y.²@äF?­sFäíc²uéÁs6Ag§IxÛÉ)êÇ¿Òº Dq&Ô ½~´ª�èj ï¥F4ÖmlDª½v`Ræ©jNq}rØ,}ÏaøÖ¶08¿þ""¶ £Û¿ï®é°z'aøò>¼Õ½SRVÔ®/î&mÇØv S_ZÆNìè² )Â:Ò?Én8  I'ö«\P¨ ¤æ³cùTc®3R¬ u©L ï,c¼Ð*Íýáßê+D H¥Xv5½¾ôù­â¾¤¼?ðÈ;SÜG< Þ¤IHîj;y,ç1Ê9ì{L =hê\8èì>§K¹¿ç«ÿ�ßF³Ãtæ¤ ï@ir½'ÀÍNº¥àés/ýôk%^¤ qNìFÒk7£þ^ ~jQ¬Ý®êþ®jEsEØY#W¼6Çë©T\üÖvÍÿ��Åc4ðçð£ÈÚ]R!ÒÊ!î ëS&¯ëlGû³0þµ¬E<6hæadt1ë6éÎË²}ÉÅXOÆ¼.÷¹jæSf3TuKâ­§g?ïNÆÿ� Ë÷-# ï15ÊÅ¨çaÊ¥¼i¨ò$dÏó¨Ïu~1s÷T æ·Q» èæaÊxËYít!RÙSÄ·ÐÙÉy+4­f<""§Î[.òMt:°4jÚRÇ´Å!Çðõ-¶5¡²4¦ÑäæIá_õëï Ð'rdtÅ[h!³´Ô..È§ËÉààõª@b5 ®¹3OÊx¨óÅ=¾é¨³Åj@r føtíñlÃÖ3ý+Aeèm·Æ=PÔÏaÄãRÕ] =äèj©öD×R¼jÌ Î@àt¨ ¦³»eÙº­±þÁ8ä×5~dê¬IÞºýháûqì+µ é+Å9KdEái²D«qÚ¬]±�c¡5 äy_Î ±m!_>Üãp­¯Ä¢æ>26V]7V¿ï×ñK¬wäãä«[÷G4n^(¶Z""#k àRÚK¼ Ñ+|ö®ðáKcMsEI!Ï «¨Ô1ÿ�½¨ÇLt§dr.q1Ó¡¥¶»Å$ò/àc UxåpÍ³½+åÂÊ Üçk¡ÖU³lGm¼×7oÅ×A®±û-Ïðt«¶7ª1""_Ü¹0M¶>µ,R BÄqZ66»aÝ$Cº MÂ ,ãûFOË´J·¼Ác Xß×i%cóýÕ Ãÿ�¯QÏ±4kÅ IîOJ`""O²ãì.F3Éè*¤l¢5ËÁS¸ã$ ù qSÍ¶K.^(cP îsØÚ¡vDÖÎ /-à÷[®}¨V@ªQp] Óê¾ý©¬Å÷&BÅùôúz üÉ¸aGâz nôÐB mÊTäýí¿§·n´ÄÄ²331ëw~ ~µ ²©u ^@^6?^Çô4ÖC®G c?Sü1ÄªpÁ�×ñú ô�éXIoc¶¡ü*0óÜSaÓ 0Và©�{ ÔS.ÅÜdbá°ALe9$aºúS,Âù³ |Ø £qR¿RsíP[Ì°^³ÊÁÇÿ�­H yÁ\`ñÄ}*x1#· 0õªÞj6ï/ºá³VÒV(²áþ^¤84ÀrFª ã* S¶>ôäÓös¹ (Ê6â#¥5ä;Õ'r%¥î:TO*¼ g$¹÷¦""6ãu¹]é""sÛÞ½§C½®ot¬H9ÉUòcËg¡Åx³0$!°:®óáöª$·Å¿t6åFXÆÇï.x]§û×5xÝ\îÁÔ´¹ SÐ Îä@7�ã*c§cØÖuãÀçÒ¥rg[ælü¢`;±ûÛ×°ïPOq ÖË*ädrQí\R;Üls÷ 9$bsD*\.T õ¨®\IäÓ£Yy$(©ä.8BO­2iò¸'h=@5JêãÈP¡ò{ö¬yµê}zU%p½î`ø_sYwwæQÙÇzÊºÔ£RrÛÏ 5&¥# ) Õqfs¨£""ï¥(÷ªRIyØ {ÕRÌÿ�39oÆã WL0ò{rÄGì¢ý½§¹6®#Vê#ë^kâ1Ñ9.¦AÆ:ú ñÂqÞ÷20 æ>Õí+oa .³{â-u¬íIGTÜ@õ>¿y|]Ù¹Í:[$Â³³(è éQÏZ¸SQ2ùL>#t¨ÎEY#9=ªd¡4g¢ÖìÒg½1V`H%ÀÅ8IP ÜSÀÅ;°® Í;"" Ry ê@xÍ0 yQhÛpäw¨É9àñJ®ÑÊÀ]N2r ?Ò²ÜûBÍ DÃ¨ÅbØÅHä R¯tjSÂÔàT2 APÅ@ç÷¿J«J¨§-Þ¥ãéRÅp' D+¹øW§®¡ã<ØÄA 0axÇ?;èSæ»O^O ëÊlù±ºH¼|ò¿ qkÅJð¹«Q U×³5hEÒ£*XÓùÅ(À¯U^U¦~zUyW ÐÔ°"">Qii�Ú(ïK@'ãGZR�¢õ§S{Óø CiF) -�(æ1Lá@u%­ËÚÎ$^ÝG¨¨³ÅK¬×1F[ qH¢xD9R3Rê* ±¶¶Tù²y ö5r +û·ÅoqX7à·æÑïZknÓmOý2Oä*Ñ8£6í""Ìÿ�ÓþB®JØSAE+ëy¯;×/KÀ8 W[¬\Fç¸+é7HÙ=éó!É$qP¾ãF8äÔ¬£MBËí@ÈdÍFÎ=*g `}2YBy ³3 À .HOÍÍ(8´2¸AjxÓØ 0¨À dEÈ©ôôß}#;NãøT$kkA³YÊã;úÔÕþIS ü ²Äd] Ñ­MÄÓ±-öî æùYîº+¡Cþ>ZóO¶¶:¿5e\5�0qÉ¤TUÞpMø""ñù× Ywx®CÂö°[¤­ mi6®¾ÌòN¿äV¿e ïâgQ ýÊ})õ ÷)ô©+Ôà¾.Û¼²�Or~^ ø×Ò=¶7~ Õ#%cÞ?à$ù°W _çVÚM¾aÎµ@Àb7çiªüÅKéL#<÷§ øÓ~4ÌçÚÎXûÐ!üÿ�"" ñ¥aFá¨ÈÈ_¢vÊópã¥4zQHcÉÈÍ/Zh4£®E�=2ß(êzV²EåB¶ë÷ß5WN4¦f *:¿ä´¤rÝ>ÄJ@�(è1Î8óüê78ïÉ dl?ZØÑõ-GLÓ.ÿ�²nM½äÓ""ùà�>¤ÈÇs]`nvÄT Æsæ¶£iÕ,OBÒ<[w§ÚEÂ]jdnéÊÅ°îq^¦^Úê6qi(: U>v5å ºeó�qÏcEeYøÂëLÕúD?3¶>Òô :ë-49cQ¶{Î(ª:N¨5;Hä¶®Z<¡î*ñÏêlä<@/.F¶|ÅnwÌGñ?aøW ø£\MCíóHÙ ú¹éùu¯ggV-#±fcÔQ'diÔ¨ÈïJ)§j7=Ojp õ°õâ£º|ER)CPÜÛ?¥¼ãÞ4ü©ÃÖ¤¡êvò N÷¸>µ\u§@$Ho ò' vaÕO­s|öSoÝqÑ«r9YÇ¡«^l7Qg@Töî>ïrlr`=<3úUËË7³½}×õ¨�hvô©D­*EÛ@Þñ9 ©@_AO�c @.jQr 0*Ôðè(Ap8æ¤¡¹éR× ('3O B""_JpE?)|À{Ô;t§Z�4¥©E;`Å.ØH»1Æjk Cz«c�qÀõ&¬ÝFÌ¿9egoxnf %Ì2'ú¨Ù }q]+ð fÙE²bÈã`'Ú´Y¸­`´2ädüµF)ùâ¡éVHEcéM·ÆÑû© ¥k9àÖ-mñµ·¿øTÏb¢róqÏ¥Qn zÔ²K#©à`qõ«""ßl° k4¹¿® hÀz äV_³H®T:Wg¬Å$ºMª*p8¹ùt-NåGg&O�mjJft·wPjY¤F�óZPø[r Dª=ØV_/HÌ¯ãG(ù`Ô-}Âµ|X3xù+^ÓÁBÖhæïs!Î�«'J´Ôõ!QÚ´±-¦îy}Ãá ÿ�vÞ ù^¿ 4h?e þñÍ^JÓ­0ÙÄ¿ð|¡ÎxúZLA_)³ì+ª¿¶¼?gn1 t ïLQ/+¢Ö©!]FØg=¨å°s\áõ«¶ù-ÝÎ+Bz£æË qÏ9¯GBJ¿<¥\ÙÄ[üÕfxã[Ìò Î�V è*¢[ #%ÞÄyJ¡¤�Ö-¢]B1n I$ 1 sNÀ$ÑþÎ j«LÎxNqþJ­/ÙÙíö²wi\yÒ¥æÐyíäå=j64Y @°±$§ùÍ�D¬KÊâEY¤þè ÷¤2oÌ±nà~ñÇÊþúúÔÏ4eï#*¶ÄqPj½ÎÈÈ) Û.àó¤2.áHA8ÆIÁÇò=©Ü¨VC÷""ì`UOEîÃëQÈwl :ëI«¡Å´îdå/!V3-G»Ë<Æÿ�ÝL z«u#üÍ¥÷3(È×ïO÷²}kðN­¾ÇìS|ím¨FCÆ~ò Hê àWCypWp ¾BqîÞÊ2¤â%r08 ëÎlì{ÐûlIºkqýÃÃC_=°Èü«ë¹âæ Ç""u=Á5ó<97|Cqc &KÀçøÐ?ÀÒè*sVPâª!Á«HkD&Y^hnÔéHg¶èR7ö86èAü*{«±åô5¤êÞ_ìÊ¶-Ô :b±%×L sìiEÜ¶[h¯·´S®kÔ,Av$xsÃm85~K÷qNÓÛ5Öî-#0Ç+þïj ÏÜÀQÕSÚ©09èkvâàÝ6æü±Tî£v>æ#æ\cì&e0ÈïN¼+©±7HÙÜ[ Ñèú ÷Ðå Ç�V',í,.aÖáeÊáNBLÐ¤Éès Z3òBç qÆ}«C""6ÏJcõý)åÆsQ3|¹¤LMwú=²Ûèö7¶doÄÿ� pÑ¢ î`+¹»¢ �T¶inÉoÀÃc5úâ°Eæ¬Ñ¹¦Cy©Ü»`0yÍ+²î«/½2-Ín¸ ªßÛÁ\ö«Ðä¦N)uw:oXÎNsê¬Ïïdät® Â/pÒÝy­Æ6Ä×ofNæëVßa òøÙÔ[Ü'Ò¥¨mú:}*Zç4!¼¶[Ûí\efþ#ò½Ì-ms,0ÈåH÷ WÕ½ëç_ZwöwïÐ.VóèÜÿ�<ÕA96æÐÔQåçb dûÔì@-Sè¶pÞÜ]¤¬PGHÝFj¹ùÉ>´Ó ä yä)ö¦Â~4ñÊjb»S[·ÒÀm¡vàb!¬Ønj ÇãR1CóPÆ%(¦ô§ZÒ¤QHz½glÓ8|aTõõ qÇåZ¤Cï?Zµ�n)¸fþèÀ©'bÒ¡8-TíÂæ¡ `!íQÕ1^£[­¦º(o~ãüá´k?·ë0Å¸C¹³é]_ïL0-´ª ?ÊºðÑ²läÄ;µÄÚ.ÛæbÚ�ïé^£àïÁ¥ÙÛßL5üÈ »# µÂ|=Ò-õOÂ×"" þsÕã÷u ^@àôúV*4LbÒÚ£A!B8""ÔÑ .éKÒ(þb­®sÆúâè^ Ul\Íû¨G|§ðÏÌj§üBñÖuÓºÒÓ(tfþ#ý+àiNO$ûóH2k&ît%`uÜ¸íUÍÔpÞ0_­XÈ5R{tgìã29/¼ÃûÙ÷%Îù:(è)áTfÏzÓVx¼ËR®ýâä/éUÄ8cGE9-ÉëI/¡IZsF�=Å0-¬¾ÙTîÌn3äãõ¦Gq 1#÷ ÇÕ_íR I#yr2³#Õß}¸,ÿ�+2W±¢ábÛ],¯&M±Qµ1Qæ:2G8g·ùÉè¥íJØº,ÅÆèËcòÅÌÿ�f-nÇ!ã;úÐ7 æ;1òð«îÝÜuªwq,Wrnq9Ï êú É·P±xÞ0ñïúÕ{¨XÌ< ¤ T±.B÷Êt�c§#ó£mÃ$¦ÀGlçÓôþT÷©(û² èqÓô¤ÄáQT|ª:Q@Èxd!¶ï Çùÿ�9ªR6Hâ´K0Î · ÿ�?äUIóÏB3éR28aYî7ËVêÝp+JâP!!ùÞÆ T"")Ü9XýûMi W9QÇ¢úKÄCxl©ÆyùÐÓ]:öm?Qép@l1 C¢»Ù¹e%9 0ÇâkÎ¤]Ø$[¢ìü;|&ÓÒ2CmÉ t#ï va½I®LD~Ñé`jï:`ËCîz Ñÿ�Z¹©µ¦´ººÚê±!*ïÜçÇoþµzZÆ¡�ðpòÿ�Ç±õ ö®;Ä1*éÖqEåµª?6w)$çó8¬#ku£sÎÞgS$®]Ï$SÁ×¦:ÕÛnsÀéÞ»â\ÔB9­K'Í° Ôâ¨:}jÕ| ´âe¦9¦7ËHN3Þ£wíÔ Ônþ´M @FKÆpyðà÷§äf¢1a²´$SKúÔ{È8j ÀRAÍFÂi­È¤jEl ö5 r 1HeÔðÂ ^ L JÂªc""¤úÕ .(¿4»3UC0§¬LE±ÂÔL~aL¾y§yÌA�¯©Øìnb !ûËèk-èEÙ&E`W=vhÏcÁ©·@êÄ}jëVVH¢Ä`³p+ê]Èi¾ Ó¬ÇnG¾2S_8øKN:§ô»t_CÔ~5Î§º%¥©j$äTÃ¥ZÒ8¨sV1Û¦jÕ¶©ßcìº}ÔÀ÷HÏÊð0xpIã­R½dÀá½+rmWÒbó/´Ûxà<3TfA$e9éY½ÊÝR¥ISÔRb""v¥éAÀ£µ�'Ò4u§ãµÒt¥ �LSZ@)ËÖiÆ*h#2Î;tv¤ý,õÚ*`rMF8�zRàMdjý$ý+Z²µ© ê­ne_ "")^cÚ¸<äÖòQÆãÖ·­£oì[Wä.1æ\âW ÷/V*lÐGw1AócNùå²~^&>^¡9ª$3ÈAÅ1¥`rMFUÏ­#!Û@É©Þ½¢Ûý¦O!:FÅ¼9qô«Ì0¥Pºáÿ� ¨-êqIü8 ñÅY(ÇJ@8 Jç,C!É¤Æ-;PÞú±ÆºØÈV_ Vâwö³0Ç ojo Áµõ¬¥¹´v*G4ØªbFC)nÕfwÔ¤¾fG@:UP­(Õ_CY¤Ð=JÒ\Psï[0gÈ_¥d5 #zãÓ<Ö¼ ù""´BF·®I®""î\gó®ÞÓ_vÿ�Õç~ b5{Ñì?z5¤n ³ëïõþ¿Ø0ÓÚÇ²}*j¯jÑÓéS×;4A^GñNÄún¤«÷ sô9 Ì×­×!ñ3NþÐðMÓ*æKVYèèMz>~ÛSnD´mÊ7îO¯¨¦.1I3 æ¶d4}ÿ�bÔçÐU9S[¾ ²MGíÁLÐ²N0zÿ�1X® ÐýàqJ%Éh!XS¶ü¢�àö§ïÒ¨~ZôëOfÈ8¨â½ê3É§¿JN¼Ô4/­< ¦U»kS2 , s@ÇÈácR~«n¦n# ã'¦;×Ux4R(Á'Ú?ýoóé\ÿ�cfû«yé]h pÌç#¡lõúÿ�£EZóë·ÌjxB·Ö""ÙÀue >cMz(T�WhõËVoâ;H¦zW¦ eøT>w¯ø¯ÿ�lø¡ ókiû´ÁáøçÇá^ãûÃ²¼mÿ�u¨$r^ zsï\Òg\QzÔÀu8¤ã®x¨åO5 È5Ç¥4óQÁ+¼X`A RM6ÅØ¹íéïHc G8æ>¼Sv IäZxäæÇ¯ëKÔgMØëH¼Ôª¤Ç¥4&0HÉô¦³LÇ 0)Ø.O`Öe�ÖdòælµBÈÅÍ%$S0Iô©[b�Ãé@H©,f)WrZÆÐC)R~ÖµÙÔ±5 Ò¬ð¸Þ¼ý) ;Èô4Å²f '¡æÉlã4,´õf!zwÔñ'ðâ#ãµ( èj`âw áØÒûÔÁ§¸ d;¥81©xö§aH4�ÌU¦nÖK\ÍT T­yÌiÀ*~ô M;è¼>ßñ-9ç?Î·Jæ¼9p%ÓbB9ïÎ­tyùkHlg""<Ô>µ)<<­hHÆfÈrãåÿ�=(°³<ÈÌ31è3Ãüjp©%Ág26ëÆ C({a¸È±²9ejt""I ¡':ZEE£mª~tÚÇ?JIa pË 8 ÜTbh¼ó)UQØ'<ô5fà¦*9 *gÞ*K#I¸Æe`T6vÔÈÛV_ïzÚµ@bVYÌ1:ÓV×+_åsÿ�6;©#Ùeù?Z²näXØq ¸Á¦ >G<® É/ÜU³Ì«Ê!ÎPÝÅ-@ÑÜ'îÕ@àç<GÅÈ¾\À\ðjHæ2cúÎXÈ2® <q@Ï% Lv4³àdªep8É$r)§k#e$¨qÛæÑ#BèÈ '©Å!òÔä|3?ãQL\á§9©`~gÊqÒÛ<±£ 9¤ªI�§¯Å2Î_&ãc ¦íÀ ©\mn?A2�ûs@ÍÄ¸æ<ÿ�ßGü)UK°QÐ j­g9|¼! ¸Ö¬1±óýÓëï@³Âªz txÿ�ZR¾Vìc9æOæ2¨¥ä7æÇÓèiFOÇºE â) àFëÈÊyoBjþzöúVvlðvöÏ¡¬ÃÞ3Ðýîçéìiÿ�2´yV\`úzS%ucJsä=JÆä:à>êò:²I�u!³\Gn ë·îÉ)pãïZÝMLÚéëq¸Gu(Üýä|aÓÙýãøW)uÊO\ú× #fzXª·I# E]µê9ÅW<¹Ý} ©­z ëGÑ¨b6O@y? E±,cb~U,[ ÆJc÷¤w%1ô«[qoË Ú}{S ÉÈ§\xëU û£JÒäHÈ dvE+vy§nÀ¨Á E�+(aïP(ÙíSÒeÁÏÿ�®# N¦ã�äZBW""£ ¡ÍY$j$1F©AÈªq¾I ZSI0%J»mÎÓêi3ç¥4À¶¸Îiø R{ô§T""\n h íKÔS¬k­ðÍ¦¨i]WSû=ÊÈFÙn¶; fª*-ØR½ÍøþxáwD¶Î¤Â¸ VÒ[ R{9ÀÀæ7ÁÈÈà×k¡jV ø¤ 7P3YÎDS ºüÇ óô5Èx´øRÿ�Äÿ� 4ÜR%I½ÌõûÄöM*ô¤ Å""[Iªç®jw8©tÛ_¶jPÄ~él·Ðu¤ÆÒÐA§Y¸®æúkFX1ÎzÔw(ØTÍ)Ìyæ²6H°öíÀr;Õh-#:Æ+Mr6=ê¬ ÜÝ© ­wknp zÓ-Ó÷»ýÈ'#5V)±¯AM7|8 Ô´`qÞºë3þÝq·ßÿ�Õ\GÙ#$WWhÀÜvÎÌvÏøÖëà9gñeÿ�EO¥XÏZÈÿ�¢Gô«=«îh«_À:}Ì ¤2°ö""¬Ód »qþÉ¤3å{µÌ± àb*¬Íjßñ=ªG¨¼ý×'?Q\üÃ÷F¶¾ØÝðÍãXi7ÓÆWÍ$D¹ÿ�hrCT¤_ÞO,j¶í¿¼Ü¥HIf^zÓÀÝÃw' ig9§¦XLDmÂÝI< WäÒ*ÃoÞÎG5,bÈ¾Z7  C rM(HÔ³ Â¬±yâX#%vqÏÿ�ªµìíÎ 2 ¼ÔTJ�g}Çû«Ò®Ì¡-Ñ¸ OJvÍñ=ø¦""RT2óÆj8þ.¿ZÝ¿u°õSQºí ÂÜ`K1N 2E §g�òiÍ¢·^®Üý(,*Ýæîs÷m­YûÍ ú8«±=ß ¦zþÕÕBpóþs\·T""ÆOSâº| `ê {ßüúû×¥ 6¯ÄKm7{nëÈYA 7SÉ¯V' òES5äH¼÷è3]·µÏì_ Ë,m¶âqåB3È$rXâ:áõº<ÃÇú÷ößd6Í­¯î£Áàâ?ò®TBrÞ§¹4qãnçrÐ3ã¥ ç¥!�âÁf8Äwò×=OaPªI<±êiWóÀzTj@AÏÖ9ª0)ë×¥ ü´äL¶[î1Î� Zmè)Ø�9£7µ5®ùªÔãCÔ@²îËdsM²ìªqÒ²¤Ô¦±ÇÒ¥N.<Ë,ÇøM ú¦ã·½BÓ\K×""µÑBP>óJ( y¤t5b(¦'5y8""n£pE 0¯¢0]ÆäT!ðjî¨DÈ²/,§³A>,Å<=U iÁ¨Ðò§=*¨|ÓhØµHÆ+­ñm¼· o HÎØèk ÏÂúÅÃÿ�Ç«÷n*m2Î åÚÄÕÁà Aó¥õç&µ""ð¨ó®¤cþÈÅ ¬ ÑËèªF³nOOjgÉ¬JO8éÍv±èV/æDYÞcShäIqpÞTeÁûÄf©-,C·<Úß@ÔîÀZHÃ±ÛÙ´ð&«6ß5# ï7JôàÍ·®>Á¸ýâO¡ªQBægZÛ5êí'W.ôËIo-ì®¥�Î3]3òø'¥`ÞH?·!×4ì+ÜÐJÒ4è^t°0Y¯0ïíw÷7  fm`< ¥BÈ| Èlg< ÕJ;ÄGGyON� óS ª®ØÚy<` ZF wWyìULÝðT dÞ]ÎJ`qÈèkIwfDR¨<²'å90¶ ivq+©)'(�õ4XFÛ p ÞëÓ EDXÆ>B1ÈãµtÍioõ""(Ìw ¸à­­¼±F»±Þ1:QaÖºG¿rÈÛ¾e�ã +GíFì\lHvÙA/ÐÕUÓÚhs 2\gHÿ�ëSÅ°H²yhàîÎHV ãLDÎ)Î< ³. ôî*£udUp³Ö­' gð a· =*¨F H3 10)÷i0)¼/ 7F6Iq*5¡_Þ£Âö5¦ciþ` Ç¹rYz¦öìÞcrxp�¤2°Ûrdp éQ²(?ËWç ÚÒ©pÀ[±¨ÞÙHQóp ÉæÅ·dm»ÿ�©l ]*2Î�Î0j(2Csv«QÎêK ÎGÊ3�IQNyÁ r1P`V áùÁÎ:Ô2ad¹Ð@A$mïB¼výjòI¾6x=p?AL ?%É\q ô¨à DÆÎÒNÜ7v?�[L`·�àóýÑÜ ]âSÊò¯÷Ôýj%  tzzs6âÄýÎ@ý0a¿1·#nÀvÇÒ ÛõéîjOr¸=xSß5®Åã=Ï¥!E{+L ÌYÉô Ó÷Öûæ²l£y&* Aºáø®ºÃD¿»lBÑF?¾k èÍ¢ï¹çZl»o~jOÍZþ&°OÕ<¥±W¡Ö®/B7¬ÛÌÚ¸$ 8 =j;²u~3m G&­ÞÄÅ`�ô\t?ýzÐ±¨H© ÈÃÀ­ ""eÇ*pÔ©/8qJi¹K3éP 3ÊÔªC`.S Ü Î2;}O¥TÞÌìç« M`R�U]Ô8¢ábg fÍ7$Ðx¤ØÁXÏ¥]Ç õª< ü$Ò@i¨2o/bGzKDB*~lóëKm<ÉÄ,¿?0È­tÓ`á áy`Qïí¤# ªàûÓÅDÕÈfi##¾*Âò3V© iª)ÃL@WLb<Ô¶ösÝÌ°ÛÄóHÝ@ÌÝJðå8?JÍK£xëWÂOj0o¹+8p'oþ¥qz7®cø m¡ÝDVX®¶Ê§û«óôÀýk)5Ðh÷ßiãIðÞb 6èýìdþ¹­iI¦\åMFç ~âj7?)úRx§¥E)èk Íi½õÕááaÇ¨<]U¼¹ó_ÈúL°kÑ)+ txûß vv½¢ië{5ÌqÛíÝæ3aq@ * Ón®­ì iî§d¼�æ÷_´Ñ¬E§iñ¼Ñ¼M)¹ÇP?(=z µ ³Yß^h÷W}¥®<v÷O9Ï-£«øÎ+m:;»+ o`ð¨Ê:yÇá^añÿ�R¼Ð °ùpDÑc v&Hü/tñ Ky¤óTùfIôè Ä×Ò-wÀw² È PØÙ'ùR@|õëGzê­þ ëóã1A?ÞJÓá^¨Wt×Öø%±úUò²yÑÁQÙ¸Ð7rBhW¾­M/Âï,÷//ð7{:Ô½7)k±ÎéÑ .2À£85ÙÁwá´HîtÉ®/OÈ6I$s{  éöG#ÍbÝrÕ©X¬W ´D Þ&rZ²k½GÂî -ü<Ê3Ï! ?^k¹'f2z.sÕ[IÃå gÒº-.ÞIX¡Ãgzzs¢®Î ìR·ÜÛè¤ÕË_ k×ªÛH¼OF Wª¶«ÛBeû"" =Iaü«Ôuèÿ�ë.¦ß""îþ0Z^éñ SGö­2Xº4Uã±=¿ÓO Þ°ýåÞýt¹ùUqã_ãRz£¨ëwº²""j22Jp iît3÷úx9 Þ Òz Xÿ�Jd¾ SÏü$ZØ3 s7ri·iujLs'Ýa3ÅkÂi®çþ?ò'¢j]Bæ 8á¸TÔwKxdùdÁÆÿ�bïè+[UÖ.õB, æÜÐ Â9ÍC·BÑ¯o¯jV±$PÞJ Â¨n�©Ä¨Ìþb¼÷ÚXÕóùÂç4sEØìl¦¹snÞe£y2w²¨�ý� R7õcÿ�1}¤5ózÒzÑv7-µ­Buþþá 1Ën#éè-¼e©@+â+HÇ *ãë+Ð/MÄ²â]Å6«GÌVèñV¤lwWAW·ËÇéUGí(ËìPü?)#é¢D`ÊpùÈéÚµÏÁ¿]?öí=R]¾và»Y Öµm[Äº}©ºÆó®ü÷s^ûk Â¶õã?wµj¹ZÐI=Yâ¿ð¦ Eº5³3qïVQUb­BºF!O'ÒØÇ21ãZÜÂ2sTåBWí`c4ÐÑsÂÒgV¸Bä¿töæ»Û6ýï~×ü¥yß o.þç^ f?Ò?Ý=¿úßÖ¶_Ï/ëìlãúU¡Tôÿ�øóéVû×;ÜÕ Hü£} -# ý*F|ù©ée¢¹pÄf`?äg ºaé^ .¡h×71áâk¸ ZgU9RÜ jèJè¾\ÏÖ}åÅ9I&øÅ0 óQ�I4üá©6xÈÊã}ºFI@J x· L]AèsWbH¡·?}Hæ-Ì+òÔÖ·Hp­ÍT]¶ã­A4ccáï/¥05AÏLHÛek""+nÁ«ivûH' Hòæó? ¸o­I##Á""«C2ÌÍ®Ö=Wü)ªìy2 ~V Ã§ÖøM38 ñõ¦£ ¼UFÆ¨¿y&!ôcü W^7µIlÃû.5þýÃ¹ü� ãW©Øét!¹'µtã8<ã±luö ç¿½s;�ß9Ç çÐù.p7øákÒÇMÍ B.uø F¥±ãüæ¹éÕ|@mclÛÙf5»ÿ�þ mÙjÿ�ØN¥©¬B(Gs# ?? y©fØåäS\{Ö:pÑ´n( ÎTOçÍÜ×)Ô ãóª¹] |×ÜÔï7OëL8À¤ÀFF H íB&{óïN�øÑa xãÒBúRçFè3LAnæ«HÒî*§'Ú¦Wã�ñVbUPBÆâRI8úÕô¸rçq÷«Üs¡y# rô dPE�´s Â`p5^êëÇ 'Ö^te¹5Nk¹f$ À¦¤%Ûs @ÊÉÜi¥ sWzÓüj@g>J0ÁéUÛ0GJçåÐâ,§ ~öP5ôÏ3Å8IÍ�;ÉÇz_%½iªPã Ôï-»TªUÅ!Xß¶*õª\ )#ØÑÖ½¬¯ MR1éM 4ü#»É»|c£ù×cü ×áYµò k ®qýk´RJ)ö­)1Æ¡cóO }òkS1ï\§ø[vÿ�jº¶5Êx·ýDGÑéOaÇs¥Àúd Ë$¥jA¡é¶û«`Xt-É«ý³ÒÁ©°®ÌHÛà�§Jèw u®]'!Ó- ónÓèhCf©ÚN:­r7~?Ób8 dû Åºø y&E½² ì[ (³¾¸ µÇ""±ôK»xæº/4i?y®?K×5=OR\Nv7U V>© Kë;¸÷¥ÍÔ|½QºñNk÷hHì§5 ?Ä[[ÛÉ!õ< óÕ YïïN0!'¹ÊäGMuã½JáÇB ±×& ñ3]?Ù'iÝddÉ*qXVø;A Ä?t^(PÐ ¾XÇåN÷D´G)4²(óÙÝÎß;þù-ÇÚ¹rPäð§<³ æ�ÙèlúTÑ¥»Î²2/ ïzÑ,adù°rJ_ÿ�Qªëq,$o-0yê+ ä`3®p@UàÕ+@afÚó1ç¡¢Ã*ÛjonûMÃÔg95~Úí$-æ391m� ¯OÒ²n,d Ýp1þxªØxÏÌN½²æÕn$mñÇ¹ãm`Z±nì$2$r9K¶Qsï\j]�FÜ.kN×XxÝæK�àn ýji½fÒ,ª¿fbÆI×Mº+ÀT|ù9SÎ¡¶ÔHqBN$ zjÂÌêÐ£On<©ÝI+ÇÍíéÍQ,«vdò¥&XURuÚ2AïÏZ«píäÊå°Ûf\/ñzf¬¨¸tZæ0 þµH££GVÍ ÅP>oß±ùeOýRÊ%|5Ê·9Â·""«Få s; ðb4Qf6å rÝÇ4§Ý% nB§'© ýj¯:ÃóU¹9>,»wª$äþ«I±IÆÎã}êXÊÓË8 ¬7qO·rp'î®i²È¬z¯AÐTvÒOµ . s«)ù;úæ·mehÈäçÖ'&) îË³A>Ô)°ÁçÚ¡®Ö8çe¹éR\GÈsuàÕ) zt foçÂ$�}ì*ç7 ØáÈ¬« ÊJÑqû¹è i`´ è=O­�<(OAc@<èM1þOßÓØSLÐï{SI=d<Ý �V*þr°Èöô¯Að`äÇC\=¸/p¡»×y Bc¸éÒ±¨kñó5¨Ïq ­rEx^{õÍfå£f§'ªDìiÒ³ªr;TLjD)5ý(&£wùOÒCqOCÍWVæ¦C]e­«,e UÑXdèkñVo-¥ªÄ crr|°ÀÂöÅt¨.B³}aêÒ]â)-Ú¬v« ± §Ò¦£´n]óM#Ñ< 7o¥ü+Ñ}Î Y.}i@Ei8ûªúUû ßMd°¹ èb95ìÆÖ~â Å9`Uè_  Åw]¾&3;,¶DðZ""?¥gdÓï® ¥¼Þ¸è:÷% ýkø 4Ø$áHW�ã« `PéÛPK»§nínmb±ÒÚ9®D&FHÏn+âãÅptðHä]{u­uÑ´É {¹owM E$q�t? kÿ�ahÞ1Ö åÍaih¡òX })­te©àÿ�ËX¿ïºwÙÔ?ïº÷«þ&¯ úJ~¢±®þXM®½*{K?ÈÓåds2ë6<øÏû¹4¼è?^¨|¾³£ñÀÏfhÏõ®?Tð^­¦:ª/·3c'®­b¹RÝÆéüÕ«[}c}²ò]ßÂ""CýiÑxKÄSÿ�ªÑ/þØ7øRËàÿ�Cþ³BÔý°cý)\cÅ¿»Þ]ÿ�\ÅÛÃ]¯nÿ�ïØªOáýeÏ¤ß/ÖÝÿ�Â»_�ü7[¹Ú´/ giO§°¡ÊÃ\¤xR×]bÓ!Ô'àËåaêÝz¾ð÷AÐí¶Kc õÓK °¥u±Ço§Z¥­1Ä0¨� qÄ03ÈyÆMa*·:éÐKrZviÈl­bAÙ!P?WþÅÑ®Ë´º]£à²Ä?®_Sñ¤PK2£p¯·þµsÃz Î®®Ât_%TPvÍf¦ú rÃÆÚPx{J²}ªÂã£( SÖkÛICyîvú©ü)×1 h³\\Hän ?JãV c)8üª¹¥ÜËÙÇd®i¯£G1ÝYÍí$:|u¤}jÂú ä32Vùû¢¸+­qÌa}Ëq^c­k ñ:70\ä´m]ë;Ùµ¨B*èÒñxï[gÛÔûÖlbO,!FÇÒºw¸9¥åÙA,z)J.F� T¥ws¤£ Z½pßºéÖ¬\YÏu2%¼ #ÑMmÃà?^D®½ðò?+6;¨îqrUÁÎi®ÑH=Hìk²Ôü=ªiA~Ùdè½7õ_ÌVzÆÊNW{ ×ÔÅ-,ãaëÅi ìêPÆt¥``«[|Ðé@Ò,øn ÄJAÚPóø×dA¸÷Ú}?Æ¹M""àç ¯Zê,¸ÁîýUªøL%¤ÃNÿ�4úU¾õKLÿ�5«lÀs×é\ÏsX¦ö CÈ?JæT]Ì¥6;¸$$ }¦åòK±ó½åË©^ã'3?oö6 Q½åí-%[(y|µÉU=ñ]& ­ £v c3>2=Íw¿ ßN´XÞu×­ÆBðzõÑ©Ïe#¨Á¡¦½ö¿ ÍðþYÞ+¨$}Exi,� övòí¬íÍ§.ª'P¤}pMSÐg%¬7·Ê§¦{ÕØÄ+\ã ;ÔGÐÔ6U Áö5XIûÆåuFïM.Ñ ©âñ­ÜaÄ££S¸ ·?¼gûÉÞ2»:gÓØûT{_hW¯¥*]$²ýÊÐ"")­£ß¡ )¦)¡!·W¼Ø%ËelT#·¯¡ëEÍYÉòä ´¾t¢D©<ðÃFBD£zâ¢YZ7�>W4ÝÏàiOJhê¢¯ä+Z[7¡¹¦?ïH'�çÞqôäþÎX¶&(8�þu¯%ÚÛÚ¼p8÷=«¹;#Q»35Ëöo²« gsÐ¶:ÖP=ÏJBÌÌXòÇiF yÓ4;cd�äV`¹à o^B'ÅyaëíRXÈÄcw =9æ0°�}jR»G8ªÓ¸Ý@K.õÎy¥.«ð¡äBé@7q¨dÎO­Aws²2rsµ r7=E.y¡Fr)¦ñË|µ VÒMô«ÑÚÇ4!<¤ðjÜq×¥ -Eq8¶ ?1ï@êë`Ø¤oéô¨­âÏÌÀæ ¶Ë'ß^k@` CpôÝÝ©®ÛH¦nÈÍ�L½E=¤ Þ«ô§Ýþõ�$å½k÷å»~ÙæµÌKæ`Vn§ .Çl¨¤@ÜsN ÚåZQR@ÜSÃÔAÒkÔ.î:ÓóP�iÃ4À>NjA%UàÔ¸²T¢J¢ ¤W¦#F) ÖÝrL´�ç¹æº=va"")Á*i 4<0JÞ^/ûù×s~è}+ðº >ùûQÆ»hb_¥iL''¡cûÃJ³º¡¾NkS1kñhÿ�ACèõÓ7Zæ¼WÎÿ�¥-ä×_¥ÿ�{@3Ð¹ªÞ%Ö5-BíFnB-zv,@yz]¨úÄ YK»h¿ÕAÓaÎiÈ7ñ&w.¤ (grWª©5©1bl.íÏ5ì'Sç¯åÔô?­KÆºÒîíÜm&z²U$R""½ñoµÕX Ì3Xïôj&h,îÏ*è0¤û�ó¿ ë+ÀÔÎ>Ýqþñ«ú-Æây-.l¡÷­È¨Üled¥u?ºã­G ÌKBsGqÒ©�ãi ½lêÒ""î9®ÅGçµô ý+ ÂÚI$dNÇxà.k¨Ö´;Ýjæ(íTþæ=Òü jÖÄ½ÑÎ1} ¨þµgÎi\vpÙ'jõZg5P AórLÔ $+S=ñJË#ÿ�xF7 ? °h<0á@Ï9c)£Ëò±C¼�v{ëJTË âê¥""EP£ n<M1åÞêè, «º¨Ie)*T|¹l¸þUeíÙwyG{1`QÈªØÐ)Üq»#ÒÉå»}ÑíêiªA9=:®GêiF_ /oz�u³¶Çí,:× iE¢¶`EyÐr&Gçj° ú×¤Xö0Ç½aTÖçÞ""Ëkr\ ¤¼c xõëÿ�×­ ýµ&Þ~P­QQqÓÔR[¤f\KÒ´´ÃD2NÒ:ãµgÞnN:RÙHRqè{VÑ9å¹¹«FÌRG VëñYdÖÕÈótè_äÿ�Wèk¦kB4gLÐ:SÝ©(Ïz3Í�.3M)OÍ(¤&*O.§£XBS�jLRã�n=)`tæ¥ÇÒ PG 5»m FØU,Poþöî?* .Ëì =¥NÃ:-;I½Õ®6p4N8 S^·áÉ±Ýê¤¹^B ð®ëÁvº%×lu-*Öá¸0Ê{ÀäWQ¢![ZEkÅ E� ²8®c_ñÞáåe¸ºY.H"";ÿ�­ø×;£ø¿Sñdï,qýOSò 9y>§·áYÊini RßÜê0[2]ÿ�¸þµb^^_Þå¿fÿ� _xýOoÂ«µqïA=0¸®iÔoc¦%:u¬3WÌ?yÛ?SM¹´B®µ^~9#¯zM¤®OOzÂÇUîfÄì¿#=­)j³$HçÆ: ôª1qóÖºc;£¥&ÂMRràª æ,¥Ï */1½(æÂÛG|Ö>¿¦ë7ÒÛK¤j¦É£:pÞÙí¬ÍKQ6@gÝ«U!8£9ou­D6ÕëTfg½5wJûS+MBÝ²""ç8>f×5ÕÔ/#ÑT » vÐÛ$+´ øYßCl=>WÌÊÛ¶Ô8>µjÞÑîvÜAê*©¢ a¼ô®[´¦'p8+Ecc©·Ð¿t¬ÀoZÄ»³fQ»s¿5ÑN x`y$_&V2ãQÊï¡QKS/M±· *áS¡n\ÖÍ¦ ¥ôn?Ø Ök½»ò]Cjpw° µsZ¯4úúÙÊNH\ývÓ­+Y£Î­5âÏPÊp7LÇêqS(3/ýõ^Kÿ� Nk$Jú°¸Wi!É9õæª]xËE@L~eÃzú×DdÚ¹Ë((» ÀÚÆ jLún¦¶µj¨_~TzkÃá9A00iKì^á@­ÏøHõIíG¨è;Î\¨÷ÀÅUÉåGssñH·Çûæ`qÂcù×?¯x¿KÕ£@ñÉè?*ã ð²jwF}SÅñ&öÆÛKf<sWÓá xº`¾²ÚùüÕ-²Ôb éÐr© ã@ø,ÁòÃïµs\þ§ðÚ×O¼a¦ËáþC5 4=Êo5-FEÏ?f³ÈüËJ²´6.~&j�½î V=Ï5=@ü÷ç¤ø Îºû |<|ÛíK8çÎFOäµµm |2 À6îÃ´· ü)Ý°ÛdyV?µ5m#¤\»0?­zFlÚ5Áhþj;nf-ÔþÔÚÏà[0>Éo§¶Þñ[ï? Yør ãýRê)$V¦ÐÎ¿é6¥}³0?Î³bkXyp]¯û·$WwuãÇe°óû¦% ©®jïÆ÷7rl±Óô»D=Ú1¿ ¡Å2¢ßb¤wHX}AGµëUÛIk,dnQ­¸äwÏzÏyînO3DïùgAù åõ¸õ;ÒREh¢Ï¿Î³«¥s¦ÛvHôI|U jQ6áÈê Oqxþ Í#S.ëjdàí ¼Mzx;Gh53àZ0I>üWh~ Ô5;W¾°DUö2m$ã~u£ âÿ�N·$ä>Rþð>Iì=kZpQèsTªç¡épè:dpä³l|ýªÓiºB­ki»rß¯9ÔµïÃ¶+è/UÛpO¾cÉªë²d ±ÿ�lØÕÙßÌõÅÔ4M.=±È=Â f¢OØÆø1©¯çRoõþtcÞ2?F¯³Ë­-CCèoYj]+qj |;¥íó#³ö8¯X»´?$­ ºÖÇú½¤JmÞU+ü'~¢}Ái±ê/áí1Æ D}* øFôÅKôÅyóø»VÔ_í""âKrÀf8 Ø?á$Õ×¦¡?ýõ»!ó3ÔtÍNGfû@ãÅ^ew;Å´` À WÛxÏ\¶pEæäï½¯_ÒåR¶K¥WVPIÚ²«.])ÅMê6 m¿ê×jvQSù |Ò=ªÖì|±/ U9Q,ã¸æId^ª8ö®FÛ;#e¢CQT®,Up?*ÚÍæ kuÊx^þþÓJ¶kBá""wcÉö½E®m{³ÁnZác(=ó\/|K£5Úi© ·¿ÖªaSÔëXÞ*ñMÆ½xá Gd¤ùqg½ÛÔ×.ßZÞí«9*ÖOHYIÉëL`§¡¦3S2sÀükSÉÆr)á»RìèIÍ0ã>Ô�Ü u»d ôìu¿aàíÄîkc;î¥nô Rdzb®Ä96E ½µº··0}®=ªYøvú@£Ì.GSÁÀ¬Ù5 Hç1$.y&·µ/¤Ïõ0° EM4* ú 8+Àw¨ +ßST© »ÏOñ«jårì¤³tÛýï§°¨NòFÂËè:A«&f�9Èô ÿ�=êXî $R6qÑyÈãëÅUqµJ¹êr£¹ÿ�<GÇ¸ÆÁÚ6a¾fwÊÇx¿ @aù|km07! ã!�'rkyØ xài¼nIÀÁ�õô4\ è­ÀH£S#a³vãÔÊ¼ß""[wXÝãþÎ+* ] ÿ�VÛ�%Cy÷­ Me°¯ùòuÚzñTXhYä¯¼#rÙÅBòºG""L«�6ä ãÚµ!Öumï¼Ç?!(({Õ­6""÷�JU\\t4bMvÄ³,Îsû½ék8 ¼¶ñ«ÇF]Á¸V1¸^O5^M1âÀ)É·*sS¨Å[Èl«È`YªçBOÇ$TõÑlb )ðËå t'Å©*ÂASÈ;1Ö©ÉÂNsÇ8ôÍE\HßÃÓÌv{ô¤ÆQsÇ y¨""ãõ«3ä¶@8úÕQ»Íî0)j ÄX§¥NyÞ 'jV ÷§`¤rîpN1LD®§fÑ&H 8Za_¸´à¤É·t.;S C9cõ41bUÝkL¬c[6þ_Øå´üoSYá¸µKÿ�E<9;Î:WÏsgn î9Íw üGýªÿ�gLØcö=ÅeR»ttR©yY@Fp)êÜóÒª+îÚAãÒ­ÀÈ<×1Óaò}Å8ã=i1È©pqÓ>¤òäVe7ï FAëPÝYÁÀÇÝ8­È'd ¾ôÒ°Þ¨ådFÊ8Á5ÑêK<E_Þ/Zæ¤p¹Îr;U£ +¬²À¹5Z{ÕÚ0æ3ü]«¶ñV­ay-µ½]Z£¿J»/oðÛtµR{4¥7±Ñ s­ûLVÄ.$×3«ë3ºr3þ¸ôü=kÛY{«§mZ9gåP~Aøw­K¸Z0ÉÐúUBÕ²*MÅÙ""Ö ¢ÞÏ#`HÎ?*kkË Ê7iÉ�¿µs:ü?n¼S ¼É- |�xªz²Ö²¶ô<«VªlÂUäFW×¬­e¹»ÞÞ(zõQÞ¹=CÆ:£<úÔ²+ h`ü±sâd\¸c =àEþê×T=ÅdrIó»ÈÉ¼îS½eR8$PÛè÷·FL¿vCºM¹Ó=Oµj­¼² 8õW`híXZ²j:´¥é""w\ÉpÙÄkþ5U ]M¨¹s.S/Eø PýPR+¸ÿ�#Z60°Ôõè´élr?uaX£àÝß6}Ví¦',P*üëzÇáÎcÝ OÇÍ;ç Lb¼÷$z-KÚcöZ}hö1|Ã®j""yÅmxbÄwË}Ã ëX~s^_4S<ÙÇN=>õ òy5´ÉO~ôÂÙúÒÅ0·zb;  Qîy=sÞ~GzÌÚíL 1NS(~e¡íI,á¤Ê\UD|ÈqÓ;æ¼µMt¾ðÏÒðÂÊfé¸ô ¥sÅ%½ÄH>xØ©ú-¥Á4kØIºÑqÅZSÅeéÎ|¶SØæ´å© , aaíT¬óÙªçü²lÍ·;nd i©2ØÕGêÙäÑº¡FÉÏ§JRß5:¯PÐq5Ï±½I¼`ÕYI$qw ~E�(ö§<Ñµ�¥,pz~�Æàãò¨%È©\äc­@ÎC �Ëw<ð=MNíû¼ÔaàI©V_­*^&:Ri#;r£=éo ¯SK¦°òÜ{Ò]d^Â«^Oµ1µ ;A8ÉÇ³iÈ¯¹¦""]6Ø±°úf¯Ít""A¢(ò¡CàT©k;yÇsÍ�PMó±-Â¦ÞLÿ�«#ëWöìPÒÈÄuæØc}sPËÊGpØôZ°Ð·©¨Zß­½¤'* ÔÔ¢|tP)¦0 qÆ)�]ãcÙ®rIIÛ©9­¶ ÏqÅ Í PiÀAJ6úP�W4í �SÃqM{Òã4Àxn)ÊÕ Ô¸aÚ'R+ÕQx$P#BÞOsÞ» 9ÏÅp±IÔËvÃ)ÉÍR©¥eÇßÞÿ�ÿ�ëWWfÛ­×éY~ Õ.´ë -­üÈVû¬7×øÕß³j¶Iåµ£ ßZÒ ÄÉäuªòä8ÍUiõîÓËmkM´»­4Â§å&?ZÓc2Ã Ö 9Ò¥üë£Õb'KÖ¤b2!""Hö¬OB½¼´h£¹·ôÏÊZWº ¬õ%-éOÚ0O=)Ã§¹Í¸b»§vrNG$ph¨êÓ­+²'4Ä\Na1@¬¤ÄïÎ>SÅgÙx¶ÃNU¾ãÀ jíÍÓèF ó}F1ý£8Þ ÿ�:Ñ;""-vvßel­¨Qêæ¹«ïë7»¼Ë·E?Â³#ieã¥3ìêzH?: I$Þ)ÓL²3 ´)$÷¯¢w·;À úWÏZ-¸·×lºü³)ëÏZö¯jÇÂsóØSÇò¨hñ§X¯¥Ø¤�åPÆ3Ô fã¸³vAîjKT,ªÅYÆã ç­@¹ÚÌ 3LCfeBÛrloaÛ¯éUF± nÈ#Ôÿ�õé·ðù¶zÍ=�Ý2�:@Ê»¶õ¡?­D`-21×½Y sÉä9ý _¢¶v¯F$eìÐÑ`2E«H#®@ âíæÀñõ®Õc|Øn~_^ÝjÁ²geAåÄÛã Þo»Í;În;©""b ~18úV­¶§ <¤q´ö¾aþ5`i0ÌT2;®Kgh8éY7rÆÎÊè1Î3F¢6 àß1HÃ;ÍÆÕÀ ½k®%·¸2dÄÛäéLòx$ >S>µrá¡»´}°Ë¹\6þûOZOQG|¦""³""!Ë§RÄÔÞM½ÞdPß6ÚÚ±omç´ÆãÎåè}*²ÝÈ$sëJã±ÔÅ§Æ©+¬26H£x t5y""¡ ë7 ÆÁùHÏBsU¬ìIó¤ØHù wõªËÌ­HÄÐT�yÇZC/* â©Uw09½ýê¨ 8û¼±\ºp¤õ¦""ÒòÎy';©X9Î¹ëÍ5Q08_»ýêP±«2á1À9¦K ~6{sO.¬HûÙÿ�f£%Fvã¯aïNÜqó+ ~#3¦Soq½xâ´Ä®Ì }=ê ¨·Ãr=ê+C2s@ÜtPxÑøFbêp0 ¥sg¸îzÕðÌ¢=ið$B3W*/R×4¨Ã¨à ×!zàÜ0^sOjî¼CPyÏÃËk%Ììé± .{ÖPfÓM«""¸Áûl Å9­¥Ðy Ý4ÖçGbÉåàw2vç½gjA~ÐYqóZÒÓØe0² ü¼t©àÈ 3óUÍ-74u4 }ÑKLS 4cá@ áMPôE @Ugp2Ìp*WÐî² 3øÕû /.?:Aó·Aè+Ak9K±I ïö%æ>êÆt»ÁAßÓºÈóÐÊªÛÝr>ã°ýi\,P°ÓÞÏçfýéì;U¿¶ ¹Ì«µz{zÔLØT6sBVýâ?eD¦ñù""õZÚ¦½RY %Ê: «ÐÕÍIv¼y<óTMS}3àmz?è°Ý! b¯÷XWZ®W¨ükÇþÜe5[\I=»õÙë\2+hôa.d,FÁ)Îò8ÍQÑºÐñW;riÐz®Fs§sF2Êx¤ðGxÖÎpO)â®Í W8Í=Ð]ÅêV Í aÑ rÅ¹·6>W ­tÚq0I%« Ê»QkVæÕÔcpå~´ÖÖèá(:(^{Ps?*µ `¢$ñÒ¶åLÅTÙ³Yü ÌÞD »b¥tSsYRæW¥c%Êô:©Ëjq:à¸I¼ÕwS·i=+NÅ?ÎÖ9 Zïµ+´GÂW-q¡Ì³cW U¤ï¡mf´*ö¿º¼íÅKöBþîz¹³îbÔ×+1Óä=ìûédo©­ý¢9½Ùµ$NdÔ""LvATdÖlù¥¸ýp+)t¶#iN:Ñí{[\³ vÌ·ûïMþßA÷,` ^j²i¹çniÃL Æ3KÚ!û)IÚÚÿ�£þ¿çÞûæ£:h § 8c;E áì¤?þ?zÎO]v&?=÷Z£:û""¤]0>\QÎ ÉâÔ­_DO£qSÇ©ÂÇÞóé ªÉ§ A|zD[sß< |è&j×ÏcÌ *1Ö£½i Æºîõ¡FÞqPåsXÂÄÑÆzÔë»×ô¨âSÅ\EéÅNæ²Vè9÷5­§&é Vz` ³¥¡óG½tSFÓLL@¿kF>ZÎÓ×ÕAÅ[0cÀ ÓÀ¤"",¥1Oc.hÌÛ¡ÇzÃÚs]ÝM::Æ©¦]!#Ì¶ÖÏu¹&ÝÉ@þï¯áGBµz }Æyå9ËfÁÀÝkÍ¢ð?-n¯.¤²óÃ Ç""±.ÜzúW¾%|S·Ó´ó¦xneòá2÷1ò!SéþÑý+È­þ!xÊ× N¹wÙðÿ�ÌT{FG²;;o ëjVës¤Ý¢3�ÏRkByÝu+©%B¥fýà+Æ}ë¶øÅãk|o»aÿ�M Ó±ÇMt�/4«+ô#üjk Ñlëí¯-ãÈLØÿ�FVÏñ{UØ®Vd ÌÏ@e5É/Æ½:äí G'Ê8 r Þ/*]îÙKo>ZcæÆ3oJ¯l ìYÒ3³KóFS÷RuÎ>é¤¿Ö^kUËåÆÏò¬»o |>³ö«ø2¬»di  kGNÓ|;¯BÓéÅô©�2ôä =´Eì¤uJ7òzàSJ)Èâ¤¶YHo0""iÏ õ)Ua±?XTÄ¥ðð÷øÊf=ië¶T.}*y¶BrçsI ?(iq» ×$êÊ{³²8ÁhË )à C¸ÖuÖ©ompb.Æî½+ñGÄ[k0ÛIæÊÝ^ßZÆ÷Ñ *Ýèîöî$PO&¡ú Ãj½Íx¸ñ¥Æ§r­4ÅT í W¢Ú²ÉeoY{· Ø½MKºz(A­Ñ¯úr1Q×ø½OµeÎ»G.Î9­ÕÛkn±Ú¨¸æ¹½fò1hð Ì}&¯CÆÁôàÿ�JÕ§k&®r:{âr§¸­0p}«& Çv»Ô©ÝÕÍfr1?JÊoó½iDr:ÖuçÉt¤w5hL» .@¨Ô PiIÝ Ç Õ ¹/pòv_Q# BOaO·_.SÉ¤£(Ç50aÀ¨ÉìsAÐàÐ�O õ©y Ôl§¦h x¨°ïS°PzÒ 1ÕI ×·²ÙxÉ'©&²H9""µ |D¾¤S@LÓ á1D[·951ùWãMÄ�0£½�Xü¹ ÔáËäÕHÊIÚ(«q}Î´*òy4¤ç4ÍÝ(ÞÅnA¨>¢IïIÏnô0ß­Fþµ!(æwÇ$@Mdf´nßå¿YÒðiÀÔ`óJ �L .j iÙ ÃST¸ëN LEÜSf«ïO @ËP9¨ÃSÔóLE«h (] ³dÖZe´nÊÅpV>3u×Aâ""e¾±·Ï]£ó4úÔý7í Xs ±ê+bÓYÔ`_ômYåOîOëÍ]½´ð®µ[½=c yÑ8Vúä kºð4Ñæ] ^GÇ""Óp«SÒÄ¸ 'öû8Û¨h¶W?íÂ|¶ÿ� I|/u<7ö$õÜbþç7>!Õ´;¶µÔ¡ùÓ ÄUë_ØÜaeMW2#lÐu?OÖ,$sÑXùmTn< âm<e4ÒF:1*¤·uØÊÉ}jÌ3[a¬µ á÷cË¥ RqÁàR¯¿JAð:PÃv3ÍbhH1íOü)c¡4á×=1@Å'íMðpiàæ""nZE§×qÏ­pzÕ%Ìd9Çjï,Ûð�Îx¬ ü1¯Ëw,H¸;àsÍZØõ0Îj H\uëé± vÐé ü@X1Òn2:t§ kã8ÒgÉ9íOAsºn³R¶b;Á®ïÆÚM&ÊÐó¾ò>çXxwÄQLdÎÅ@$Rx¦[Ú+ØL.èz«Nç1s |c8$zEDÿ�ê¤dÚ±¨ÆVáfËdt ëPclÈFãÉ £(d$sÎ2jí½¸ª¨fçéÖ nÈÉ©èEh(`ö¹¸úPE±wààã9ÿ� ¹nÌ2rÀÜó=(òÓ¬wÍ8ý�ús(wpKdóÆp3ùSÑ<ÈbPT¯¯�dÞ®»Hó!y±±¤cä®2�ÀæªF \�7¬àíëØwéVL#k<¯#>êZ-¡]Æ@X:É!ãq¤ ¤¡ xÊGµ#'=êm¾k²Ò$Cd{�fï�M­ É;ÀÚ0ù÷¦""ÚÅ,®¢+c>Ð c ÕD³xP·!GVêJcÌrÂfbÁ³óÅRU­àQm6FýÄ¿'Ò°ÑZpgE-âÎ7w_ëY7zy<Å\¡�õÁ«É!a mÛaËu§E¹â`Ð¯ eê,Rg=åx¥\ØýEjÏg2*c§OqU~ÌJqÈüjl2³·$ O#®*[T ãð¨WÞ8`Üd/¥A qÐð;U¸Î3Ãv v¨CÉ9@xÅ(1,výîÂ¥UÉ=Û¦ÊhtÀÉ dÀgpO®�÷ ³8ÎÂF;þ4Ý´ Äp:bò êÔ/Í´ýÜ Õ*µ¼ë éZ #;GÒ£/5 ç'·x`Ñï çÖSmw ýÆ j £mvÏ#¥Ze'cÚ; XõÍ ÓùË1À\Úº/Ú´¤ÆNÁ×ÔVrÚJýÖ>§¨ÏOÂ¹Ö\,ÙszÉm�<ãVLn|ÐÇ®y«7Çªôæ©¯}kXTlétùPd!þ,U]Tüý0Æ3Õ6ìq£ÔgÞªêÒHåÁlð1Z½þ¦0GlRv¤1E:J:Óã¥.i¹â�viA¤£@nÂ,¡ßî)àz­M+í^Ï¥i¤EPã2`XÆõ qÚ¨ÃrÑ79Åh¤Îî�ÖeBÃkÌ?¼Û¿:qÊTÓ òç?Ý�ñµ8 u ³·ñ ®è_uÊÍ÷FÆ2?!\LR{ö®ãá,ößoÔc.EÌ6/ªÏô¤cÌuý&ÿ�DÕ$Óõ""X¸VìëØéYñDdoAÜ×°|V¿ÑnáÃmNÈ3þ©{« ùôí^fí©cJt\µg³|Ó×Ã×W»0×íÿ�u@þ¤×ªÝ-½©,@ÉïY ²ÓÁrÚ< ÅqÏ5ËüJñÚÅ $¤$úW4ÎÈE_Ð©ÿ� ò]T*A´k¡cJÆkÕÔ@ËWÏwi qÀÿ�]{Ö r5 Òèt%oÒ*¬lâa,Ö7ñÉ·Éb ñGò®ªkU Ís¾,ý¬H'ð©ü3|.¬D ß½åqB!»¯BÍöaQu%£9#Õ{Õ¯3Ï:czÔ³À­Æ°ü5x²5Õ¶£ç®â§¨Öªý}vÍm¯0²sÙ¬I®ÇÄÖv¹Lgwµpæ^8í[ÂWFZÝ ­eÈKO«2p*ºDáìïS=M)èY �QK¦©ow­+þ`1»$i8ý+;s#¼ÓÑzk&k}µÕßGx®záHÉ¦6»(Ð G&£hc)÷;Óæ¨À¨üÑ´)ëÔÓCc_!@Î:P 99â:ª9>Å $�)|¥ì´Üä zÒïaÁ5DÚàNP=E,·M{y¥'²!oå[>ñN¡po~µI2 ÜÄ,Í*Hí\:ï¬~kSàÞ]ÚÛàçô®Ëàîm¾Ôn&õ `ÿ�3UÈÙ.´ãå·Ç¤ªY`3^õiàÿ�éØò´È¦aÝó!ýx­#¶å³Ó`ÐìTþ^É­ô3x¸ôGÏé¥_¤aþÃrûÞYÇò¦Ìy ¥O£ WÑ¡n¤ûÒÆ£ÑW?Îúu¼Àã ¡ãSý)û4ºõú ?A�`>aùó]áÒ½J_ hS1fÓ B{ Ûüª»ø+KÜ &X±ÐÈýkE¡.¢f á�­4¡ £|·ø¨©?±~ìª~£î¹1Z?Ù2ÿ�}i§Jtd?4Ñ,Ï""¯¯:ä~£k+ÿ�,_ò§tÊU{= -FñLë£;=êôñ:çtl¿QZ%ßåô Þ¥-Ïø Oñ ¸)o s ÂÈ {×7Á[býTú""f½_V.)ªIhåð¥¬¥ñ?XéWàÍû× à8¯R¤£#ö³îy´ôûÌ§ó«qü%ÐïD­øW}E ¨yw8Øþøz/ùsþòÖÕ¾-bXa1$0±ªàÂ¶3Fi:qe*³]Lt¹ØIQS¾3M6ò4>FÂ{Ø­¬ÑF,µ0WM½QæH¡åöaÇ°¬½TkqZÉöm6Y2äþµÙRT¼<_RÖ.iÞÈù»XÑ>""_Í5ÁÐ¯cåB¤ ükÏnÍ¼òEqG*:¸!÷Í}§\ Ä/¾/ÝÚìV~WÆÃû­ý W³QZ"" yÍûìùuóWµ|#»mgMÒ¬¦4'ª¨Ö¼¿SÐ¯4«é,ï­ Î ~£Ô{ÖÏ u»ÏNÞ\m,YÇ>¢°ªî´;pôÚÛÑóywä[c^!âb¹³¶rìÌW#¥oëÞ:PÓ kYGB¿0Àç°iÇi,¼úÖP³ÖFõ#(+G©öwÇ$ã½*ÛÛ5®öûI£sÅu9ÜâT(¬ v§ðjÙÔS p*nh£bãÚc {Õ ËïB©¬C·=© 5h. #F1øÓ¸8Ïl?*m  +ÀÈÜqzVëMhµ\gcÑR;_kSic¤v×71 vDG\ùÖ½ç-ìôËåV¼_Þßc�ÔúzòÙ-StLp9Ù¨ÌÙÁ'ñ5Ò«édqËÓÔ}åýÝõôw/ºWmÌqWúªQY¹Ò¯BÙzÊâlZàTõ÷Xu­FpEG|»¡5¡·""éN PDß»O¥= ô¼ÉU{W^À,{Ô§ë@#""ØSÖl ãh�yF8ª®äçR4mZ  ÏºäÒ4â3L#C0äVª!@3Ådg â·mÀ(wÐÑw«÷Gz3FÍ«z¨×µP-,?°úâ RÒ}*u! Ô Å!\ÔÄudâ§È ¦ocíMlí=EKÛµç@1×­A3 úR»gëUnX¬_^ô2¯dõæ©�=i÷¾f=ºT`Ò$~Ú]¦xlP`úRóN 8§OÀô ªÐAÅ85ïN{ÓCqR«b¢ÞÙ FÞÿ�éQ{°®ì |[dÈiükÓZAwÕ$î WS Îÿ�Os7îÖØáã ÌÑ'h±Å^I1ë,§$h}#¥UØâI�ôý³¦ô7h~´£ZÓHÏÚWÅU_dô~©Eý¯Å'xæÿ�]  »5s¢ØNr°K?Ý9×4õJ}©,I ]�=éýj³û""ú¥æüy´+«~me¡""7c²K2ÖèÙU*2? µ¢ÚÝùEÂsÜOí«""1ö¨ð:Týb·aýVó~GZ=:ÓÀàJ4»õ®óÎA=ý)Ê1ßæ§mâÇÍø©NÞsjxPÇ4÷\¯µ�S³;ou¯Pn =TWÃ Ý 6sá¯BÒãÈ± òÚBKû}évÔInª>y ??r'@)ÃöWüDFÿ�¾àn J¦Ö=�Ú+× äyWÄ;ySÄ+tl!Ý ^)¡ È;rÃhèt5Cs2 Û5¥$ÌJ81àgk }¿ ¬ÇSip38íô¦2éEWrÞ1SìòöbL ^N1õ#ÆÀ«q» j_Îbùg Ç¾@é@Æv«òX÷¦2ÞWH ¤ø*Æ¡ÕÙù3>Q«vß""|ÛH ðw½j8cj»m¥ì­sÏZV ÙÖ1þÀù¹=© ±Ö¬?q¸e¿ZÓx÷Ú""oøö g4É|¹óo!Ýy/ÐúÑagÌ Ð°�'CUgIb¶ÜWß¥]¸ Q×Ë#,àÕVË?8Îî:Ô1£]ÌÙ""GN°þLÛ·IëÌ1¬²;qHcãéÓÓ¡«¿Î ýª¤dñÓïTÈÄ;}Oj9@¿{I9JÞY??Nx¤.ÁÈÃ ÜÓ]Ï8F & _æáX÷8¨Ë±=cñ¦s�È'MÜ}@Çµ!ØpôàR®wg&ï «¸ãÆ) H÷4�ËÚVdà¯Z°²yqÓ½ xÏ?AÙ9?)ås@ >)LxØÿ�«b�úÕyÙ¢h×$:tç OÆ«èó®dü²½;îrFw^¿ c%foMìrD ñPç'kPùo*ûéº|y¹V¤E 6GÏ·P:Ö;KvXÓC*¥·*`~¨¦Ù¸ü¼s×¥M¥Æ FõnNîxª×LI'<Õ2 j%²)`°ÉW R-74´ÀZQ@à(Fiè °Eäh ' «¶¶å9êÇ©¡»jÚØD@äòO­\Dæ£Bê£ Òý±ã< ôéY>KSØUoÞDÜVF >v÷4E:õç *¼³í,OÐS&,åTõ¨ç8NÃÖÅV{ÀÎ*õýÎr³XLÑN ¨:F W ±""w=Í=@QÀ¬%S¢;)aúÈcw.ìYÉ$ä[ÞÐ Ä^""ÐÜ)ó'>?Ç¥a¹©üzçÁ¹4¸ôÛù$4¼iB°v�Ç ®k=ÍÚåG§;ÇofUp¨«¾hñ¦´ÚîdGÊFþZ ôÁÿ�õ¿þ/¶Òty!°¸Io§UPçjúð.GmÏ}iÁks6V]MKûÛÉKJ±Ëc_Aü4I|¦I#eÂÏÑ|ú^%8ç kÚ>^5Ïîì³öyòþË�heM;\ëÂ½¹<¥¨ÿ�Ii%Ï$Ú ZFðõ¯ ckêëB¡& ZOeI,q³±ã ¤¿iàÏê. ¾tW³2m ¯¢ãÚ -lÀÿ�r0µ'tÿ�v$_÷´ ­ÙÆ_dx¶ðo[¸¯®-­ºIvý8ýk«³ø3¢BíW·s¿}¸A]ÿ�tÿ�zuQþÊÐlÃ¬GúUªP[³^£ØãÓáí/o$¸þè+ZÇÃ ´ ÚhVûñ· ÌÖêZÃ Ýgß¥U ¶DsMîÊ$mÅc À(ý)ÄÝ¿hÓñÍZ¢o![Ì¨mæ¿tÀz Å(²9`\ÿ�´sV¸ô£v.HXÑ8TP= )E=@ü©Ø£ õ/]ÊØÃ»¡ÅBlÉyèÙþuoJ­5}Ê¢Þé~íÞï÷ÐSÛWþx¿æ*ÏáIøS°¹JþmÀûÐgýÖ§ }èd_¨ÍXÁô¦3¤c.ê£ý£afF.a=X¨Å=f¾ëøÔ©X/ u ö »ùT ©ÚõúìÚ?Z5 3CZ\VD¥Óq QGîÄ±þ]î.¤û÷Oô@;2¹<¨ü¿3 W#§ãL±½µ¾}¬¨ê§i GÊ} qºøis4EñIÇ~µÅèå×õXîbËBNÙ¢ìëþ>2|ºF4np¢¢µºúÒ+w «¹XzT´ÌÄ¢�J)qI�J)qF((¥Å ¤¥Å £¸£¯øcJñ%¯¨Û+°û¯Cý:Wêßnô2¢Aÿ�-Qyý¡Ú½¯d`YT¤¦Ñzlx¶¸ (-ÆöÁúiôò¶÷'$¡û¥yV±ew£Ý5µü ^Ü â¸¥JPÜõiâaWmÎ:öf;Hüj¡ úb´.âýñy Î `ÖèCl¢cÉÁ84´åS#e½2ÉÉïVÔ`wª» R1$sNh÷( $}hÌHÀ«ï Î îcB>cOÌ-¾C´{ÔaÛäçªíúÓn.WvÕçÞ¢2ç½�)<æ³u9[®3WKéX×3rÇÓC(g&åØi¢¤CÁ¥Í0R`H <vhPÔn¨Á¥Í�L Bº)ïRªçP+ 6ç GIá8ç¾USæ¥où HÑ¿7úUÏ ""ùÈCÛÚ²ä8Ñï õ(¹úi½á\ \/÷E*F!@{ M ô ÷ hôÒ£=)A=è'4ëâ>zÔ¢ @ÁüjìrÎø&séÛµðÓ¸ pâ5ô^M;ÍyEH8«¶ºMäüÃêxØ[é66¿r Íýçæ¬³`c< s·ðÁ Bê?­hÅ¢éÐc÷;Ïûg5q®çñ¨àhDÂ¸%AþÊâóqUÇ' ¯$Ü·Íx§a^ã­Dó j¤×r:Õi.[p {S°®]k°IÉ s*±¾ÊtÑ ñíê? éWe¸Ú¼ð?VyÖI I J,<­pT'ä~1ô>µ^XüÑåç²¿@=¥4^)i0Á$0Ï9æ¬1HÆÅufçG©?ALe[6)60Âvaþ5jØ*ÊK¶ aîzªñÌ|t ¿_zÝ9wÀn§© .F&gr 6ïVà±ü:RÊsË>H9ì�Éú[va \IÉäöäþ5³Ç.ÀÝü¿{×½0,?ZDfUm²|±ÝMJaËG°>ñÏ;j³³Þde åsßÖ¦""ÊÑ²""6ó ç) þF^$b1)ÖìòEd #üò>89¢ÒXÏ¨ï!ódÀEÆxõ¨íRGKbÖÒ$åß ¦ 2­OîN!üÌN1lá Àso ÚIã³ H°ØÐGÐÛÄD±n0·ü³$R#Çl~X~kQÀo~µþg)&ÆÓêâÝvË?e$ü¸ã=)®[Ì¯n£He9VdýÓ Ó` ÝÀªî!ÙÓ É«oÁ$b&hnzUI§UÚpÃåÁ÷©c)HÃo=O¨ªÌµfiT¹ Áª]sÉéR2xó£¦y0 ázP¡;p­ÁÀäUÄÿ�d·¥1Í6®NZnNsôâï¸SOJa-ÓpéØP[$éÎ(T-ÆNO¥ §wS|QáS×4:Eää±+Ç&£Ç·­·¾¦£@íÍ�J¬£§è)©eÞ£çUcy>âräpîhHf?,ËÆ""µn¦VÚÃÙ aBvJñÁåjãÈMºü[OJèmo2£&ºUFpÏz»xI-µu+xÏý5\Az»¢¿Eÿ�¦, y7QàÁúÐ·^#å±<â´Uèc,2}OSûõbÍþñ§¬(u�ú òåñf«jxì@Ç""ø©}Ò)@î8&·OFÅõI-QêçL q^{kñfÌ²Ë2ÇSÒºK?øzøíKäGþëSS!Ñèomõ4d¢öÆä~æêÿ�uÁ«;AéTfÓ[ÜiCJ ÐRm>Äî x¯Ò X~îaöÁ©öJQÊta?w2eµÕOÜ1þÉÅCÿ�{ÈÃè¶$Þõ×GþóT.Ñ¤pÕ{ Ùré´úg5©xGÒíBþ Ûþò[Ïk·îK¶HÉä(Úü*4dn qÎjïØÙQ·ÄÎÛPø¤IhôMòõ»K0òüMrZ©ñÄciÿ�³àoùgjvqîÙÍMhÒ$õ»¦« $ñG+}J´cÐæôï�j2üú¹}î©pÄÿ�:ì4ß iv(%Ãqó\Hd?©­(W5fÇCzÑA#Í°H5Ú¨¾1RªÒâ¢¬ÈCÒV¦""E�UxÃ¡W�ÔW1¨øef,Ð=«¬aQ:ñJQRÜ¨MÇc#Âw í§Þl¥l¤Dmþ½�@ ä Wp6Iaâ)´·ò¥S-·¦y_¥G% ·ÌîwVeÀª {¯ðF¼ÜútÒØÉÙOÎçõ¯?Ö~øHfuµp|ËoôëXºrGd1åÔãJF?:j;N­´¸kA*êUv×B®*Q¤_nã0i6`ôÁ«uÓnèÒ""ëÏZ  <ÚÈyHà&b07 QCCRD-�ÇZÃøÖÎêO¹k3ÿ�»5m|=ªJ&v}¼ÿ� JàÜ{+äã§QK³#qé[áÝar²ï?ïÃ UJ¿~öÆêHÔÅIqÇ¹ªÅÐÆåÞH=ë""à#pH$ã% KÙ=¨îª89ëÖ¦KG� 8éYÏL|Rå0OÍë@v·>ñdä §½]RÎÁERÊ9=MsÐ²§JÝ¶¼ cDeùH$8àc8¦¤¼Ö:ýáÄ<øÑ²¨àæGÌ<àö§ÆªöÞc\2íhÆ2ÞôFc*1w`À'æ?tdÓÛÜå!hÞC(y ¶.�=)¯#­L!ÃG mÒ>O'ÐTÛ]ÈÚ2ÇÊäüY°>L¯�Y åÇÑ·?J`$êé�?h�Ã¨X¢ãsUK([÷Ò±#n9§Þ ¥ÓNW2È:d>yª¤b dgß¿!¿*Mï'EaçÌpäõü+:÷ZÝ¹¬ÃåPì*Ó®®÷4ÓUaÉ'O°Ã a3¼TÝ§.¥4ÎÄ(ÆwtÇ5UåºØÉd{e@'×ð©à°µ'r 2K1ãéïJÍæË=i@úÖ­§¥£#ÆÃ3´ â³Gj@NrG9éR«7lô¤K;MÊb,î³ �ÝÇ',zc¥9U<·Zµ ~ç ¦îN8õ©FxxòÁ g§f#? <ýMKò9 ôÍLÚeÌd)Çb%>À­£*ssíL®kÓ´é/3ÇaÅc²Yû*Byô«¹ º3\æ#Ò±¦uË¸éüÅYÌp3Y÷Ç8ã<ÖhÚÖD ^_`Ó'µKU~lõäÔAÁÈìX+zóMK©Qó XV¥·õË,µ;WÏó¬yt © òÅAÓ}Iu;{?üGË ËþÒàÖí·ÅIÎ)÷0ý1^Z¡×$úp*Ä«0^zÖªlçt`ú {ñ*ýÙ=B(TôÚüØú±5ÏÞxÆþçp{Ë©ý4ù.rÛ0§æÉ'Z /^´91FWCB]FiXâP¹ôàÒ;©ª;·6U}²*ÚoÚF0½:Ôvè]@G;sÚrvÔôR ¶{ÓCÃ¥ :¨ Tê xÜÃ¨ü8¨A«/ 8ç khò4íqÎÓMtp$ôíXvpNç¿¦)çÓª0¯EZmàT1 ²£Â¨Å«Í éOQAM#B)-FËíVïLaÇJeÝ'È}kñ;bº[ Êy I8 Ö ÃKû­6íf´£qèzýk¿ð÷mµ`¶÷%a½é·¢¿Óü+¸sË~Pwzb²fî*H÷j+Ít \Y""ÛêJ×1  }}ky|{c'ZÌOûD \:ÊJæÓÅRMþªÎ?ø ¿ýj5FNZ/ÕÑfMê+_ê$u´ Ecýi{©´@£Úþ4ìÀÝ¢¹/µ@I7¨`! ãTæÕµE^/÷­-F£~§g0kÍ®µ}Yºj ì¸ Ò±îµmOu[Óê<Ò?CUúÅ´úk£,À}N+Áo5;ÑóËçtÌ­d¾©0}®|Î2 sPêÛ¡¢Â7Ôú9%F*#É Àâp:×x?ÄãHÖYaB� ë^ß©æ­ª§Ö}ßÌV²8õ§1±?JWOHÙ?Ú¯'ýw¶ÿ�öQE¾wo:8¼±dSó/ØKLÝÜT?&G÷å@\RÓ,µ*ãN¼ $µ :cù{×ÌÞ:øa©x:v¹5ÖÍò\(å=vúô¯¨ã¢YbæhÖHmduÈaèE�|U¶q^Çñá~f­á¨Kp7Kf9dõ)ê=º×¹*H<Ôw&iIâ¡A=)ÊU±â§ò%ªdµç@©â¦´Å°= h ¢ÁrªæR¬8""¯CxöÌ@Í¯qLXãù6~ûXÝÁPg E�mÛÎ&IfHÒpw�±Ï¦L 2c'Úµ¡;D }åï@Ê°¶W8«÷FF '^e È> KçîÓù NqUÚæ§´sÈõ¥Þ @ÈñÍA3õ54 úÕ)J@gßLÅÂ§nj²÷©ÝwHZn)�Í¸êrj´ÃlZ½å ­t i_4¹¦Ñ@SóÅ�8Pi Ó@iû½*,Ó³@{Õ`A¦·fÃÎZb;;ô[_ Â©ÁäñXúã¾ 3ÄVÑ'ä£ükGY6c#;zzÆÔä©NGfÇä1ý(`¼Qô¢Æº+0È¨VßÊ4D A©óéE+Ùý·Áîè6Ñ¸íïÞ.üÆRì~¸ÒW?Õ£üÏï5ö¯²>¬,IéÏ½C! õ5)�ô äOò®£fÿ� ª_�ö©å {Õ ØA û�wÈïU¦´µ) #ôªsIòäTHM!ÀRG<ñÚ«JàÏaQ;&sgß­Vi�fÜN#­0,y«>ÑSÖ ò»m ÏõªÒ>åä gµ5|µÏ_­0$óó½8éQ¬¥³Ý0j¼³U(ÙÚ9¨äEr}Î{Ò× þÒÌ ÎsÍr,G¡ \¿ß-ËH0KAª «N;Ò(d0A#8SõªF&VÊöæ®ÊT¯ðt ÎR""Ä:ãHÂ|ÅÝÐ*e, ºýj+Tçµ~5ÏÊ~èô%§~Fî>­gº2M È¡/(ØÀ -R»£rÀu RD<åv( ð2yéôªBd± sÇ>ËY¿úÕNóQû2J yX ( �;Ó¯ï¥¶µVó _jÃk""ÎÆkök©Ø¼hÀ°nÀ÷47Ñ ¬WZ¤ÄïtXJÑÖ H°da×#Þµ%Hm 4 Ûj èø(x?þªþÉ'?eI6åãÝ÷H=·zÒ°\ÎãÍ¹-²±(�ën \ä²ò 4ß:ÛO¡gy]Üa½«4õ½Éwl>´®2íÍëÜp@ä1¹¦Æ ³4 9pSØTMeäDªT«ãæúû×ÒãH# ¬ Æ¥ØÇ(êzpi¤9Ö{ËÇDFnÀv£ ù �è¥h^Þî+Èp>vYuíÍVÛ$+#(ÿ�XØåM+�I+Èã`áR$¬dB£È""Þ%iqµJ½º ² Bå¶½ 4|N]ãÉ;¶U9æf$9 ì @¥ ÄÛ31#«Èû$$%21ÏlSÛd, Ãgi RG<_h 'D~`Õ]Jë}â 2§?zKR¾dÛØ±Aó#ð ÒJ¸+ ío¥""ÆRâ/0Iá£#üiäZµÜå¾Ì6Ä!*VßmmnÁ|Æëí@£'í0£mUØp c?¥L5Õ¾õ!È?ÃÌ¨½Uü© ,ßË4äU[¨|ÇvÛ a¶aÖãÃÏ� HXá 9Xoã?3gO?áGíqlÌqlü§ Kdû/úÝØvÇå[îr }Ð9úóJ2fµ+Á-ÀN¿­ÙOñ E#v· $*0Ä|§ñ¥`$ócó­I¹³û¶ÿ�|Cìàc%¦«f[P_V$ HÈüjVw2ZIF@D³Z7øH°Åv?¯Ò {ì{²·(À&îWýkóq5¿Í8 1ÁH¡áÛåµñ2?I¾oÝã ñÖ²ª¯mEÚhúª¨¡ùZLÝê±»V0=iö§'qï^mÑéò´µ-Æ¾õ0Îi½*u5iÉÁÎ)¬ *| aMr( ö¤1¸V©¶àÑÌW- áÇ ¢ûdSVde#£Ú¤Nv¤ÑjEe¡ÎÖ?«QÈdþ¢¡}~ý£È¦2iò fñ)èGÖ£`¸~})¹l©*)-µ¹ á°¸É4« ¿u[ 7S Yefç ÅM Â©ÁúÒE7¦Î1ô¥; ##éR5 TbqùÓÔ§q§[K,'= ×1{¥Ím91#ËäárWë]PfÎ{ yQlå!¸&Kêhªrè3bª­!l·jî¼O§Ú\iÒÝmT5-¼ ìkÎ|D1éY¸ÙØé§>eqfn²n8<õfIÇ¥P0<óëïN($È6,89Í@êH#©d#¨»>ìÜp*Ì¬J«È LûTÅ¿rÅÞ¨Ì {pw*c³4° zhoBo4ÐóSBà3Û5QI0P=*Úº cPÂ*ãn¼Æz¯pz¥i mÏ#¹\zæÙÆ@ G'<Á� �E,gåÏ÷½ª#¹Ø.IÏ¨ kDG#ìà úÓSp= X>P¼})TcÈã¨ÏqÁÐòj`ª±òÛ±ÚaøÈâ±åºóT@¯ Ç dSc RyÇè×ëëR`@íé@ú¬j~R#¦z½x·lÒ£X|ÀÌ¿xýÐ}{Õ¯#l�ã9ãÉ-$Hê`©#¯¿­2 dÛ×5iQ¶QÐãµD©¿x7$wâ)òg�®v «Öá/ÔÆgÜÑ:Õ± ×""·9äË¶Ñí ?t À +Í@>õÐX&;b´1¥òG¥XAïP!ô â¦O½Ç¥R0d T qQMJ¹Å¥)¤ne5Êiç¥5ÁÀ¦I#éX×krAÁô¬»´ùMÄæîóX*CÉ «¢¹^¼V-Ô{ÅCFñfCÓ9<óWìäVl¾EP£CV`Â¸aÁ)ê[WGIe WAlüÞ¹KI¿i( V©ò²¬ ÀàÐíøTìGNM+ÈsøR!Np:ô¬¹ä+Orv ôìMfNÙR ªe±¬Jäàd +éóqZ3 x¬{©I®i3¶ÏP �d{Ö|1Ó<·6A ×Ò«1Â`""±lèHe±.£Êç§¸¯cøm¯Û6Ó§|¼ctyëãúþuã22½}ÅhøVHÔ!º\Øp{p+¹©ûHòIM#ÜÔ}ô:7pREÏ ¥X u""»!«hÆëÆÒrsJ HÆáø�iAêi6ïS²½¤ýhç³~�Ý£ûÔ Þ§óýñùRsýá@ Èj-ÐÒ ÿ�xP2Þ»ûâýñRpi>_j�ýêräpX\¯µ'Ëí@ síøÓw öiÛBGçHG| �nóíG}E_öhÜ£û´�õ`Ý+É¾%ü%YIµ%üó[¨ÂÍî=ù×«yéÊy ®,îm¥h¦Ðá5_d£øM}Mãÿ�¶'ï¬QaÔÀÉÇ_¯¿½|ù{¥Ýi·²ZÝ[²J º£èz.ñæµ¤µ8ÎÀhO0Ðg°ª$Ö)%]ä_~õz8ÂcÞ¥ ¡ì9ë@Ìë9MÐçaê[ #T TvxæZ¨/7Û4JO­�_5 °È5K;ÆqÏ õ­ ñÎ0 Ò£¼·,¹ ã¡bÚe ^ }å¤yÇÝèje,±8oqWd tAÔ`âÌéÞ c+U¦¹â¡FVÍ!^MÃ©;íCS9Êæ©]>�ZLúÒSÓZ@/'ð¨§£#½YÚiFÌ} K.{""KwCèÃKZCC¼fâ6ü©ÓÃ:ôOÁ �d� .Úè#ðv¨øÅ¼\ÀZ¼Å«þ$P'³Þ¤WuÃmY¹0õj»ÂíE¾ðAùÐsK^¤ îHåQøñ«Qü.EÇt p(L&�ú Ê­Y£×å8ÍzÌ´Èÿ�ÖÞ'ã ÿ� µü=oË\Âqë!?ÖÀánË5 ¡ È¨.t VKd[)Kç#5éÙxnÍÕ Ý°qÓÔÕ­x~´ê©ö@ÿ� .-O¸´º¶8¸¶/÷Ð¯º½ªOøX¡kõO]Køb¹m{ÂN»k%÷ çÜ ,öÊxqìCHgî÷¥ª dHÊàRA [Q È¦v£½ 0>ª9ô¨ä%G­LËóíQJ0=($«*¤*ªE�ãõ«§8ªRrNpzW êIèGBMQBÀnàã$ Ø&Ò#¯¥aÞþèÇ Q,©#ícÆ{Uö± Iæ¤ÕïôªAØîAþµ@É L/@}ª£HPciZV=¸ÏP*«òäuÏz,8äzÕ NLB±dNsÚ¬I ÆÐß7sY÷YDKÈQÎ{ÒcE ¹ ¬/ÐÕ¸-AÈô9­R¼mq»ÅV}9¹+µ°�àÒ(¢6#qäs{ÓDÛªI¶*Ø²266å>þÔä²]à9'  iéå°5¤´)¹`TÂ-É°Nxà ¯s, ÈóK Üàu ¼¨�ÁFã¯V¤{2«>Yö;G ETV(v¤c`<óTrÈnpD]Ë; ìM0!¶¶V¹ %}é ,�Ü*¯Í£_ùl¾¾õYQ,­cÉY<îõø#yädÌê¹Ï�¯qõ¡h&2ðJ iwf2y £ð¨/(µ¦ì²oJ²MûÅ&%'÷g<ÆÝÿ�:ÇÔç.áµàïûÐØ$eLZkwè=«fÒÙ qÂãïé!ôh ¾}¡Ï$? -_'(À§ä~µ)u 77J'; =c_ëÅIywG 3¾àñü§ 9¥ ii4¦WY6lC³×¯5+µËÆí£^æ©°%·O>mÛÞÝ$éï[V°·Ú9TLÛTÇó)QíùÕ(P[FX?EêMiAþk 1Æd-ù JªnghØªÿ�«F3ø´«&pP V®OÔS Ùç6ÂÀÈÞj:NHüÒäÏãøP¢·ÎÒa7D¡@ÞN íÍW»ºH<õ~ò¡~Y1ÀT_A ¸raW³fcÇOóí\ÉÜ36ÕêNVc,ùO3 äô\9ô÷­k#°Hå%EP»£;°¥gÙ[mØLxßûÁÇçZVp²GQ²K|`ç>! r®.Û|ÌÔdÀ3Àÿ�ë~©:¬×L1mª~Î1øÿ�ÔËO´ù1°_BØó NÊR²$Äñ0â¨Cf¹ m¸Üp a~hôª²]Fff""«@Z<PµÓ3Hû®�y9ÉÏ¡[¢ÞpÜpò�7®jF\n]Ø@BCÇ_ëRäÜF^ äG7<çÖ©¬±²ÊÄÀÌî0xÅHDm,¤%»B�­Å0&22\#¨÷q|¿¼Ï'Ö£åYÉ,Àg¯j®¬¾lì pk¼Æ$Êeâuä(ù³ÒË yhNa;""-óÇ×5Yå2MÇò¡'iÅ+ÊL3 Þ¦ î°tÅ & ¬Ñ·""í9VÍX³ÊÔ-ËyÀFûg5E$ùk  ;vU.å'4¥³*ÒL÷Ý6ê9 sä[+s¦é^E¦ø¾ÞÒÔG#`¯|Ô7 ""@û¸5å(¾Çµ>[î{J^G¸ pÖ­,½Nx¯Wâ=ïöL ´.3Zcâ °©Ë\HO#!@üªõæJÂÏyûJôÈ¦µÊõá ñ3Xc³fÇñÁ©â>´pÀv|NL¥O¯àÏo7Â¡Q o�ýkÃnQ,B¯¿4Ë[8""ÿ�V{TwóÁD^9àTóÉ{:iÞÆMíÇ§ÓãMFýL#ïF«ßZÎÝà`U»ëÙ./Âç¥g�z9 é d Nj× Yu¤|eSÀVL.È-É«HÊLkÜøp¼U«E�£± àô Z« %ÙX¨#8¯¨T¶$($û mêÈ¦{g§@=j¸\ ÄóýM9þTP¹ùÏ~ô`lÚÝHàÓ2ÕeÁ?x ÔáËÇ»¶jUPX ""®B¦8##Áõ¢L ,Ãä`ç$ÔÊÈ cñ ´Í¥ÛÒ¤ Ï?ÎÝ `dî|UÈpæ9ÕHáÃ~*ê #p v«$³a÷N=}êTK;0 éK ¥Kþ, J"") <¯»Æ{úTñÌ 1ÆìäÔR(m«3ÇJ°å<Öñ9ähZ¸ Ö·lÀÝéXÖ(@ç¡¹mßZ1qWëS(ÁTÃ£4Ñ  J£Ç5 ¦H¹ëHNiqMÛhÖíHsô§0 9àö¦PûÖ}Òq+IÛTnA�ÐR9Û¸úâ±'!Idý+~ï!±.p R6+(=ibùGAN;R¨f9Æ+³©DÑ¶q «rÖ^LV ""µmºZÒ22 èØ :s�'¸ªìd;ûTæ@S®F8­.srêArø ½dÜIó ¹õ5fé`g¥d\Ëó yëQ-©­J÷O»p=kâB®Tò; JÑ¹pà|ØÏÖ²npNñ\²gtQ'$7JU%H9ÛØÓÃv-8æ£v¹â±7E)>^ íQÊÜ¼1ÓÞ¥8À QPÀ8ã<óLzÃ? k¯ì{¦Û Ç1xWôükÕ¦: ¢¹  ù~Îw·dV aê;×«Û|VNIf Â ;1Á#¿½mN¢JÌãÄaÜ¥Íz T 6ÆúRù`ÿ�cé^c7ÄÍMþkTÒé 5R_þ$ ¤&û/Z{HßW¨º ¬ðà#Çuß³¾2 ÿ�¸Gò5åöÿ�ì7ÒVZ®ò^§üÃ]¿Ü¸ÍsVÿ� éQXÿ�L§cüÖ­Zní­° fÿ�ëSS. NÆ¿öá¶¶p§ÞAR}®~1§Ü ¤±Ä ,¹ô-ÿ�Öªò|@Qþ¦ÞÕûwì´sÄ=NÇL²\¾?ÐçOûjµ2Ç#}äí ®&Ow«ÊiÚ{_¶·ÿ�L_ºÿ�U ×çÿ�£1{)ö;¯ ÉÀéÞ@þü¿÷ÕpéñRcÎgkÿ�þÆ¯[øëq iÓãw+túS¸½» _¾¯ùÓZ1yþõbi sôÜ)G´³ül?L\ìk×þzKùÐc óÒ_Î²ÏtìpIÿ�ñ¥OÙ7f ð!þ4$»&%ìòø ©ÇÉÿ�|¨5ë ð}ÿ�úôÉ5 cè¿ýsJè9%ØÓYEµG�îÍs^3ð=mª+ô $Ù¿Æ¡ÔÕUÆpG ´¾iûÊr;Ö§0ð9ºÕöë0ç¯cJn={T*J1 02<=«VÚ ,³,¿Þ\ï Ë¸´1 êr¹¤lr¸Rz© ÝÛ¨ Sd÷¥aýáÏZfæC@ eejÌNà¦©[Þ²7SZ±ÞÀÃ7P0ÿ�!J`d qVï¥%&6ÏÒ³VðwZL�Aé^§á¿öóèð\jââ;»¾$AÂ&:·Ö¹ i+â?ÅjPc d§ W¾éÖ7Ïoo y[NàãQïYÊïa«Z¬à¼w[X@'#i>ÔxÄÑIè¬Ï5 þ/ÄO ibÖÌµÊ6§·« ¥|ûq$×¼Ó;<rÌÇ$# jÆÞ¤ÏñKF·8FÝé»VOè¿ê4h×æwCÕZ¬ÒäøÃ¨õV0%UâÖ¼ßu _Â¼ú4çi/ÄïIÒáèµNO x\æýÐW/J 7dñn»7ßÔ¦ü V}sSïßÜ ø¬ÀisL.\kû§û×2«b\Ê #©5XPy K9HÔíd$ñ2 üxT²[ê÷H¸&aôæ©@Øt>ÒñL>W/@û®Ë ú2ýi®:8Ü*þ¨\ØÞG<QÔT¡_7MVï OÐÕÛH78éBKÇzZ\[AâKhÂép²cüqù×qöA¦-çÃ[ôÁf*ÄgÕy Ê¼[b5Rüþ¢©E)QÖ­DáÆiõÄ }ÅUÆAÇj(¦I^P08 sU WåENPÒ#Ø{ S QEHF ÆÐ0¿¨ªªq}ñEBevbgóªí(ÏQ@&sÜÅ`<Þ\ÅË cE,¤OÄS/ÎoïgËRð6äÑE²´d8;íéRÛ²ùÒÈÇ© QLC®.cR±`Ìx""³çòO h÷ÍR Gyê77¡äVb³7ÍIØWþY_Æ(@6 ©.&ÜÀ3¯cÿ�-*ÂB�E°oNñLö¢hw È¬#Û ¹Ëó¾ï»ßÝ¢RÜÔ¶·ó¡H³ûÎGÞQV!q (þfe8`¾Ut¨^ ¤Hãy¯ÌVOZu´ |¿1 xình¢¡jÊeß0º¬qÎOü¤ü#Þ®Î¦D\Û® Q îÚ*n4Qå]FÄù{x`Ó5Zúþ;$hàLö�cÇ×Ïó¢M9ëÇ ó3Æ9<»¢Ýµ$(ÁÁ¢KV6lÌ0K´Ï *7ëýjÜ""O*h Âóçh¢¬¹¸[ta\Ç�Py'¯õ¬É.=ÐEBIVÆâ}¨¢)buXP¤ùFæÃu4ø[ÊÁåBcÍT,vnw ±ß z¦""alåÏËE\#*bû±Ilæ5?)!~n4Q@Dìªåw Ç+nòß1NæÏ+ÑE�9â°$³¤j""d2¶s¿#QIìRÜé®ü<#""O3Ü÷¬»¯ M ªJ!o½°QEy*¤®{nZ.i 1Î..T4­È^Éÿ�×®<$ô¢ÆSÙÓÆ´Q`x^4Æñ§""òV* çcN`(¹ïPÉáõ^�¢h9ÙSþíÓ.áòÕq´åT¢we&Wÿ�d4Ý0z/À2QFâæhzh6âBJg=*ôzD¿pt¢i!9;ù1Cª¢¥YBàg(«#p¸»®8ª¾sJçË tÍUZûß*ÐQ0 dêR ä)ö¢« 6ÌÇ%"",~V|Î­ 3×QMù9ËqH!=9¢¢ ¢]1¿w#Ú¦+ z (©êh¶*ÌÀË´p� Õ Ö :óE©Ü5Þ ¹ü*Ì®v(àc(¨{ÇáTW8ç°ê*)ïóqïEH�7?©oèES& sÇ52Æ¤á°=è¢h$ç8íM*K`rÔQM$O³` zsïS$(8ÎzQEjvJüÄ Õ¨¢À cmRÉ|8=1#ÂëEQ3ôp;w« (­âsÈÒ¶\îGõ­x@  («1eåîjPxÈüè¢C$ H(¢""Ó{ÑExéHzj(¦ #¨ªsæ) Å¾H¬)À Z(¥-e cBÅ&ß)H'4Q\²;#°Íµ±OjÔ·¸^(¢®$HÒ·¸ ¼jI%]¾Ú+FÌR¹u&sÀÖ-ÓÙî:QED¬2å¹ÎxÁªlÌû:QEsÈé Bî×¹çÚT¾QÐâ+#{hW(Fù¤NÞ;wÖ*AÚ Ý¥YrS§=h¢d¨�H�*GOQUX¯¥Ræ´v@ úÕ¨g`r½ú(­ Æ+rÆC GzcÃ9¢jö#mÑ¿Ïø±·~F:ÑEj å Òù © úQE\Ib/1Æ­ 67}h¢´F,zÆN)Z#E@1àË)ÈÏ½RcC|Ç' Z°·:¸Z(¬¦m»]Ü!ÚÒ·×5Yï. [ÜE6±NîîYá*ÍA ÖwDÆ8'î(©cL§u¥­Æ^ÝpÝÔ×9â` ¼¨Ç°ëú×.×,(¢Èf±TÁ¢�\ÓQ@ ´Q³´QL*i9 ¨¢iÀÑE0,D{WCâ¨üÉ4«áÒæÂ<uùOò¢TÓ>k;¤ôÚÕ¹¦D pG¢hé~EÂW°0ÉÜF>ªE|úãkô8¢$8ëRÇ)J(©(ÿÙ","https://www.kelso.com, https://www.kelso.com/sites/default/files/styles/hero_carousel/public/2020-04/OUR%20APPROACH%20-%20We%20Provide%20More%20than%20Just%20Capital.jpg?itok=sukLV2B0"
www.mcpfunds.com,"Monomoy Capital Partners Completes Acquisition of Jiffy Lube from Shell | Targeted Sectors We seek companies in sectors where our operational acumen can make a real impact | We seek companies in sectors where our operational acumen can make a real impact | Portfolio Related July 21, 2026 Waupaca Foundry Strengthens Plant Reliability Through Major Infrastructure Upgrade Read More Portfolio Related May 28, 2026 Monomoy Capital Partners Acquires Texas Pride Trailers Read More Portfolio Related May 13, 2026 Japs-Olson Rebrand: Positioning for the Future of Direct Mail Read More Portfolio Related April 1, 2026 Printing at Scale: Resource Management at Japs-Olson Read More Portfolio Related March 9, 2026 Monomoy Capital Partners Signs Definitive Agreement to Acquire Jiffy Lube from Shell Read More Portfolio Related October 6, 2025 Monomoy-Backed Thetford Expands RV Distribution Capabilities with Acquisition of Dave Carter & Associates Read More Portfolio Related June 24, 2025 Supporting Management Teams: Monomoy’s Partnership with Astro Shapes Read More Portfolio Related March 19, 2025 Monomoy Capital Partners: Bridging Family Legacy and Excellence in the Japs-Olson Transition Read More Portfolio Related January 30, 2025 Monomoy’s Partnership with Astro Shapes, a Spotlight on Leadership and Growth Read More Portfolio Related January 28, 2025 Monomoy Finalizes Sale of Astro Shapes, A Leading Manufacturer of Custom Aluminum Extrusions Read More Portfolio Related November 14, 2024 Monomoy’s Approach to Creating Value with Our Portfolio Companies Read More Portfolio Related November 4, 2024 Monomoy Acquires Oliver Packaging and Equipment Read More | Industrial and Consumer Sectors Manufacturing, Distribution, and Services Business Models Market Leading Positions Family Owned Businesses, Corporate Carve-Outs and Take-Privates Sustainable Growth Trajectory Businesses Facing an Inflection Point | Monomoy Capital Partners Signs Definitive Agreement to Acquire Jiffy Lube from Shell | Supporting Management Teams: Monomoy’s Partnership with Astro Shapes | Monomoy Capital Partners: Bridging Family Legacy and Excellence in the Japs-Olson Transition","https://www.mcpfunds.com, https://www.mcpfunds.com/investments"
www.peakequity.com,One Focus:Software Investments About PeakEquity Our Investments View Portfolio Our Investments View Portfolio Creating value through Operational Support Our operational advantage Product Product Management and Development Strategic Road-Mapping Scalability Go-to-Market Sales and Marketing Strategy Positioning Channel Partnerships People Organizational Design Talent Recruitment Incentive Structures Process Strategic Planning Framework Cross Functional Interlock Leading Indicator Metrics Investment and Operating Experience is In our DNA meet the team News PeakEquity Partners Announces Growth Investment in Art Storefronts May | 2024 HighLevel Announces Minority Growth Investment from General Atlantic April | 2024 Thoma Bravo Completes Strategic Investment in PeakEquity Portfolio Company Grayshift July | 2022 PeakEquity Partners Leads Over $60 Million Investment in HighLevel November | 2021 VIEW ALL PeakEquity Partners Leads Investment in Grayshift December | 2020 Successfully Exits EnterpriseDB July | 2019 Closes Investment to Support Xeeva’s Growth Plans April | 2018 Closes First Institutional Fund at Over $137 Million February | 2017 PeakEquity Partners Announces Growth Investment in Art StorefrontsMay | 2024HighLevel Announces Minority Growth Investment from General AtlanticApril | 2024Thoma Bravo Completes Strategic Investment in PeakEquity Portfolio Company GrayshiftJuly | 2022PeakEquity Partners Leads Over $60 Million Investment in HighLevelNovember | 2021PeakEquity Partners Successfully Exits G5September | 2021PeakEquity Partners Leads Investment in GrayshiftDecember | 2020Successfully Exits EnterpriseDBJuly | 2019Closes Investment to Support Xeeva’s Growth PlansApril | 2018 | One Focus:Software Investments About PeakEquity Our Investments View Portfolio Our Investments View Portfolio Creating value through Operational Support Our operational advantage Product Product Management and Development Strategic Road-Mapping Scalability Go-to-Market Sales and Marketing Strategy Positioning Channel Partnerships People Organizational Design Talent Recruitment Incentive Structures Process Strategic Planning Framework Cross Functional Interlock Leading Indicator Metrics Investment and Operating Experience is In our DNA meet the team News PeakEquity Partners Announces Growth Investment in Art Storefronts May | 2024 HighLevel Announces Minority Growth Investment from General Atlantic April | 2024 Thoma Bravo Completes Strategic Investment in PeakEquity Portfolio Company Grayshift July | 2022 PeakEquity Partners Leads Over $60 Million Investment in HighLevel November | 2021 VIEW ALL PeakEquity Partners Leads Investment in Grayshift December | 2020 Successfully Exits EnterpriseDB July | 2019 Closes Investment to Support Xeeva’s Growth Plans April | 2018 Closes First Institutional Fund at Over $137 Million February | 2017 PeakEquity Partners Announces Growth Investment in Art StorefrontsMay | 2024HighLevel Announces Minority Growth Investment from General AtlanticApril | 2024Thoma Bravo Completes Strategic Investment in PeakEquity Portfolio Company GrayshiftJuly | 2022PeakEquity Partners Leads Over $60 Million Investment in HighLevelNovember | 2021PeakEquity Partners Successfully Exits G5September | 2021PeakEquity Partners Leads Investment in GrayshiftDecember | 2020Successfully Exits EnterpriseDBJuly | 2019Closes Investment to Support Xeeva’s Growth PlansApril | 2018 | PeakEquity Partners Announces Growth Investment in Art Storefronts May | 2024 | PeakEquity Partners Announces Growth Investment in Art Storefronts May | 2024 | PeakEquity Partners Announces Growth Investment in Art Storefronts,https://www.peakequity.com
www.gores.com,"We are a global investment firm focused on partnering with differentiated businesses that can benefit from our extensive industry knowledge and decades long experience OUR HISTORY 35 years of experience investing in, growing, and operating differentiated businesses Read More About Our History OUR APPROACH Highly selective investing in sectors where our team has deep domain expertise Learn More About Our Approach OUR TEAM Team of professionals with extensive investment and operating experience Meet Our Team RECENT ANNOUNCEMENTS GORES HOLDINGS X, INC. Gores Holdings X, Inc. Completes $360 Million IPO. NEWS: HOSTESS J.M. Smucker to Buy Twinkies Maker Hostess Brands in $5.6 Billion deal. TRANSACTION: US FARATHANE US Farathane and Atlas Holdings announce signing of definitive agreement for Atlas to acquire USF from The Gores Group in partnership with USF CEO Andy Greenlee. WATCH: POLESTAR Click to watch Polestar ring the Nasdaq opening bell. TRANSACTION: POLESTAR Polestar, global premium EV company, and Gores Guggenheim announce closing of business combination. UPDATE: POLESTAR Polestar to debut first electric performance SUV, Polestar 3, in October 2022. GORES HOLDINGS IX, INC. Gores Holdings IX, Gores’ fourteenth special purpose acquisition company, completes $525 Million IPO. TRANSACTION: POLESTAR Polestar, global premium EV company, signs definitive agreement to be publicly listed through combination with Gores Guggenheim, Inc., resulting in an implied enterprise value of $20 billion. TRANSACTION: ARDAGH Ardagh Metal Packaging, a global leader in the supply of sustainable and infinitely-recyclable beverage cans, and Gores Holdings V announce the completion of their previously announced business combination. EXPERIENCE: MATTERPORT Matterport, the spatial data company leading the digital transformation of the built world, begins trading today on Nasdaq under ticker “MTTR” and invites the world to virtually experience the iconic bell ringing ceremony at the Nasdaq MarketSite. TRANSACTION: MATTERPORT Matterport, the spatial data company leading the digital transformation of the built world, and Gores Holdings VI announce the completion of their previously announced business combination. GORES GUGGENHEIM, INC. Gores Guggenheim, a partnership sponsored by affiliates of The Gores Group and Guggenheim Capital, completes $800 Million IPO. GORES HOLDINGS VIII, INC. Gores Holdings VIII, Gores’ tenth special purpose acquisition company, completes $345 Million IPO. GORES HOLDINGS VII, INC. Gores Holdings VII, Gores’ ninth special purpose acquisition company, completes $550 Million IPO. GORES HOLDINGS X, INC. Gores Holdings X, Inc. Completes $360 Million IPO. NEWS: HOSTESS J.M. Smucker to buy Twinkies maker Hostess Brands in $5.6 billion deal. TRANSACTION: US FARATHANE US Farathane and Atlas Holdings announce signing of definitive agreement for Atlas to acquire USF from The Gores Group in partnership with USF CEO Andy Greenlee. WATCH: POLESTAR Click to watch Polestar ring the Nasdaq opening bell. TRANSACTION: POLESTAR Polestar, global premium EV company, and Gores Guggenheim announce closing of business combination. UPDATE: POLESTAR Polestar to debut first electric performance SUV, Polestar 3, in October 2022. GORES HOLDINGS IX, INC. Gores Holdings IX, Gores’ fourteenth special purpose acquisition company, completes $525 Million IPO. TRANSACTION: POLESTAR Polestar, global premium EV company, signs definitive agreement to be publicly listed through combination with Gores Guggenheim, Inc., resulting in an implied enterprise value of $20 billion. TRANSACTION: ARDAGH Ardagh Metal Packaging, a global leader in the supply of sustainable and infinitely-recyclable beverage cans, and Gores Holdings V announce the completion of their previously announced business combination. EXPERIENCE: MATTERPORT Matterport, the spatial data company leading the digital transformation of the built world, begins trading today on Nasdaq under ticker “MTTR” and invites the world to virtually experience the iconic bell ringing ceremony at the Nasdaq MarketSite. TRANSACTION: MATTERPORT Matterport, the spatial data company leading the digital transformation of the built world, and Gores Holdings VI announce the completion of their previously announced business combination. GORES GUGGENHEIM, INC. Gores Guggenheim, a partnership sponsored by affiliates of The Gores Group and Guggenheim Capital, completes $800 Million IPO. GORES HOLDINGS VIII, INC. Gores Holdings VIII, Gores’ tenth special purpose acquisition company, completes $345 Million IPO. HEADQUARTERS BEVERLY HILLS, CALIFORNIA 9800 Wilshire Boulevard Beverly Hills, CA 90212 T 310 209 3010 F 310 209 3310 Note: Gores Special Purpose Acquisition Companies (SPACs) are separate entities from The Gores Group with separate management, although there is overlap in size / industry of target acquisition and personnel involved. Any historical results of these transactions are not necessarily indicative of the future performance. For a full list of transactions executed by The Gores Group, please visit our All Portfolio page. | Note: Gores Special Purpose Acquisition Companies (SPACs) are separate entities from The Gores Group with separate management, although there is overlap in size / industry of target acquisition and personnel involved. Any historical results of these transactions are not necessarily indicative of the future performance. For a full list of transactions executed by The Gores Group, please visit our All Portfolio page. | Note: Gores Special Purpose Acquisition Companies (SPACs) are separate entities from The Gores Group with separate management, although there is overlap in size / industry of target acquisition and personnel involved. Any historical results of these transactions are not necessarily indicative of the future performance. For a full list of transactions executed by The Gores Group, please visit our All Portfolio page. | OUR APPROACH Highly selective investing in sectors where our team has deep domain expertise Learn More About Our Approach | Gores Guggenheim, a partnership sponsored by affiliates of The Gores Group and Guggenheim Capital, completes $800 Million IPO. | Our Approach We have a deep appreciation for building businesses and creating value alongside management FOCUSED We make private investments deploying capital in differentiated businesses across core sectors where we have extensive industry knowledge. We are also a sponsor of special purpose acquisition companies (“SPACs”), making investments in what we believe are public ready, differentiated companies with experienced management teams, compelling growth opportunities and strong cash flows. We only deploy capital in partnerships where we have high conviction. TARGET COMPANY PROFILE PRIVATE INVESTMENTS Family Office: Up to $200 million equity investments in mature businesses with stable and resilient free cash flow profiles Holding Company: $500 million to $3 billion equity investments in scaled industry leaders with iconic brands in growing sectors PUBLIC READY INVESTMENTS Invest in and introduce compelling companies to the public markets with enterprise values from $1 to $30 billion FOR PRIVATE INVESTMENTS, WE FOCUS ON THESE CORE SECTORS FLEXIBLE We invest our own capital allowing for maximum flexibility to creatively structure investments for the benefit of all stakeholders. This flexibility allows us to consider a wide-range of opportunities, and find the optimal structures for the benefit of the businesses in which we invest. PARTNERS FOR THE LONG-TERM Our long-term investment horizon allows for a true partnership and alignment with management teams. With a hands-on approach core to our DNA, our team works with management to affect a shared goal: building stronger businesses and creating significant long-term and measurable value for all stakeholders. Note: Gores Special Purpose Acquisition Companies (SPACs) are separate entities from The Gores Group with separate management, although there is overlap in size/industry of target acquisition and personnel involved. Any historical results of these transactions are not necessarily indicative of the future performance. For a full list of transactions executed by The Gores Group, please visit our All Portfolio page. | FOCUSED We make private investments deploying capital in differentiated businesses across core sectors where we have extensive industry knowledge. We are also a sponsor of special purpose acquisition companies (“SPACs”), making investments in what we believe are public ready, differentiated companies with experienced management teams, compelling growth opportunities and strong cash flows. We only deploy capital in partnerships where we have high conviction. | PARTNERS FOR THE LONG-TERM Our long-term investment horizon allows for a true partnership and alignment with management teams. With a hands-on approach core to our DNA, our team works with management to affect a shared goal: building stronger businesses and creating significant long-term and measurable value for all stakeholders. | Note: Gores Special Purpose Acquisition Companies (SPACs) are separate entities from The Gores Group with separate management, although there is overlap in size/industry of target acquisition and personnel involved. Any historical results of these transactions are not necessarily indicative of the future performance. For a full list of transactions executed by The Gores Group, please visit our All Portfolio page. | Note: Gores Special Purpose Acquisition Companies (SPACs) are separate entities from The Gores Group with separate management, although there is overlap in size/industry of target acquisition and personnel involved. Any historical results of these transactions are not necessarily indicative of the future performance. For a full list of transactions executed by The Gores Group, please visit our All Portfolio page.","https://www.gores.com, https://www.gores.com/our-approach"
www.lasallecapital.com,"At LaSalle Capital, we leverage our industry expertise and operational resources to help small businesses accelerate growth and overcome challenges. We look for value-added businesses in the food & beverage ecosystem, seeking to invest between $10 and $30 million in equity in each platform, often through a series of investments to fund growth, plant expansion and acquisitions. | At LaSalle Capital, we leverage our industry expertise and operational resources to help small businesses accelerate growth and overcome challenges. We look for value-added businesses in the food & beverage ecosystem, seeking to invest between $10 and $30 million in equity in each platform, often through a series of investments to fund growth, plant expansion and acquisitions. | We make control equity investments in value-added, premium quality food and beverage manufacturers, unique agriculture operations, and specialty B2B supply chain companies. We utilize a strategic and hands-on investment approach that respects the knowledge and experience of those who built and operate the businesses with which we invest and leverages our deep industry expertise to support future growth and margin enhancement. | Founded in 2004, LaSalle Capital has deep domain expertise and a proven track record of successful investments in the food & beverage ecosystem. | Header_Farm-to-TableInvesting FromFarm-to-TableHeader_ProductionBuilding Leading Companies in the Food and Beverage EcosystemHeader_Great Lakes_@3xHighly Experienced, Cohesive Team",https://www.lasallecapital.com
www.nep.com,,Failed to Connect
www.equifincapital.com,,Failed to Connect
www.corinthiancap.com,"We make good companies better. We conduct a disciplined and replicable investment approach that has been successful for decades. We tailor our plan to the unique needs of every company. We actively manage each portfolio company, ensuring that business initiatives are targeted to result in the highest value creation. Our problem-solving approach helps us identify what our companies need in order to grow. Our structured methodology is designed to result in the attractive returns that our investors expect. Our Services Investment Criteria We invest in companies with a demonstrated history of… read more Who We Are Founder-owned and operated investment firm with an average of 20 years working together… read more Portfolio We build stronger companies alongside management… read more | We actively manage each portfolio company, ensuring that business initiatives are targeted to result in the highest value creation. | We actively manage each portfolio company, ensuring that business initiatives are targeted to result in the highest value creation. | Investments Throughout our history as investors, across many sectors and economic cycles, we believe we have proven to be the right partners to help owners and executives achieve their goals. Please read about existing and realized Corinthian Capital portfolio companies below. All Investments Current Investments Prior Investments Trimlight Salt Lake City, UT Trimlight is a pioneer in the development and manufacturing of permanent exterior lighting for residential, commercial, and municipal applications Read More Best Lighting Pataskala, OH Best Lighting is the largest designer and manufacturer of private-label emergency and exit lighting products in the United States. Read More Control Solutions Aurora, IL Control Solutions is a designer, assembler, and marketer of innovative, microprocessor-based motion control products for a variety Read More Renegade Granbury, TX Renegade is a leading provider of recurring wellhead production and infrastructure services... Read More Excelin Home Health Dallas, TX Excelin Home Health is a Texas-based home health company offering skilled care for patients and their families from the comfort of their... Read More M&R Roselle, IL M&R, headquartered in the Chicago, IL metropolitan area, is the leading, global manufacturer of apparel screen-printing equipment... Read More Ultimate Toys Cincinnati, OH Ultimate Toys is one of the fastest growing designer and marketer of Class B RV luxury vehicles in the U.S. Founded in 2017 Read More AVL Digital Group Pennsauken, NJ AVL Digital is the world’s leading self-publishing platform for independent content creators... Beta International Houston, TX Beta is a worldwide supplier of valves, piping materials, and specialty items to the oil and gas, pipeline .... Friedrich Air Conditioning St. Peter, MN Friedrich manufactures and distributes premium air conditioning products. GroupAero GroupAero provides advanced engineering, design and manufacturing services... MetroGistics St. Louis, MO MetroGistics is a premium, asset-light car haul service provider that offers quality automotive logistics... PMTG Okemos, MI PMTG is the leading enclosed automobile carrier in the Northeast, Mid-Atlantic... Sabre Industries Alvarado, TX Sabre is a leading provider of a broad array of highly engineered products for the wireless... Wolf-Gordon Long Island City, NY Wolf-Gordon is a leading designer, marketer, and distributor of wallcovering and upholstery.... Alumacraft Boat Co. St. Peter, MN Alumacraft is a leading manufacturer of branded 10 to 20 foot aluminum fishing boats for lake and river use. Sierra Hamilton Houston, TX Sierra Hamilton is one of the largest providers of drilling-related engineering and consulting .... EASTERN WHOLESALE FENCE Medford, NY Eastern Wholesale Fence is a leading regional manufacturer of high quality residential and commercial fence Metaltec Canton, MI Metaltec is the leading manufacturer of metal abrasive materials, which are used in blast cleaning, surface profiling, and renovating... Trimlight Salt Lake City, UT Trimlight is a pioneer in the development and manufacturing of permanent exterior lighting for residential, commercial, and municipal applications Read More Best Lighting Pataskala, OH Best Lighting is the largest designer and manufacturer of private-label emergency and exit lighting products in the United States. Read More Control Solutions Aurora, IL Control Solutions is a designer, assembler, and marketer of innovative, microprocessor-based motion control products for a variety Read More Renegade Granbury, TX Renegade is a leading provider of recurring wellhead production and infrastructure services... Read More Excelin Home Health Dallas, TX Excelin Home Health is a Texas-based home health company offering skilled care for patients and their families from the comfort of their... Read More M&R Roselle, IL M&R, headquartered in the Chicago, IL metropolitan area, is the leading, global manufacturer of apparel screen-printing equipment... Read More Ultimate Toys Cincinnati, OH Ultimate Toys is one of the fastest growing designer and marketer of Class B RV luxury vehicles in the U.S. Founded in 2017 Read More AVL Digital Group Pennsauken, NJ AVL Digital is the world’s leading self-publishing platform for independent content creators... Beta International Houston, TX Beta is a worldwide supplier of valves, piping materials, and specialty items to the oil and gas, pipeline .... Friedrich Air Conditioning St. Peter, MN Friedrich manufactures and distributes premium air conditioning products. GroupAero GroupAero provides advanced engineering, design and manufacturing services... MetroGistics St. Louis, MO MetroGistics is a premium, asset-light car haul service provider that offers quality automotive logistics... PMTG Okemos, MI PMTG is the leading enclosed automobile carrier in the Northeast, Mid-Atlantic... Sabre Industries Alvarado, TX Sabre is a leading provider of a broad array of highly engineered products for the wireless... Wolf-Gordon Long Island City, NY Wolf-Gordon is a leading designer, marketer, and distributor of wallcovering and upholstery.... Alumacraft Boat Co. St. Peter, MN Alumacraft is a leading manufacturer of branded 10 to 20 foot aluminum fishing boats for lake and river use. Sierra Hamilton Houston, TX Sierra Hamilton is one of the largest providers of drilling-related engineering and consulting .... EASTERN WHOLESALE FENCE Medford, NY Eastern Wholesale Fence is a leading regional manufacturer of high quality residential and commercial fence Metaltec Canton, MI Metaltec is the leading manufacturer of metal abrasive materials, which are used in blast cleaning, surface profiling, and renovating... | Throughout our history as investors, across many sectors and economic cycles, we believe we have proven to be the right partners to help owners and executives achieve their goals. Please read about existing and realized Corinthian Capital portfolio companies below. | Throughout our history as investors, across many sectors and economic cycles, we believe we have proven to be the right partners to help owners and executives achieve their goals. Please read about existing and realized Corinthian Capital portfolio companies below. | AVL Digital is the world’s leading self-publishing platform for independent content creators... | AVL Digital is the world’s leading self-publishing platform for independent content creators...","https://www.corinthiancap.com, https://www.corinthiancap.com/all-investment"
www.1847holdings.com,"PRIVATE EQUITY DISCIPLINE SERVING PUBLIC EQUITY INVESTORS Superior risk-adjusted returns through majority ownership of lower middle market operating subsidiaries. LEARN MORE Get Started 1847 is a publicly traded partnership. Our controlled buying model combines the most attractive attributes of owning private, lower middle market businesses, with the liquidity and transparency of a publicly traded company. OUR VALUE PROPOSITION Look At Things Differently Our experience allows us to map the most profitable path forward, case by case for our portfolio companies, in close collaboration with management. Acquisition Criteria Our Industries 1847 seeks to invest in companies whose business models enable them to drive their own growth. Specialty Retail Business services consumer products Distribution All Industries Meet Our Companies SlideSlideSlideSlide PRESS RELEASES All Press Releases | PRIVATE EQUITY DISCIPLINE SERVING PUBLIC EQUITY INVESTORS Superior risk-adjusted returns through majority ownership of lower middle market operating subsidiaries. LEARN MORE Get Started 1847 is a publicly traded partnership. Our controlled buying model combines the most attractive attributes of owning private, lower middle market businesses, with the liquidity and transparency of a publicly traded company. OUR VALUE PROPOSITION Look At Things Differently Our experience allows us to map the most profitable path forward, case by case for our portfolio companies, in close collaboration with management. Acquisition Criteria Our Industries 1847 seeks to invest in companies whose business models enable them to drive their own growth. Specialty Retail Business services consumer products Distribution All Industries Meet Our Companies SlideSlideSlideSlide PRESS RELEASES All Press Releases | OUR VALUE PROPOSITION Look At Things Differently Our experience allows us to map the most profitable path forward, case by case for our portfolio companies, in close collaboration with management. Acquisition Criteria | PRIVATE EQUITY DISCIPLINE SERVING PUBLIC EQUITY INVESTORS Superior risk-adjusted returns through majority ownership of lower middle market operating subsidiaries. LEARN MORE Get Started | 1847 is a publicly traded partnership. Our controlled buying model combines the most attractive attributes of owning private, lower middle market businesses, with the liquidity and transparency of a publicly traded company. | ABOUT US Who We Are 1847 is a publicly traded partnership. Our controlled buying model combines the most attractive attributes of owning private, lower middle market businesses, with the liquidity and transparency of a publicly traded company. We are not lenders or minority owners. Our operational characteristics are based on simplicity, focus, speed, and flexibility. Our experience allows us to map the most profitable path forward, case by case for our portfolio companies, in close collaboration with management. We provide shareholders with non-correlated returns while allowing shareholders to liquidate their position in 1847 Holdings LLC at any point during an investment timeline. Our unique structure permits flow-through tax treatment for shareholders. As a result, 1847 will seek to generate returns for shareholders through consistent, annual distributions of operating subsidiary income and capital appreciation resulting from the timely sale of operating subsidiaries. Founded over 10 years ago 0 (including our recent acquisition of ICU) $ 20 M Current Operating Subsidiaries 0 WHY 1847? The 1847 brand is a historical reference to the year in which the Liberian Republic declared itself independent: July 26, 1847. The independence of Liberia marked the final stage of a US colonization project, implemented in 1816, to repatriate black Americans to Africa. July 26th is celebrated nationally as Independence Day of Liberia.Liberia was the first and the only black independent Republic in Africa. Its Constitution, form of government, and flag were modeled after the United States. Liberia’s capitol of Monrovia was named after the 5th US President, James Monroe.Ellery Roberts, the founder and CEO of 1847, visited Liberia in 1978 as a precocious 8 year old. This visit cemented his fascination with the history of Liberia and its unique relationship with the United States. In 2013, when Mr. Roberts decided to formalize his investment strategy to target lower middle market companies as the foundation of building a public conglomerate, he thought it was an opportune time to honor his lineage. This included his Liberian mother (Eleanor W. Baker), grandfather (Col. Nathaniel H. S. Baker, Sr), grandmother (Tenneh Barclay), and great grandfather (Edwin J. Barclay).Colonel Baker served in The Liberian Frontier Force, and worked for two Liberian Presidential administrations: as a senior government official under President William V. S. Tubman, and in a national security advisory role for President William R. Tolbert. Tenneh was a school teacher, and the adopted daughter of 18th Liberian President Edwin J. Barclay, and his wife Euphemia. President Barclay served from 1930 – 1944, and was a committed US ally during World War II.Eleanor, now a naturalized US citizen, came to the United States after graduation from High School to attend Syracuse University. There, she met and fell in love with her husband Lewis F. Roberts. They have been married for 54 years. MORE THAN INVESTMENTS When people think of companies leading the business world, all the same big multinational, multibillion-dollar companies come to mind, but the truth is, small businesses are the backbone of the American economy.Small businesses account for about 44 percent of total U.S. economic activity, and create more than 66 percent of all new jobs, according to the U.S. Small Business Administration. And that sector is the bread and butter for 1847 Holdings. Our mission is not just about empowering those companies to grow and become market leaders, but also about helping the communities they serve. When communities thrive, the businesses that serve them grow and thrive, as well.That’s why when we purchased our wholly-owned subsidiary Kyles Custom Wood Shop in Ada County, Idaho, we partnered with the local Boys & Girls Clubs of America chapter. The children served by this organization are not just our future leaders, but also our future consumers.Community engagement not only fosters good will –it also fosters good business. OUR STRUCTURE Leveraging an expansive network of deal flow contacts in a niche of the private company arena often overlooked by investment banks and larger private equity funds, we are ideally positioned to scale and manage our portfolio, repeat past successes, and ultimately generate significant value for shareholders. For Investors OUR COMPANIES 1847 seeks to invest in companies whose business models enable them to drive their own growth. These are our current subsidiaries. See Our companies RECENT News All Press Releases Looking for the potential of above average returns? Let's Talk | ABOUT US Who We Are 1847 is a publicly traded partnership. Our controlled buying model combines the most attractive attributes of owning private, lower middle market businesses, with the liquidity and transparency of a publicly traded company. We are not lenders or minority owners. Our operational characteristics are based on simplicity, focus, speed, and flexibility. Our experience allows us to map the most profitable path forward, case by case for our portfolio companies, in close collaboration with management. We provide shareholders with non-correlated returns while allowing shareholders to liquidate their position in 1847 Holdings LLC at any point during an investment timeline. Our unique structure permits flow-through tax treatment for shareholders. As a result, 1847 will seek to generate returns for shareholders through consistent, annual distributions of operating subsidiary income and capital appreciation resulting from the timely sale of operating subsidiaries. Founded over 10 years ago 0 (including our recent acquisition of ICU) $ 20 M Current Operating Subsidiaries 0 WHY 1847? The 1847 brand is a historical reference to the year in which the Liberian Republic declared itself independent: July 26, 1847. The independence of Liberia marked the final stage of a US colonization project, implemented in 1816, to repatriate black Americans to Africa. July 26th is celebrated nationally as Independence Day of Liberia.Liberia was the first and the only black independent Republic in Africa. Its Constitution, form of government, and flag were modeled after the United States. Liberia’s capitol of Monrovia was named after the 5th US President, James Monroe.Ellery Roberts, the founder and CEO of 1847, visited Liberia in 1978 as a precocious 8 year old. This visit cemented his fascination with the history of Liberia and its unique relationship with the United States. In 2013, when Mr. Roberts decided to formalize his investment strategy to target lower middle market companies as the foundation of building a public conglomerate, he thought it was an opportune time to honor his lineage. This included his Liberian mother (Eleanor W. Baker), grandfather (Col. Nathaniel H. S. Baker, Sr), grandmother (Tenneh Barclay), and great grandfather (Edwin J. Barclay).Colonel Baker served in The Liberian Frontier Force, and worked for two Liberian Presidential administrations: as a senior government official under President William V. S. Tubman, and in a national security advisory role for President William R. Tolbert. Tenneh was a school teacher, and the adopted daughter of 18th Liberian President Edwin J. Barclay, and his wife Euphemia. President Barclay served from 1930 – 1944, and was a committed US ally during World War II.Eleanor, now a naturalized US citizen, came to the United States after graduation from High School to attend Syracuse University. There, she met and fell in love with her husband Lewis F. Roberts. They have been married for 54 years. MORE THAN INVESTMENTS When people think of companies leading the business world, all the same big multinational, multibillion-dollar companies come to mind, but the truth is, small businesses are the backbone of the American economy.Small businesses account for about 44 percent of total U.S. economic activity, and create more than 66 percent of all new jobs, according to the U.S. Small Business Administration. And that sector is the bread and butter for 1847 Holdings. Our mission is not just about empowering those companies to grow and become market leaders, but also about helping the communities they serve. When communities thrive, the businesses that serve them grow and thrive, as well.That’s why when we purchased our wholly-owned subsidiary Kyles Custom Wood Shop in Ada County, Idaho, we partnered with the local Boys & Girls Clubs of America chapter. The children served by this organization are not just our future leaders, but also our future consumers.Community engagement not only fosters good will –it also fosters good business. OUR STRUCTURE Leveraging an expansive network of deal flow contacts in a niche of the private company arena often overlooked by investment banks and larger private equity funds, we are ideally positioned to scale and manage our portfolio, repeat past successes, and ultimately generate significant value for shareholders. For Investors OUR COMPANIES 1847 seeks to invest in companies whose business models enable them to drive their own growth. These are our current subsidiaries. See Our companies RECENT News All Press Releases Looking for the potential of above average returns? Let's Talk | ABOUT US Who We Are 1847 is a publicly traded partnership. Our controlled buying model combines the most attractive attributes of owning private, lower middle market businesses, with the liquidity and transparency of a publicly traded company. We are not lenders or minority owners. Our operational characteristics are based on simplicity, focus, speed, and flexibility. Our experience allows us to map the most profitable path forward, case by case for our portfolio companies, in close collaboration with management. We provide shareholders with non-correlated returns while allowing shareholders to liquidate their position in 1847 Holdings LLC at any point during an investment timeline. Our unique structure permits flow-through tax treatment for shareholders. As a result, 1847 will seek to generate returns for shareholders through consistent, annual distributions of operating subsidiary income and capital appreciation resulting from the timely sale of operating subsidiaries. Founded over 10 years ago 0 (including our recent acquisition of ICU) $ 20 M Current Operating Subsidiaries 0 WHY 1847? The 1847 brand is a historical reference to the year in which the Liberian Republic declared itself independent: July 26, 1847. The independence of Liberia marked the final stage of a US colonization project, implemented in 1816, to repatriate black Americans to Africa. July 26th is celebrated nationally as Independence Day of Liberia.Liberia was the first and the only black independent Republic in Africa. Its Constitution, form of government, and flag were modeled after the United States. Liberia’s capitol of Monrovia was named after the 5th US President, James Monroe.Ellery Roberts, the founder and CEO of 1847, visited Liberia in 1978 as a precocious 8 year old. This visit cemented his fascination with the history of Liberia and its unique relationship with the United States. In 2013, when Mr. Roberts decided to formalize his investment strategy to target lower middle market companies as the foundation of building a public conglomerate, he thought it was an opportune time to honor his lineage. This included his Liberian mother (Eleanor W. Baker), grandfather (Col. Nathaniel H. S. Baker, Sr), grandmother (Tenneh Barclay), and great grandfather (Edwin J. Barclay).Colonel Baker served in The Liberian Frontier Force, and worked for two Liberian Presidential administrations: as a senior government official under President William V. S. Tubman, and in a national security advisory role for President William R. Tolbert. Tenneh was a school teacher, and the adopted daughter of 18th Liberian President Edwin J. Barclay, and his wife Euphemia. President Barclay served from 1930 – 1944, and was a committed US ally during World War II.Eleanor, now a naturalized US citizen, came to the United States after graduation from High School to attend Syracuse University. There, she met and fell in love with her husband Lewis F. Roberts. They have been married for 54 years. MORE THAN INVESTMENTS When people think of companies leading the business world, all the same big multinational, multibillion-dollar companies come to mind, but the truth is, small businesses are the backbone of the American economy.Small businesses account for about 44 percent of total U.S. economic activity, and create more than 66 percent of all new jobs, according to the U.S. Small Business Administration. And that sector is the bread and butter for 1847 Holdings. Our mission is not just about empowering those companies to grow and become market leaders, but also about helping the communities they serve. When communities thrive, the businesses that serve them grow and thrive, as well.That’s why when we purchased our wholly-owned subsidiary Kyles Custom Wood Shop in Ada County, Idaho, we partnered with the local Boys & Girls Clubs of America chapter. The children served by this organization are not just our future leaders, but also our future consumers.Community engagement not only fosters good will –it also fosters good business. OUR STRUCTURE Leveraging an expansive network of deal flow contacts in a niche of the private company arena often overlooked by investment banks and larger private equity funds, we are ideally positioned to scale and manage our portfolio, repeat past successes, and ultimately generate significant value for shareholders. For Investors OUR COMPANIES 1847 seeks to invest in companies whose business models enable them to drive their own growth. These are our current subsidiaries. See Our companies RECENT News All Press Releases Looking for the potential of above average returns? Let's Talk | 1847 is a publicly traded partnership. Our controlled buying model combines the most attractive attributes of owning private, lower middle market businesses, with the liquidity and transparency of a publicly traded company. We are not lenders or minority owners. Our operational characteristics are based on simplicity, focus, speed, and flexibility. Our experience allows us to map the most profitable path forward, case by case for our portfolio companies, in close collaboration with management. | 1847 is a publicly traded partnership. Our controlled buying model combines the most attractive attributes of owning private, lower middle market businesses, with the liquidity and transparency of a publicly traded company. We are not lenders or minority owners. Our operational characteristics are based on simplicity, focus, speed, and flexibility. Our experience allows us to map the most profitable path forward, case by case for our portfolio companies, in close collaboration with management.","https://www.1847holdings.com, https://www.1847holdings.com/about"
www.pfingsten.com,,Failed to Connect
www.kkr.com,"Companies The companies we invest in benefit from more than just our capital. As trusted partners, we aim to help them achieve operational excellence and provide expertise across a variety of industries and markets. View our portfolio | The companies we invest in benefit from more than just our capital. As trusted partners, we aim to help them achieve operational excellence and provide expertise across a variety of industries and markets. | Family Capital Our global Family Capital team is dedicated to helping families and entrepreneurs find solutions for their unique investment needs. Partner with our Family Capital team | 50 years of excellence 50 years of partnership 50 years of performance 50 years of innovation | KKR has acquired Arctos, a premier institutional investor in professional sports franchise stakes globally and a leader in asset management solutions. | Electrifying Transportation Globally Category Energy Transition Company Zenobe Industry Industrials Founded in 2017 and headquartered in London, Zenobē is a global player in electrification solutions for fleets and battery storage solutions for grid network infrastructure, with leading positions in the UK, Australia and New Zealand, and a growing presence in continental Europe. Today, Zenobē is one of the leading fleet electrification platforms in the world, helping bus and increasingly HGV operating companies to decarbonize their fleets and meet emission-reduction objectives. Related Shared Success Stories Investing in Renewables through Asset-Based Finance Energy Transition Powering Europe’s Energy Transition at Scale Energy Transition Developing the Global Carbon Market Energy Transition Investing in Renewable Infrastructure and Supporting Communities Energy Transition We believe in the power of together and shared success. LEARN MORE | Founded in 2017 and headquartered in London, Zenobē is a global player in electrification solutions for fleets and battery storage solutions for grid network infrastructure, with leading positions in the UK, Australia and New Zealand, and a growing presence in continental Europe. Today, Zenobē is one of the leading fleet electrification platforms in the world, helping bus and increasingly HGV operating companies to decarbonize their fleets and meet emission-reduction objectives. | Novaria Group Celebrates Employee Ownership Milestone Category Ownership Cultures Company Novaria Group Industry Industrials KKR first invested in Novaria Group (“Novaria” or the “Company”) in 2020 and supported the management team and the company in more than tripling in size through 13 strategic add-on acquisitions that broadened its product portfolio and enhanced its manufacturing footprint. Throughout the partnership, Novaria’s employees fostered an ownership mindset that drove remarkable results: Safety: Improvements reduced the total recordable incident rate by over 60% since 2021Talent Retention: Achieved an almost 20% reduction in voluntary turnover since 2021Ownership Culture: Achieved top-quartile performance among manufacturing companies on the Ownership Works index In November 2025, KKR announced the sale of Novaria to Arcline Investment Management. As a result of the sale, all of the Company’s more than 1,600 employees received cash payouts. In the video below, team members from Novaria and KKR reflect on the partnership and the impact that collective effort and ownership cultures can have. PLAY VIDEO PLAY VIDEO Since 2011, we have supported companies in implementing broad-based employee ownership programs throughout our portfolio, and in 2022, KKR committed to deploying the ownership model in all new control investments across the entire Americas Private Equity platform. To date, 85 KKR portfolio companies have awarded billions of dollars in equity to over 190,000 non-senior management employees. KKR is also a founding partner of the cross-sector initiative Ownership Works, a nonprofit on a mission to increase prosperity by developing and implementing broad-based employee ownership programs. Related Shared Success Stories Flow Control Group Achieves Employee Ownership Milestone Ownership Cultures Japanese Pharma Contract Manufacturer Celebrates Milestone Broad-Based Company Ownership Program Ownership Cultures ISC Employee Owners Demonstrate the Power of Ownership Culture Ownership Cultures Dawsongroup Launches Employee Ownership Program Ownership Cultures Minnesota Rubber and Plastics Shows Impact of Employee Ownership Ownership Cultures Japanese Software Provider Launches Broad-Based Ownership Program Ownership Cultures Employees at Geostabilization International Celebrate a New Ownership Milestone Ownership Cultures Cotiviti Launches Employee Ownership Program Ownership Cultures Marmic Fire & Safety Establishes Employee Ownership Program Ownership Cultures We believe in the power of together and shared success. LEARN MORE | KKR first invested in Novaria Group (“Novaria” or the “Company”) in 2020 and supported the management team and the company in more than tripling in size through 13 strategic add-on acquisitions that broadened its product portfolio and enhanced its manufacturing footprint. Throughout the partnership, Novaria’s employees fostered an ownership mindset that drove remarkable results: Safety: Improvements reduced the total recordable incident rate by over 60% since 2021Talent Retention: Achieved an almost 20% reduction in voluntary turnover since 2021Ownership Culture: Achieved top-quartile performance among manufacturing companies on the Ownership Works index In November 2025, KKR announced the sale of Novaria to Arcline Investment Management. As a result of the sale, all of the Company’s more than 1,600 employees received cash payouts. In the video below, team members from Novaria and KKR reflect on the partnership and the impact that collective effort and ownership cultures can have. | Since 2011, we have supported companies in implementing broad-based employee ownership programs throughout our portfolio, and in 2022, KKR committed to deploying the ownership model in all new control investments across the entire Americas Private Equity platform. To date, 85 KKR portfolio companies have awarded billions of dollars in equity to over 190,000 non-senior management employees. KKR is also a founding partner of the cross-sector initiative Ownership Works, a nonprofit on a mission to increase prosperity by developing and implementing broad-based employee ownership programs. | Since 2011, we have supported companies in implementing broad-based employee ownership programs throughout our portfolio, and in 2022, KKR committed to deploying the ownership model in all new control investments across the entire Americas Private Equity platform. To date, 85 KKR portfolio companies have awarded billions of dollars in equity to over 190,000 non-senior management employees. KKR is also a founding partner of the cross-sector initiative Ownership Works, a nonprofit on a mission to increase prosperity by developing and implementing broad-based employee ownership programs. | KKR first invested in Novaria Group (“Novaria” or the “Company”) in 2020 and supported the management team and the company in more than tripling in size through 13 strategic add-on acquisitions that broadened its product portfolio and enhanced its manufacturing footprint.","https://www.kkr.com, https://www.kkr.com/approach/shared-success/zenobe, https://www.kkr.com/approach/shared-success/novaria-group"
